order_date,order_id,customer_id,customer,segment,channel,product_id,product,category,quantity,unit_price,discount_pct,line_total,returned
2025-09-09,1001,11,Cole Marsh,Regular,Referral,25,Sheet Mask,Beauty,1,8.59,0,8.59,0
2025-09-09,1002,50,Drew Brooks,Champion,Email,39,RC Car,Toys,1,33.63,0,33.63,0
2025-09-09,1002,50,Drew Brooks,Champion,Email,13,Webcam,Electronics,2,64,0,128,0
2025-09-09,1003,63,Cole Bauer,Champion,Organic,36,Puzzle 500pc,Toys,1,44.86,10,40.37,0
2025-09-09,1003,63,Cole Bauer,Champion,Organic,28,SPF 50 Lotion,Beauty,1,34.44,0,34.44,0
2025-09-09,1003,63,Cole Bauer,Champion,Organic,26,Shampoo Bar,Beauty,1,33.06,5,31.41,0
2025-09-09,1004,73,Mateo Tan,At-Risk,Social,15,Smart Plug,Electronics,1,110.18,0,110.18,0
2025-09-09,1004,73,Mateo Tan,At-Risk,Social,33,Jump Rope,Sports,2,33.41,0,66.82,0
2025-09-09,1005,85,Jamie Bauer,New,Email,2,Hoodie,Apparel,1,19.91,0,19.91,0
2025-09-09,1006,101,Noel Ibarra,Loyal,Paid Search,4,Joggers,Apparel,2,42.18,5,80.14,0
2025-09-09,1006,101,Noel Ibarra,Loyal,Paid Search,39,RC Car,Toys,3,33.63,0,100.89,0
2025-09-09,1007,114,Avery Marsh,Loyal,Social,6,Beanie,Apparel,1,30.7,10,27.63,0
2025-09-09,1008,126,Devon Costa,New,Paid Search,9,Wireless Earbuds,Electronics,1,94.29,0,94.29,0
2025-09-09,1008,126,Devon Costa,New,Paid Search,26,Shampoo Bar,Beauty,1,33.06,0,33.06,0
2025-09-09,1009,129,Avery Ahmed,Regular,Organic,13,Webcam,Electronics,1,64,0,64,0
2025-09-09,1010,151,Harper Patel,Loyal,Social,19,Cutting Board,Home,3,53.71,0,161.13,0
2025-09-09,1010,151,Harper Patel,Loyal,Social,14,Power Bank,Electronics,1,64.37,0,64.37,0
2025-09-09,1011,172,Morgan Okafor,Loyal,Direct,25,Sheet Mask,Beauty,1,8.59,0,8.59,0
2025-09-09,1011,172,Morgan Okafor,Loyal,Direct,8,Chino Pants,Apparel,1,64.72,0,64.72,0
2025-09-09,1012,185,Kai Bauer,Loyal,Direct,27,Hand Cream,Beauty,3,18.43,0,55.29,0
2025-09-09,1012,185,Kai Bauer,Loyal,Direct,25,Sheet Mask,Beauty,1,8.59,5,8.16,1
2025-09-09,1013,188,Priya Park,Loyal,Organic,23,Vitamin C Serum,Beauty,1,32.33,5,30.71,1
2025-09-09,1013,188,Priya Park,Loyal,Organic,37,Plush Bear,Toys,2,15.95,10,28.71,0
2025-09-09,1013,188,Priya Park,Loyal,Organic,13,Webcam,Electronics,1,64,5,60.8,0
2025-09-09,1013,188,Priya Park,Loyal,Organic,26,Shampoo Bar,Beauty,1,33.06,5,31.41,0
2025-09-09,1014,276,Riley Costa,Loyal,Referral,28,SPF 50 Lotion,Beauty,1,34.44,10,31,0
2025-09-09,1014,276,Riley Costa,Loyal,Referral,23,Vitamin C Serum,Beauty,1,32.33,10,29.1,0
2025-09-09,1014,276,Riley Costa,Loyal,Referral,21,Storage Bin,Home,1,28.6,10,25.74,0
2025-09-09,1014,276,Riley Costa,Loyal,Referral,30,Water Bottle,Sports,1,46.55,0,46.55,0
2025-09-09,1015,292,Cole Marsh,Champion,Direct,20,Towel Set,Home,3,19.75,0,59.25,0
2025-09-09,1016,331,Tessa Brooks,Regular,Paid Search,20,Towel Set,Home,1,19.75,10,17.78,0
2025-09-09,1017,393,Nora Ibarra,New,Organic,10,USB-C Cable,Electronics,3,117.18,0,351.54,0
2025-09-09,1017,393,Nora Ibarra,New,Organic,35,Building Blocks,Toys,1,32.84,0,32.84,0
2025-09-09,1017,393,Nora Ibarra,New,Organic,25,Sheet Mask,Beauty,1,8.59,0,8.59,0
2025-09-09,1017,393,Nora Ibarra,New,Organic,9,Wireless Earbuds,Electronics,1,94.29,0,94.29,0
2025-09-09,1018,398,Harper Larsen,Loyal,Paid Search,30,Water Bottle,Sports,1,46.55,5,44.22,0
2025-09-09,1019,516,Maya Cohen,Loyal,Email,20,Towel Set,Home,1,19.75,10,17.78,0
2025-09-09,1019,516,Maya Cohen,Loyal,Email,32,Foam Roller,Sports,1,65.98,10,59.38,1
2025-09-09,1020,578,Nora Marsh,Champion,Social,5,Socks 3-Pack,Apparel,1,65.81,0,65.81,0
2025-09-09,1021,606,Ivy Novak,At-Risk,Organic,28,SPF 50 Lotion,Beauty,1,34.44,0,34.44,0
2025-09-09,1022,656,Priya Tan,Regular,Social,34,Running Belt,Sports,1,29.4,0,29.4,0
2025-09-09,1022,656,Priya Tan,Regular,Social,15,Smart Plug,Electronics,1,110.18,0,110.18,0
2025-09-09,1023,709,Ezra Mendez,Loyal,Referral,20,Towel Set,Home,1,19.75,10,17.78,0
2025-09-09,1024,716,Iris Reyes,Champion,Email,14,Power Bank,Electronics,1,64.37,0,64.37,0
2025-09-09,1025,748,Maya Reid,Loyal,Email,40,Art Kit,Toys,2,53.64,5,101.92,0
2025-09-09,1025,748,Maya Reid,Loyal,Email,30,Water Bottle,Sports,1,46.55,10,41.9,0
2025-09-09,1026,858,Morgan Marsh,Loyal,Referral,13,Webcam,Electronics,1,64,0,64,0
2025-09-09,1026,858,Morgan Marsh,Loyal,Referral,26,Shampoo Bar,Beauty,1,33.06,5,31.41,0
2025-09-09,1026,858,Morgan Marsh,Loyal,Referral,10,USB-C Cable,Electronics,1,117.18,10,105.46,0
2025-09-09,1026,858,Morgan Marsh,Loyal,Referral,30,Water Bottle,Sports,1,46.55,10,41.9,0
2025-09-09,1027,919,Quinn Ibarra,Regular,Referral,27,Hand Cream,Beauty,1,18.43,0,18.43,0
2025-09-09,1028,987,Jordan Sullivan,Champion,Paid Search,32,Foam Roller,Sports,1,65.98,0,65.98,0
2025-09-09,1028,987,Jordan Sullivan,Champion,Paid Search,32,Foam Roller,Sports,1,65.98,0,65.98,0
2025-09-09,1028,987,Jordan Sullivan,Champion,Paid Search,15,Smart Plug,Electronics,2,110.18,0,220.36,1
2025-09-09,1028,987,Jordan Sullivan,Champion,Paid Search,18,LED Lamp,Home,3,50.85,0,152.55,0
2025-09-09,1029,998,Lila Yamada,Champion,Email,10,USB-C Cable,Electronics,1,117.18,15,99.6,0
2025-09-10,1030,26,Maya Reid,Regular,Paid Search,25,Sheet Mask,Beauty,1,8.59,0,8.59,0
2025-09-10,1031,60,Quinn Ibarra,Regular,Direct,11,Phone Case,Electronics,1,22.01,0,22.01,0
2025-09-10,1032,66,Devon Reyes,Champion,Organic,30,Water Bottle,Sports,2,46.55,5,88.45,0
2025-09-10,1033,71,Wren Mendez,New,Organic,12,Bluetooth Speaker,Electronics,3,98.02,25,220.55,0
2025-09-10,1033,71,Wren Mendez,New,Organic,35,Building Blocks,Toys,1,32.84,10,29.56,0
2025-09-10,1034,144,Nora Ibarra,New,Referral,9,Wireless Earbuds,Electronics,3,94.29,0,282.87,0
2025-09-10,1034,144,Nora Ibarra,New,Referral,22,Scented Candle,Home,2,18.98,0,37.96,0
2025-09-10,1034,144,Nora Ibarra,New,Referral,11,Phone Case,Electronics,1,22.01,0,22.01,0
2025-09-10,1035,145,Iris Yamada,Loyal,Direct,38,Board Game,Toys,1,37.99,0,37.99,0
2025-09-10,1036,151,Harper Patel,Loyal,Social,25,Sheet Mask,Beauty,1,8.59,0,8.59,0
2025-09-10,1036,151,Harper Patel,Loyal,Social,3,Denim Jacket,Apparel,1,65.95,10,59.36,0
2025-09-10,1037,193,Nora Cohen,Loyal,Paid Search,34,Running Belt,Sports,3,29.4,0,88.2,0
2025-09-10,1037,193,Nora Cohen,Loyal,Paid Search,33,Jump Rope,Sports,2,33.41,0,66.82,0
2025-09-10,1037,193,Nora Cohen,Loyal,Paid Search,21,Storage Bin,Home,1,28.6,10,25.74,0
2025-09-10,1038,218,Taylor Patel,Champion,Paid Search,14,Power Bank,Electronics,3,64.37,0,193.11,0
2025-09-10,1039,268,Cole Yamada,Loyal,Direct,19,Cutting Board,Home,1,53.71,15,45.65,0
2025-09-10,1039,268,Cole Yamada,Loyal,Direct,30,Water Bottle,Sports,2,46.55,25,69.82,0
2025-09-10,1040,284,Sasha Okafor,Regular,Social,12,Bluetooth Speaker,Electronics,1,98.02,20,78.42,0
2025-09-10,1040,284,Sasha Okafor,Regular,Social,35,Building Blocks,Toys,1,32.84,25,24.63,0
2025-09-10,1041,338,Ivy Patel,Regular,Email,23,Vitamin C Serum,Beauty,1,32.33,0,32.33,0
2025-09-10,1042,385,Hugo Patel,Loyal,Paid Search,39,RC Car,Toys,1,33.63,0,33.63,0
2025-09-10,1043,402,Owen Fischer,New,Direct,13,Webcam,Electronics,1,64,0,64,1
2025-09-10,1044,431,Mateo Ibarra,Loyal,Referral,37,Plush Bear,Toys,1,15.95,5,15.15,0
2025-09-10,1044,431,Mateo Ibarra,Loyal,Referral,27,Hand Cream,Beauty,1,18.43,10,16.59,0
2025-09-10,1045,455,Casey Ahmed,Loyal,Email,36,Puzzle 500pc,Toys,1,44.86,25,33.64,0
2025-09-10,1045,455,Casey Ahmed,Loyal,Email,27,Hand Cream,Beauty,2,18.43,10,33.17,0
2025-09-10,1046,468,Reese Flynn,Regular,Social,3,Denim Jacket,Apparel,2,65.95,0,131.9,0
2025-09-10,1046,468,Reese Flynn,Regular,Social,18,LED Lamp,Home,1,50.85,0,50.85,0
2025-09-10,1046,468,Reese Flynn,Regular,Social,35,Building Blocks,Toys,1,32.84,0,32.84,0
2025-09-10,1046,468,Reese Flynn,Regular,Social,8,Chino Pants,Apparel,3,64.72,0,194.16,0
2025-09-10,1047,471,Ivy Fischer,Champion,Email,22,Scented Candle,Home,1,18.98,0,18.98,0
2025-09-10,1047,471,Ivy Fischer,Champion,Email,14,Power Bank,Electronics,1,64.37,5,61.15,0
2025-09-10,1047,471,Ivy Fischer,Champion,Email,33,Jump Rope,Sports,1,33.41,0,33.41,0
2025-09-10,1048,491,Kai Okafor,Regular,Direct,9,Wireless Earbuds,Electronics,3,94.29,0,282.87,0
2025-09-10,1049,554,Noel Cohen,Champion,Paid Search,38,Board Game,Toys,1,37.99,0,37.99,0
2025-09-10,1049,554,Noel Cohen,Champion,Paid Search,34,Running Belt,Sports,2,29.4,0,58.8,0
2025-09-10,1050,582,Taylor Park,Regular,Direct,36,Puzzle 500pc,Toys,1,44.86,0,44.86,0
2025-09-10,1051,657,Maya Osei,Loyal,Direct,38,Board Game,Toys,1,37.99,25,28.49,0
2025-09-10,1052,667,Maya Petrov,Champion,Paid Search,16,Throw Pillow,Home,1,19.11,10,17.2,0
2025-09-10,1052,667,Maya Petrov,Champion,Paid Search,33,Jump Rope,Sports,2,33.41,10,60.14,0
2025-09-10,1052,667,Maya Petrov,Champion,Paid Search,38,Board Game,Toys,1,37.99,10,34.19,0
2025-09-10,1052,667,Maya Petrov,Champion,Paid Search,23,Vitamin C Serum,Beauty,1,32.33,25,24.25,0
2025-09-10,1053,678,Mateo Cohen,Champion,Social,32,Foam Roller,Sports,1,65.98,15,56.08,0
2025-09-10,1053,678,Mateo Cohen,Champion,Social,33,Jump Rope,Sports,1,33.41,20,26.73,0
2025-09-10,1054,680,Maya Walsh,Regular,Social,12,Bluetooth Speaker,Electronics,1,98.02,0,98.02,0
2025-09-10,1054,680,Maya Walsh,Regular,Social,31,Resistance Bands,Sports,1,65.69,0,65.69,0
2025-09-10,1055,696,Riley Tan,Champion,Referral,35,Building Blocks,Toys,3,32.84,10,88.67,0
2025-09-10,1055,696,Riley Tan,Champion,Referral,37,Plush Bear,Toys,1,15.95,0,15.95,0
2025-09-10,1056,748,Maya Reid,Loyal,Email,28,SPF 50 Lotion,Beauty,1,34.44,0,34.44,0
2025-09-10,1057,762,Leo Flynn,Regular,Referral,21,Storage Bin,Home,1,28.6,0,28.6,0
2025-09-10,1058,773,Ivy Yamada,Loyal,Email,10,USB-C Cable,Electronics,1,117.18,25,87.89,0
2025-09-10,1059,866,Leo Carter,Loyal,Organic,12,Bluetooth Speaker,Electronics,1,98.02,0,98.02,1
2025-09-10,1060,897,Wren Khan,Loyal,Paid Search,28,SPF 50 Lotion,Beauty,1,34.44,5,32.72,0
2025-09-10,1060,897,Wren Khan,Loyal,Paid Search,34,Running Belt,Sports,1,29.4,0,29.4,0
2025-09-10,1061,975,Jordan Park,Loyal,Paid Search,34,Running Belt,Sports,1,29.4,0,29.4,0
2025-09-11,1062,72,Kai Petrov,Regular,Social,35,Building Blocks,Toys,1,32.84,0,32.84,0
2025-09-11,1063,75,Jamie Ibarra,Loyal,Email,5,Socks 3-Pack,Apparel,1,65.81,5,62.52,0
2025-09-11,1063,75,Jamie Ibarra,Loyal,Email,40,Art Kit,Toys,1,53.64,0,53.64,0
2025-09-11,1063,75,Jamie Ibarra,Loyal,Email,11,Phone Case,Electronics,3,22.01,0,66.03,0
2025-09-11,1064,78,Cole Bauer,New,Direct,17,Ceramic Mug,Home,2,54.95,0,109.9,0
2025-09-11,1064,78,Cole Bauer,New,Direct,19,Cutting Board,Home,1,53.71,0,53.71,0
2025-09-11,1064,78,Cole Bauer,New,Direct,4,Joggers,Apparel,1,42.18,0,42.18,0
2025-09-11,1064,78,Cole Bauer,New,Direct,29,Yoga Mat,Sports,1,24.63,0,24.63,0
2025-09-11,1065,86,Priya Okafor,Champion,Email,32,Foam Roller,Sports,1,65.98,0,65.98,0
2025-09-11,1065,86,Priya Okafor,Champion,Email,4,Joggers,Apparel,1,42.18,0,42.18,0
2025-09-11,1065,86,Priya Okafor,Champion,Email,2,Hoodie,Apparel,1,19.91,0,19.91,0
2025-09-11,1065,86,Priya Okafor,Champion,Email,11,Phone Case,Electronics,1,22.01,5,20.91,0
2025-09-11,1066,124,Ezra Kowalski,Champion,Social,37,Plush Bear,Toys,1,15.95,10,14.36,0
2025-09-11,1067,161,Quinn Kowalski,At-Risk,Social,30,Water Bottle,Sports,1,46.55,20,37.24,0
2025-09-11,1067,161,Quinn Kowalski,At-Risk,Social,31,Resistance Bands,Sports,2,65.69,25,98.54,0
2025-09-11,1068,270,Casey Ahmed,Loyal,Direct,14,Power Bank,Electronics,1,64.37,10,57.93,0
2025-09-11,1068,270,Casey Ahmed,Loyal,Direct,37,Plush Bear,Toys,1,15.95,0,15.95,0
2025-09-11,1068,270,Casey Ahmed,Loyal,Direct,29,Yoga Mat,Sports,1,24.63,5,23.4,0
2025-09-11,1069,292,Cole Marsh,Champion,Direct,18,LED Lamp,Home,2,50.85,0,101.7,0
2025-09-11,1070,436,Ivy Flynn,Champion,Organic,25,Sheet Mask,Beauty,1,8.59,5,8.16,0
2025-09-11,1071,446,Priya Osei,Loyal,Referral,22,Scented Candle,Home,2,18.98,20,30.37,0
2025-09-11,1072,487,Avery Park,New,Social,16,Throw Pillow,Home,2,19.11,0,38.22,0
2025-09-11,1073,554,Noel Cohen,Champion,Paid Search,28,SPF 50 Lotion,Beauty,1,34.44,10,31,0
2025-09-11,1073,554,Noel Cohen,Champion,Paid Search,9,Wireless Earbuds,Electronics,1,94.29,15,80.15,0
2025-09-11,1074,578,Nora Marsh,Champion,Social,22,Scented Candle,Home,3,18.98,0,56.94,0
2025-09-11,1074,578,Nora Marsh,Champion,Social,36,Puzzle 500pc,Toys,1,44.86,0,44.86,0
2025-09-11,1075,601,Owen Carter,Loyal,Social,20,Towel Set,Home,1,19.75,15,16.79,0
2025-09-11,1075,601,Owen Carter,Loyal,Social,35,Building Blocks,Toys,1,32.84,15,27.91,0
2025-09-11,1076,627,Hugo Sullivan,Champion,Paid Search,36,Puzzle 500pc,Toys,2,44.86,0,89.72,0
2025-09-11,1077,640,Avery Romano,Champion,Organic,16,Throw Pillow,Home,1,19.11,0,19.11,0
2025-09-11,1077,640,Avery Romano,Champion,Organic,37,Plush Bear,Toys,1,15.95,0,15.95,0
2025-09-11,1078,644,Avery Osei,Loyal,Paid Search,37,Plush Bear,Toys,1,15.95,10,14.36,0
2025-09-11,1078,644,Avery Osei,Loyal,Paid Search,30,Water Bottle,Sports,1,46.55,5,44.22,0
2025-09-11,1079,647,Jordan Fischer,Loyal,Organic,27,Hand Cream,Beauty,1,18.43,10,16.59,0
2025-09-11,1079,647,Jordan Fischer,Loyal,Organic,7,Rain Shell,Apparel,1,23.29,5,22.13,0
2025-09-11,1079,647,Jordan Fischer,Loyal,Organic,39,RC Car,Toys,1,33.63,0,33.63,0
2025-09-11,1079,647,Jordan Fischer,Loyal,Organic,28,SPF 50 Lotion,Beauty,1,34.44,10,31,0
2025-09-11,1080,684,Cole Walsh,Regular,Social,3,Denim Jacket,Apparel,1,65.95,0,65.95,0
2025-09-11,1080,684,Cole Walsh,Regular,Social,21,Storage Bin,Home,1,28.6,0,28.6,0
2025-09-11,1081,687,Kai Reid,Loyal,Referral,29,Yoga Mat,Sports,1,24.63,0,24.63,0
2025-09-11,1081,687,Kai Reid,Loyal,Referral,3,Denim Jacket,Apparel,1,65.95,0,65.95,0
2025-09-11,1082,735,Drew Brooks,Loyal,Social,36,Puzzle 500pc,Toys,1,44.86,0,44.86,1
2025-09-11,1083,781,Jordan Hassan,New,Direct,3,Denim Jacket,Apparel,1,65.95,0,65.95,0
2025-09-11,1084,799,Lila Brooks,Loyal,Referral,3,Denim Jacket,Apparel,1,65.95,0,65.95,0
2025-09-11,1084,799,Lila Brooks,Loyal,Referral,15,Smart Plug,Electronics,2,110.18,0,220.36,0
2025-09-11,1085,802,Ezra Brooks,New,Social,24,Lip Balm,Beauty,1,36.1,0,36.1,0
2025-09-11,1085,802,Ezra Brooks,New,Social,6,Beanie,Apparel,1,30.7,0,30.7,0
2025-09-11,1086,816,Hugo Sullivan,Loyal,Organic,29,Yoga Mat,Sports,1,24.63,10,22.17,0
2025-09-11,1086,816,Hugo Sullivan,Loyal,Organic,4,Joggers,Apparel,1,42.18,5,40.07,0
2025-09-11,1086,816,Hugo Sullivan,Loyal,Organic,14,Power Bank,Electronics,1,64.37,10,57.93,0
2025-09-11,1086,816,Hugo Sullivan,Loyal,Organic,16,Throw Pillow,Home,1,19.11,10,17.2,0
2025-09-11,1087,859,Mateo Mendez,Champion,Email,40,Art Kit,Toys,2,53.64,0,107.28,0
2025-09-11,1088,918,Owen Okafor,Loyal,Direct,7,Rain Shell,Apparel,1,23.29,5,22.13,0
2025-09-11,1088,918,Owen Okafor,Loyal,Direct,40,Art Kit,Toys,1,53.64,5,50.96,0
2025-09-11,1088,918,Owen Okafor,Loyal,Direct,13,Webcam,Electronics,3,64,5,182.4,0
2025-09-11,1089,926,Mateo Mendez,New,Direct,37,Plush Bear,Toys,2,15.95,0,31.9,0
2025-09-11,1090,945,Jamie Novak,Champion,Email,2,Hoodie,Apparel,2,19.91,25,29.87,0
2025-09-11,1091,963,Cole Tan,New,Paid Search,4,Joggers,Apparel,1,42.18,0,42.18,0
2025-09-11,1091,963,Cole Tan,New,Paid Search,2,Hoodie,Apparel,3,19.91,0,59.73,0
2025-09-11,1092,967,Morgan Fischer,Loyal,Organic,26,Shampoo Bar,Beauty,1,33.06,10,29.75,0
2025-09-11,1093,991,Reese Osei,Loyal,Referral,18,LED Lamp,Home,1,50.85,0,50.85,0
2025-09-11,1093,991,Reese Osei,Loyal,Referral,24,Lip Balm,Beauty,1,36.1,0,36.1,0
2025-09-11,1093,991,Reese Osei,Loyal,Referral,40,Art Kit,Toys,3,53.64,5,152.87,0
2025-09-11,1093,991,Reese Osei,Loyal,Referral,36,Puzzle 500pc,Toys,1,44.86,0,44.86,0
2025-09-12,1094,19,Rowan Osei,Regular,Organic,10,USB-C Cable,Electronics,1,117.18,20,93.74,0
2025-09-12,1095,20,Ezra Romano,Regular,Email,31,Resistance Bands,Sports,1,65.69,0,65.69,0
2025-09-12,1095,20,Ezra Romano,Regular,Email,18,LED Lamp,Home,1,50.85,0,50.85,0
2025-09-12,1095,20,Ezra Romano,Regular,Email,30,Water Bottle,Sports,3,46.55,0,139.65,0
2025-09-12,1096,36,Iris Park,Champion,Organic,15,Smart Plug,Electronics,1,110.18,15,93.65,0
2025-09-12,1097,50,Drew Brooks,Champion,Email,21,Storage Bin,Home,1,28.6,0,28.6,0
2025-09-12,1098,56,Taylor Carter,New,Email,27,Hand Cream,Beauty,3,18.43,0,55.29,0
2025-09-12,1099,69,Taylor Yamada,Loyal,Email,4,Joggers,Apparel,3,42.18,0,126.54,0
2025-09-12,1100,104,Tessa Diaz,Regular,Email,3,Denim Jacket,Apparel,3,65.95,0,197.85,0
2025-09-12,1100,104,Tessa Diaz,Regular,Email,38,Board Game,Toys,1,37.99,0,37.99,0
2025-09-12,1101,116,Wren Mendez,Champion,Email,4,Joggers,Apparel,1,42.18,0,42.18,0
2025-09-12,1102,184,Kai Ahmed,Champion,Organic,9,Wireless Earbuds,Electronics,3,94.29,0,282.87,0
2025-09-12,1103,207,Quinn Patel,At-Risk,Paid Search,3,Denim Jacket,Apparel,1,65.95,10,59.36,0
2025-09-12,1104,224,Mateo Kowalski,At-Risk,Paid Search,25,Sheet Mask,Beauty,1,8.59,25,6.44,0
2025-09-12,1105,226,Leo Petrov,Champion,Organic,17,Ceramic Mug,Home,3,54.95,0,164.85,1
2025-09-12,1106,238,Avery Reyes,Champion,Referral,18,LED Lamp,Home,2,50.85,25,76.28,0
2025-09-12,1107,295,Priya Diaz,Champion,Paid Search,29,Yoga Mat,Sports,1,24.63,5,23.4,0
2025-09-12,1107,295,Priya Diaz,Champion,Paid Search,5,Socks 3-Pack,Apparel,1,65.81,10,59.23,0
2025-09-12,1108,369,Drew Park,New,Paid Search,25,Sheet Mask,Beauty,1,8.59,0,8.59,0
2025-09-12,1109,471,Ivy Fischer,Champion,Email,10,USB-C Cable,Electronics,1,117.18,0,117.18,0
2025-09-12,1109,471,Ivy Fischer,Champion,Email,6,Beanie,Apparel,3,30.7,5,87.49,0
2025-09-12,1109,471,Ivy Fischer,Champion,Email,16,Throw Pillow,Home,2,19.11,0,38.22,0
2025-09-12,1109,471,Ivy Fischer,Champion,Email,22,Scented Candle,Home,3,18.98,10,51.25,0
2025-09-12,1110,484,Owen Walsh,New,Organic,32,Foam Roller,Sports,2,65.98,0,131.96,0
2025-09-12,1111,492,Drew Petrov,Champion,Social,10,USB-C Cable,Electronics,2,117.18,0,234.36,0
2025-09-12,1112,563,Taylor Reid,New,Paid Search,13,Webcam,Electronics,1,64,0,64,0
2025-09-12,1113,567,Avery Bauer,Loyal,Organic,7,Rain Shell,Apparel,1,23.29,0,23.29,0
2025-09-12,1114,644,Avery Osei,Loyal,Paid Search,1,Crew Tee,Apparel,3,53.87,5,153.53,0
2025-09-12,1115,657,Maya Osei,Loyal,Direct,14,Power Bank,Electronics,1,64.37,10,57.93,0
2025-09-12,1115,657,Maya Osei,Loyal,Direct,23,Vitamin C Serum,Beauty,1,32.33,5,30.71,0
2025-09-12,1115,657,Maya Osei,Loyal,Direct,10,USB-C Cable,Electronics,1,117.18,5,111.32,0
2025-09-12,1115,657,Maya Osei,Loyal,Direct,37,Plush Bear,Toys,2,15.95,0,31.9,0
2025-09-12,1116,705,Jamie Park,Champion,Paid Search,15,Smart Plug,Electronics,1,110.18,20,88.14,0
2025-09-12,1116,705,Jamie Park,Champion,Paid Search,1,Crew Tee,Apparel,1,53.87,20,43.1,0
2025-09-12,1116,705,Jamie Park,Champion,Paid Search,2,Hoodie,Apparel,1,19.91,10,17.92,0
2025-09-12,1117,764,Jordan Flynn,Loyal,Referral,11,Phone Case,Electronics,1,22.01,10,19.81,0
2025-09-12,1118,793,Hugo Osei,Champion,Social,32,Foam Roller,Sports,2,65.98,20,105.57,0
2025-09-12,1118,793,Hugo Osei,Champion,Social,23,Vitamin C Serum,Beauty,3,32.33,10,87.29,0
2025-09-12,1118,793,Hugo Osei,Champion,Social,11,Phone Case,Electronics,1,22.01,10,19.81,0
2025-09-12,1119,817,Jordan Carter,Loyal,Referral,29,Yoga Mat,Sports,1,24.63,0,24.63,0
2025-09-12,1120,819,Nora Mendez,Champion,Paid Search,8,Chino Pants,Apparel,2,64.72,10,116.5,0
2025-09-12,1120,819,Nora Mendez,Champion,Paid Search,3,Denim Jacket,Apparel,1,65.95,10,59.36,0
2025-09-12,1121,937,Avery Romano,Loyal,Social,7,Rain Shell,Apparel,1,23.29,0,23.29,0
2025-09-12,1121,937,Avery Romano,Loyal,Social,29,Yoga Mat,Sports,1,24.63,10,22.17,0
2025-09-12,1122,940,Avery Flynn,Loyal,Direct,40,Art Kit,Toys,1,53.64,0,53.64,0
2025-09-12,1123,963,Cole Tan,New,Paid Search,35,Building Blocks,Toys,3,32.84,20,78.82,0
2025-09-12,1123,963,Cole Tan,New,Paid Search,3,Denim Jacket,Apparel,3,65.95,10,178.07,0
2025-09-12,1124,970,Avery Diaz,Regular,Paid Search,40,Art Kit,Toys,1,53.64,0,53.64,0
2025-09-12,1125,979,Wren Brooks,At-Risk,Organic,19,Cutting Board,Home,1,53.71,25,40.28,1
2025-09-12,1125,979,Wren Brooks,At-Risk,Organic,27,Hand Cream,Beauty,1,18.43,20,14.74,0
2025-09-13,1126,42,Cole Reyes,Champion,Email,14,Power Bank,Electronics,1,64.37,0,64.37,0
2025-09-13,1127,116,Wren Mendez,Champion,Email,24,Lip Balm,Beauty,3,36.1,20,86.64,0
2025-09-13,1127,116,Wren Mendez,Champion,Email,35,Building Blocks,Toys,1,32.84,20,26.27,0
2025-09-13,1128,124,Ezra Kowalski,Champion,Social,32,Foam Roller,Sports,1,65.98,5,62.68,0
2025-09-13,1128,124,Ezra Kowalski,Champion,Social,33,Jump Rope,Sports,2,33.41,10,60.14,0
2025-09-13,1129,160,Hugo Brooks,Loyal,Paid Search,5,Socks 3-Pack,Apparel,1,65.81,0,65.81,0
2025-09-13,1129,160,Hugo Brooks,Loyal,Paid Search,6,Beanie,Apparel,1,30.7,0,30.7,0
2025-09-13,1129,160,Hugo Brooks,Loyal,Paid Search,18,LED Lamp,Home,2,50.85,10,91.53,0
2025-09-13,1130,172,Morgan Okafor,Loyal,Direct,39,RC Car,Toys,2,33.63,10,60.53,0
2025-09-13,1131,234,Kai Walsh,Loyal,Paid Search,12,Bluetooth Speaker,Electronics,1,98.02,0,98.02,0
2025-09-13,1131,234,Kai Walsh,Loyal,Paid Search,5,Socks 3-Pack,Apparel,1,65.81,0,65.81,0
2025-09-13,1131,234,Kai Walsh,Loyal,Paid Search,35,Building Blocks,Toys,1,32.84,0,32.84,0
2025-09-13,1132,274,Drew Flynn,Loyal,Email,30,Water Bottle,Sports,2,46.55,0,93.1,0
2025-09-13,1132,274,Drew Flynn,Loyal,Email,6,Beanie,Apparel,2,30.7,0,61.4,0
2025-09-13,1133,309,Leo Cohen,Loyal,Organic,18,LED Lamp,Home,1,50.85,0,50.85,0
2025-09-13,1134,352,Casey Patel,Regular,Direct,23,Vitamin C Serum,Beauty,1,32.33,0,32.33,0
2025-09-13,1135,376,Ivy Bauer,Loyal,Paid Search,21,Storage Bin,Home,2,28.6,0,57.2,0
2025-09-13,1136,381,Kai Reid,Regular,Email,22,Scented Candle,Home,1,18.98,0,18.98,0
2025-09-13,1137,386,Rowan Mendez,Loyal,Referral,16,Throw Pillow,Home,1,19.11,5,18.15,0
2025-09-13,1138,428,Quinn Diaz,Champion,Paid Search,28,SPF 50 Lotion,Beauty,1,34.44,5,32.72,0
2025-09-13,1139,458,Drew Brooks,New,Email,27,Hand Cream,Beauty,2,18.43,0,36.86,1
2025-09-13,1139,458,Drew Brooks,New,Email,36,Puzzle 500pc,Toys,3,44.86,0,134.58,0
2025-09-13,1140,460,Harper Tan,Champion,Email,37,Plush Bear,Toys,1,15.95,5,15.15,0
2025-09-13,1140,460,Harper Tan,Champion,Email,12,Bluetooth Speaker,Electronics,2,98.02,5,186.24,0
2025-09-13,1141,527,Jamie Fischer,Champion,Referral,31,Resistance Bands,Sports,3,65.69,0,197.07,0
2025-09-13,1141,527,Jamie Fischer,Champion,Referral,33,Jump Rope,Sports,1,33.41,5,31.74,0
2025-09-13,1142,672,Priya Petrov,Loyal,Organic,7,Rain Shell,Apparel,1,23.29,0,23.29,0
2025-09-13,1143,704,Owen Nguyen,Champion,Organic,18,LED Lamp,Home,1,50.85,10,45.77,0
2025-09-13,1144,710,Nora Khan,Champion,Email,13,Webcam,Electronics,1,64,0,64,0
2025-09-13,1145,716,Iris Reyes,Champion,Email,30,Water Bottle,Sports,1,46.55,20,37.24,0
2025-09-13,1145,716,Iris Reyes,Champion,Email,3,Denim Jacket,Apparel,2,65.95,15,112.12,0
2025-09-13,1146,718,Devon Tan,Regular,Paid Search,21,Storage Bin,Home,1,28.6,0,28.6,0
2025-09-13,1146,718,Devon Tan,Regular,Paid Search,1,Crew Tee,Apparel,1,53.87,0,53.87,0
2025-09-13,1146,718,Devon Tan,Regular,Paid Search,40,Art Kit,Toys,2,53.64,0,107.28,0
2025-09-13,1146,718,Devon Tan,Regular,Paid Search,22,Scented Candle,Home,3,18.98,0,56.94,0
2025-09-13,1147,744,Quinn Ahmed,Loyal,Email,13,Webcam,Electronics,1,64,5,60.8,0
2025-09-13,1147,744,Quinn Ahmed,Loyal,Email,16,Throw Pillow,Home,1,19.11,0,19.11,0
2025-09-13,1148,748,Maya Reid,Loyal,Email,13,Webcam,Electronics,1,64,5,60.8,0
2025-09-13,1148,748,Maya Reid,Loyal,Email,38,Board Game,Toys,1,37.99,0,37.99,0
2025-09-13,1148,748,Maya Reid,Loyal,Email,17,Ceramic Mug,Home,1,54.95,0,54.95,0
2025-09-13,1148,748,Maya Reid,Loyal,Email,40,Art Kit,Toys,1,53.64,5,50.96,0
2025-09-13,1149,764,Jordan Flynn,Loyal,Referral,8,Chino Pants,Apparel,1,64.72,15,55.01,0
2025-09-13,1149,764,Jordan Flynn,Loyal,Referral,8,Chino Pants,Apparel,1,64.72,15,55.01,0
2025-09-13,1150,775,Nora Patel,Champion,Paid Search,22,Scented Candle,Home,1,18.98,0,18.98,0
2025-09-13,1151,779,Hugo Ibarra,Loyal,Organic,28,SPF 50 Lotion,Beauty,1,34.44,5,32.72,0
2025-09-13,1152,795,Jamie Reyes,Loyal,Email,39,RC Car,Toys,2,33.63,5,63.9,0
2025-09-13,1152,795,Jamie Reyes,Loyal,Email,39,RC Car,Toys,1,33.63,0,33.63,0
2025-09-13,1152,795,Jamie Reyes,Loyal,Email,32,Foam Roller,Sports,3,65.98,10,178.15,0
2025-09-13,1152,795,Jamie Reyes,Loyal,Email,22,Scented Candle,Home,1,18.98,0,18.98,0
2025-09-13,1153,836,Morgan Larsen,Loyal,Social,27,Hand Cream,Beauty,1,18.43,10,16.59,0
2025-09-13,1153,836,Morgan Larsen,Loyal,Social,24,Lip Balm,Beauty,1,36.1,0,36.1,0
2025-09-13,1153,836,Morgan Larsen,Loyal,Social,4,Joggers,Apparel,1,42.18,0,42.18,0
2025-09-13,1154,886,Ezra Khan,New,Organic,25,Sheet Mask,Beauty,1,8.59,0,8.59,0
2025-09-13,1155,910,Quinn Bauer,Regular,Organic,39,RC Car,Toys,1,33.63,0,33.63,0
2025-09-13,1155,910,Quinn Bauer,Regular,Organic,24,Lip Balm,Beauty,1,36.1,0,36.1,0
2025-09-13,1156,987,Jordan Sullivan,Champion,Paid Search,3,Denim Jacket,Apparel,1,65.95,10,59.36,0
2025-09-13,1156,987,Jordan Sullivan,Champion,Paid Search,3,Denim Jacket,Apparel,2,65.95,10,118.71,0
2025-09-13,1157,998,Lila Yamada,Champion,Email,13,Webcam,Electronics,2,64,15,108.8,0
2025-09-14,1158,14,Maya Hassan,At-Risk,Paid Search,17,Ceramic Mug,Home,1,54.95,15,46.71,0
2025-09-14,1159,50,Drew Brooks,Champion,Email,4,Joggers,Apparel,1,42.18,5,40.07,1
2025-09-14,1159,50,Drew Brooks,Champion,Email,32,Foam Roller,Sports,1,65.98,10,59.38,0
2025-09-14,1159,50,Drew Brooks,Champion,Email,12,Bluetooth Speaker,Electronics,1,98.02,10,88.22,0
2025-09-14,1159,50,Drew Brooks,Champion,Email,39,RC Car,Toys,1,33.63,10,30.27,0
2025-09-14,1160,58,Nora Reyes,New,Email,38,Board Game,Toys,1,37.99,0,37.99,0
2025-09-14,1160,58,Nora Reyes,New,Email,38,Board Game,Toys,1,37.99,0,37.99,0
2025-09-14,1160,58,Nora Reyes,New,Email,30,Water Bottle,Sports,1,46.55,0,46.55,0
2025-09-14,1161,76,Owen Flynn,Champion,Direct,7,Rain Shell,Apparel,1,23.29,20,18.63,0
2025-09-14,1162,85,Jamie Bauer,New,Email,9,Wireless Earbuds,Electronics,1,94.29,0,94.29,0
2025-09-14,1163,89,Wren Yamada,New,Social,20,Towel Set,Home,1,19.75,0,19.75,0
2025-09-14,1163,89,Wren Yamada,New,Social,34,Running Belt,Sports,1,29.4,0,29.4,0
2025-09-14,1163,89,Wren Yamada,New,Social,17,Ceramic Mug,Home,1,54.95,0,54.95,0
2025-09-14,1163,89,Wren Yamada,New,Social,22,Scented Candle,Home,1,18.98,0,18.98,0
2025-09-14,1164,90,Avery Novak,Champion,Paid Search,4,Joggers,Apparel,3,42.18,15,107.56,0
2025-09-14,1164,90,Avery Novak,Champion,Paid Search,8,Chino Pants,Apparel,2,64.72,15,110.02,0
2025-09-14,1165,117,Noel Larsen,Regular,Paid Search,36,Puzzle 500pc,Toys,3,44.86,20,107.66,0
2025-09-14,1166,184,Kai Ahmed,Champion,Organic,2,Hoodie,Apparel,1,19.91,10,17.92,0
2025-09-14,1166,184,Kai Ahmed,Champion,Organic,4,Joggers,Apparel,1,42.18,10,37.96,0
2025-09-14,1167,193,Nora Cohen,Loyal,Paid Search,29,Yoga Mat,Sports,3,24.63,10,66.5,0
2025-09-14,1167,193,Nora Cohen,Loyal,Paid Search,7,Rain Shell,Apparel,1,23.29,0,23.29,0
2025-09-14,1168,238,Avery Reyes,Champion,Referral,30,Water Bottle,Sports,1,46.55,10,41.9,1
2025-09-14,1169,269,Hugo Yamada,Regular,Organic,40,Art Kit,Toys,1,53.64,0,53.64,0
2025-09-14,1170,276,Riley Costa,Loyal,Referral,21,Storage Bin,Home,2,28.6,10,51.48,1
2025-09-14,1170,276,Riley Costa,Loyal,Referral,37,Plush Bear,Toys,1,15.95,25,11.96,0
2025-09-14,1171,277,Priya Patel,Regular,Social,17,Ceramic Mug,Home,2,54.95,0,109.9,0
2025-09-14,1171,277,Priya Patel,Regular,Social,39,RC Car,Toys,1,33.63,0,33.63,0
2025-09-14,1172,292,Cole Marsh,Champion,Direct,13,Webcam,Electronics,1,64,5,60.8,0
2025-09-14,1173,307,Casey Ahmed,Champion,Organic,24,Lip Balm,Beauty,1,36.1,10,32.49,0
2025-09-14,1174,323,Iris Sullivan,Regular,Paid Search,20,Towel Set,Home,1,19.75,0,19.75,0
2025-09-14,1174,323,Iris Sullivan,Regular,Paid Search,23,Vitamin C Serum,Beauty,1,32.33,0,32.33,0
2025-09-14,1175,356,Rowan Hassan,Regular,Email,18,LED Lamp,Home,1,50.85,0,50.85,0
2025-09-14,1176,422,Iris Mendez,Champion,Social,18,LED Lamp,Home,3,50.85,0,152.55,0
2025-09-14,1176,422,Iris Mendez,Champion,Social,23,Vitamin C Serum,Beauty,1,32.33,5,30.71,0
2025-09-14,1176,422,Iris Mendez,Champion,Social,25,Sheet Mask,Beauty,1,8.59,0,8.59,0
2025-09-14,1176,422,Iris Mendez,Champion,Social,23,Vitamin C Serum,Beauty,2,32.33,0,64.66,0
2025-09-14,1177,523,Morgan Flynn,Loyal,Social,40,Art Kit,Toys,1,53.64,10,48.28,0
2025-09-14,1178,542,Ivy Walsh,Regular,Direct,36,Puzzle 500pc,Toys,3,44.86,0,134.58,0
2025-09-14,1179,551,Devon Fischer,Loyal,Social,11,Phone Case,Electronics,1,22.01,10,19.81,0
2025-09-14,1180,589,Kai Brooks,Regular,Email,31,Resistance Bands,Sports,1,65.69,0,65.69,0
2025-09-14,1180,589,Kai Brooks,Regular,Email,37,Plush Bear,Toys,1,15.95,0,15.95,0
2025-09-14,1180,589,Kai Brooks,Regular,Email,17,Ceramic Mug,Home,1,54.95,0,54.95,0
2025-09-14,1181,628,Avery Tan,Regular,Direct,4,Joggers,Apparel,1,42.18,20,33.74,0
2025-09-14,1182,636,Casey Petrov,Loyal,Organic,13,Webcam,Electronics,1,64,20,51.2,0
2025-09-14,1182,636,Casey Petrov,Loyal,Organic,38,Board Game,Toys,2,37.99,15,64.58,0
2025-09-14,1182,636,Casey Petrov,Loyal,Organic,22,Scented Candle,Home,1,18.98,15,16.13,0
2025-09-14,1183,659,Kai Nguyen,New,Referral,21,Storage Bin,Home,1,28.6,0,28.6,1
2025-09-14,1183,659,Kai Nguyen,New,Referral,39,RC Car,Toys,2,33.63,0,67.26,1
2025-09-14,1183,659,Kai Nguyen,New,Referral,2,Hoodie,Apparel,3,19.91,0,59.73,0
2025-09-14,1184,660,Jordan Romano,Loyal,Email,37,Plush Bear,Toys,1,15.95,0,15.95,0
2025-09-14,1184,660,Jordan Romano,Loyal,Email,35,Building Blocks,Toys,2,32.84,5,62.4,0
2025-09-14,1184,660,Jordan Romano,Loyal,Email,12,Bluetooth Speaker,Electronics,2,98.02,10,176.44,0
2025-09-14,1185,662,Morgan Brooks,Regular,Organic,4,Joggers,Apparel,2,42.18,0,84.36,0
2025-09-14,1186,705,Jamie Park,Champion,Paid Search,7,Rain Shell,Apparel,1,23.29,15,19.8,0
2025-09-14,1186,705,Jamie Park,Champion,Paid Search,5,Socks 3-Pack,Apparel,1,65.81,10,59.23,0
2025-09-14,1187,793,Hugo Osei,Champion,Social,1,Crew Tee,Apparel,2,53.87,0,107.74,0
2025-09-14,1188,795,Jamie Reyes,Loyal,Email,13,Webcam,Electronics,3,64,25,144,1
2025-09-14,1188,795,Jamie Reyes,Loyal,Email,5,Socks 3-Pack,Apparel,1,65.81,20,52.65,0
2025-09-14,1189,813,Nora Hassan,Loyal,Referral,1,Crew Tee,Apparel,1,53.87,5,51.18,0
2025-09-14,1189,813,Nora Hassan,Loyal,Referral,13,Webcam,Electronics,1,64,5,60.8,0
2025-09-14,1190,818,Priya Flynn,Regular,Direct,37,Plush Bear,Toys,1,15.95,0,15.95,0
2025-09-14,1190,818,Priya Flynn,Regular,Direct,25,Sheet Mask,Beauty,1,8.59,0,8.59,0
2025-09-14,1191,819,Nora Mendez,Champion,Paid Search,25,Sheet Mask,Beauty,1,8.59,5,8.16,0
2025-09-14,1191,819,Nora Mendez,Champion,Paid Search,4,Joggers,Apparel,3,42.18,5,120.21,0
2025-09-14,1191,819,Nora Mendez,Champion,Paid Search,36,Puzzle 500pc,Toys,2,44.86,0,89.72,0
2025-09-14,1191,819,Nora Mendez,Champion,Paid Search,17,Ceramic Mug,Home,1,54.95,0,54.95,0
2025-09-14,1192,845,Jordan Costa,Champion,Email,1,Crew Tee,Apparel,1,53.87,20,43.1,0
2025-09-14,1193,905,Devon Fischer,Regular,Referral,31,Resistance Bands,Sports,2,65.69,0,131.38,0
2025-09-14,1193,905,Devon Fischer,Regular,Referral,12,Bluetooth Speaker,Electronics,1,98.02,0,98.02,0
2025-09-14,1194,915,Riley Park,Champion,Referral,40,Art Kit,Toys,1,53.64,10,48.28,0
2025-09-14,1195,923,Drew Ibarra,Regular,Email,40,Art Kit,Toys,1,53.64,25,40.23,0
2025-09-14,1195,923,Drew Ibarra,Regular,Email,36,Puzzle 500pc,Toys,1,44.86,25,33.64,0
2025-09-14,1195,923,Drew Ibarra,Regular,Email,17,Ceramic Mug,Home,2,54.95,10,98.91,0
2025-09-14,1196,931,Cole Reid,Champion,Organic,40,Art Kit,Toys,1,53.64,10,48.28,0
2025-09-15,1197,21,Hugo Hassan,At-Risk,Email,1,Crew Tee,Apparel,1,53.87,20,43.1,0
2025-09-15,1198,50,Drew Brooks,Champion,Email,5,Socks 3-Pack,Apparel,3,65.81,25,148.07,0
2025-09-15,1199,140,Cole Marsh,Loyal,Email,27,Hand Cream,Beauty,2,18.43,0,36.86,0
2025-09-15,1200,252,Devon Mendez,Loyal,Email,17,Ceramic Mug,Home,1,54.95,5,52.2,0
2025-09-15,1201,286,Leo Petrov,Champion,Referral,21,Storage Bin,Home,1,28.6,0,28.6,0
2025-09-15,1201,286,Leo Petrov,Champion,Referral,30,Water Bottle,Sports,1,46.55,5,44.22,0
2025-09-15,1201,286,Leo Petrov,Champion,Referral,14,Power Bank,Electronics,2,64.37,0,128.74,0
2025-09-15,1201,286,Leo Petrov,Champion,Referral,37,Plush Bear,Toys,1,15.95,0,15.95,0
2025-09-15,1202,292,Cole Marsh,Champion,Direct,29,Yoga Mat,Sports,2,24.63,0,49.26,0
2025-09-15,1202,292,Cole Marsh,Champion,Direct,5,Socks 3-Pack,Apparel,2,65.81,10,118.46,0
2025-09-15,1203,395,Rowan Hassan,Regular,Referral,40,Art Kit,Toys,2,53.64,0,107.28,0
2025-09-15,1204,460,Harper Tan,Champion,Email,33,Jump Rope,Sports,2,33.41,0,66.82,0
2025-09-15,1205,467,Quinn Khan,Loyal,Direct,16,Throw Pillow,Home,1,19.11,10,17.2,0
2025-09-15,1205,467,Quinn Khan,Loyal,Direct,21,Storage Bin,Home,1,28.6,0,28.6,0
2025-09-15,1205,467,Quinn Khan,Loyal,Direct,26,Shampoo Bar,Beauty,1,33.06,5,31.41,0
2025-09-15,1206,482,Jordan Mendez,Loyal,Email,19,Cutting Board,Home,1,53.71,0,53.71,0
2025-09-15,1206,482,Jordan Mendez,Loyal,Email,31,Resistance Bands,Sports,1,65.69,10,59.12,0
2025-09-15,1206,482,Jordan Mendez,Loyal,Email,9,Wireless Earbuds,Electronics,1,94.29,0,94.29,0
2025-09-15,1206,482,Jordan Mendez,Loyal,Email,33,Jump Rope,Sports,3,33.41,0,100.23,0
2025-09-15,1207,531,Wren Carter,Loyal,Direct,26,Shampoo Bar,Beauty,1,33.06,5,31.41,0
2025-09-15,1207,531,Wren Carter,Loyal,Direct,31,Resistance Bands,Sports,2,65.69,0,131.38,0
2025-09-15,1207,531,Wren Carter,Loyal,Direct,19,Cutting Board,Home,1,53.71,5,51.02,0
2025-09-15,1207,531,Wren Carter,Loyal,Direct,35,Building Blocks,Toys,2,32.84,5,62.4,1
2025-09-15,1208,569,Ivy Reyes,New,Paid Search,6,Beanie,Apparel,1,30.7,0,30.7,0
2025-09-15,1208,569,Ivy Reyes,New,Paid Search,3,Denim Jacket,Apparel,3,65.95,0,197.85,0
2025-09-15,1208,569,Ivy Reyes,New,Paid Search,5,Socks 3-Pack,Apparel,2,65.81,0,131.62,0
2025-09-15,1208,569,Ivy Reyes,New,Paid Search,31,Resistance Bands,Sports,1,65.69,0,65.69,0
2025-09-15,1209,578,Nora Marsh,Champion,Social,3,Denim Jacket,Apparel,2,65.95,0,131.9,0
2025-09-15,1209,578,Nora Marsh,Champion,Social,5,Socks 3-Pack,Apparel,1,65.81,10,59.23,0
2025-09-15,1209,578,Nora Marsh,Champion,Social,37,Plush Bear,Toys,2,15.95,0,31.9,0
2025-09-15,1210,587,Drew Cohen,Loyal,Referral,6,Beanie,Apparel,1,30.7,5,29.17,0
2025-09-15,1210,587,Drew Cohen,Loyal,Referral,18,LED Lamp,Home,1,50.85,10,45.77,0
2025-09-15,1211,718,Devon Tan,Regular,Paid Search,19,Cutting Board,Home,1,53.71,0,53.71,0
2025-09-15,1212,740,Drew Bauer,Regular,Paid Search,19,Cutting Board,Home,3,53.71,0,161.13,0
2025-09-15,1213,836,Morgan Larsen,Loyal,Social,24,Lip Balm,Beauty,1,36.1,20,28.88,0
2025-09-15,1213,836,Morgan Larsen,Loyal,Social,24,Lip Balm,Beauty,1,36.1,20,28.88,0
2025-09-15,1214,915,Riley Park,Champion,Referral,24,Lip Balm,Beauty,1,36.1,10,32.49,0
2025-09-16,1215,25,Morgan Petrov,Champion,Paid Search,6,Beanie,Apparel,1,30.7,15,26.1,0
2025-09-16,1215,25,Morgan Petrov,Champion,Paid Search,33,Jump Rope,Sports,1,33.41,25,25.06,0
2025-09-16,1215,25,Morgan Petrov,Champion,Paid Search,16,Throw Pillow,Home,1,19.11,25,14.33,0
2025-09-16,1215,25,Morgan Petrov,Champion,Paid Search,8,Chino Pants,Apparel,2,64.72,20,103.55,0
2025-09-16,1216,76,Owen Flynn,Champion,Direct,3,Denim Jacket,Apparel,1,65.95,20,52.76,0
2025-09-16,1216,76,Owen Flynn,Champion,Direct,22,Scented Candle,Home,1,18.98,15,16.13,0
2025-09-16,1216,76,Owen Flynn,Champion,Direct,5,Socks 3-Pack,Apparel,1,65.81,25,49.36,0
2025-09-16,1217,124,Ezra Kowalski,Champion,Social,3,Denim Jacket,Apparel,3,65.95,10,178.07,0
2025-09-16,1217,124,Ezra Kowalski,Champion,Social,8,Chino Pants,Apparel,1,64.72,10,58.25,0
2025-09-16,1218,170,Leo Romano,At-Risk,Referral,27,Hand Cream,Beauty,3,18.43,15,47,0
2025-09-16,1218,170,Leo Romano,At-Risk,Referral,19,Cutting Board,Home,2,53.71,25,80.57,0
2025-09-16,1218,170,Leo Romano,At-Risk,Referral,29,Yoga Mat,Sports,1,24.63,15,20.94,1
2025-09-16,1218,170,Leo Romano,At-Risk,Referral,38,Board Game,Toys,2,37.99,25,56.99,0
2025-09-16,1219,189,Noel Romano,Champion,Organic,29,Yoga Mat,Sports,1,24.63,0,24.63,0
2025-09-16,1220,291,Nora Fischer,Regular,Direct,7,Rain Shell,Apparel,2,23.29,10,41.92,0
2025-09-16,1220,291,Nora Fischer,Regular,Direct,35,Building Blocks,Toys,1,32.84,25,24.63,0
2025-09-16,1220,291,Nora Fischer,Regular,Direct,4,Joggers,Apparel,2,42.18,20,67.49,0
2025-09-16,1221,321,Lila Petrov,Loyal,Organic,23,Vitamin C Serum,Beauty,1,32.33,5,30.71,0
2025-09-16,1221,321,Lila Petrov,Loyal,Organic,4,Joggers,Apparel,1,42.18,5,40.07,0
2025-09-16,1222,323,Iris Sullivan,Regular,Paid Search,10,USB-C Cable,Electronics,3,117.18,20,281.23,0
2025-09-16,1222,323,Iris Sullivan,Regular,Paid Search,24,Lip Balm,Beauty,1,36.1,20,28.88,0
2025-09-16,1222,323,Iris Sullivan,Regular,Paid Search,12,Bluetooth Speaker,Electronics,1,98.02,15,83.32,0
2025-09-16,1223,358,Casey Carter,Champion,Organic,20,Towel Set,Home,3,19.75,0,59.25,0
2025-09-16,1223,358,Casey Carter,Champion,Organic,8,Chino Pants,Apparel,1,64.72,0,64.72,0
2025-09-16,1224,461,Lila Tan,Loyal,Social,31,Resistance Bands,Sports,2,65.69,5,124.81,0
2025-09-16,1224,461,Lila Tan,Loyal,Social,2,Hoodie,Apparel,1,19.91,10,17.92,0
2025-09-16,1225,468,Reese Flynn,Regular,Social,36,Puzzle 500pc,Toys,1,44.86,15,38.13,0
2025-09-16,1225,468,Reese Flynn,Regular,Social,31,Resistance Bands,Sports,3,65.69,10,177.36,0
2025-09-16,1226,469,Drew Costa,Regular,Direct,15,Smart Plug,Electronics,1,110.18,0,110.18,0
2025-09-16,1227,615,Jamie Flynn,Regular,Organic,5,Socks 3-Pack,Apparel,1,65.81,0,65.81,0
2025-09-16,1227,615,Jamie Flynn,Regular,Organic,21,Storage Bin,Home,1,28.6,0,28.6,0
2025-09-16,1227,615,Jamie Flynn,Regular,Organic,13,Webcam,Electronics,1,64,0,64,0
2025-09-16,1227,615,Jamie Flynn,Regular,Organic,21,Storage Bin,Home,2,28.6,0,57.2,0
2025-09-16,1228,795,Jamie Reyes,Loyal,Email,40,Art Kit,Toys,2,53.64,5,101.92,0
2025-09-16,1228,795,Jamie Reyes,Loyal,Email,22,Scented Candle,Home,1,18.98,0,18.98,0
2025-09-16,1229,823,Leo Brooks,Loyal,Email,15,Smart Plug,Electronics,1,110.18,0,110.18,0
2025-09-16,1229,823,Leo Brooks,Loyal,Email,34,Running Belt,Sports,1,29.4,5,27.93,0
2025-09-16,1230,841,Morgan Costa,New,Email,40,Art Kit,Toys,2,53.64,25,80.46,0
2025-09-16,1230,841,Morgan Costa,New,Email,20,Towel Set,Home,1,19.75,25,14.81,0
2025-09-16,1231,931,Cole Reid,Champion,Organic,40,Art Kit,Toys,1,53.64,5,50.96,0
2025-09-16,1232,943,Rowan Petrov,New,Direct,1,Crew Tee,Apparel,3,53.87,0,161.61,0
2025-09-16,1232,943,Rowan Petrov,New,Direct,21,Storage Bin,Home,2,28.6,0,57.2,0
2025-09-16,1233,983,Wren Park,Regular,Email,16,Throw Pillow,Home,1,19.11,0,19.11,0
2025-09-16,1233,983,Wren Park,Regular,Email,33,Jump Rope,Sports,2,33.41,0,66.82,0
2025-09-17,1234,17,Casey Khan,Loyal,Referral,10,USB-C Cable,Electronics,1,117.18,0,117.18,0
2025-09-17,1235,50,Drew Brooks,Champion,Email,2,Hoodie,Apparel,1,19.91,5,18.91,0
2025-09-17,1236,63,Cole Bauer,Champion,Organic,1,Crew Tee,Apparel,1,53.87,0,53.87,0
2025-09-17,1237,79,Kai Patel,Loyal,Direct,12,Bluetooth Speaker,Electronics,1,98.02,0,98.02,0
2025-09-17,1237,79,Kai Patel,Loyal,Direct,23,Vitamin C Serum,Beauty,1,32.33,0,32.33,0
2025-09-17,1237,79,Kai Patel,Loyal,Direct,36,Puzzle 500pc,Toys,1,44.86,5,42.62,0
2025-09-17,1237,79,Kai Patel,Loyal,Direct,36,Puzzle 500pc,Toys,1,44.86,0,44.86,0
2025-09-17,1238,85,Jamie Bauer,New,Email,19,Cutting Board,Home,1,53.71,15,45.65,0
2025-09-17,1239,86,Priya Okafor,Champion,Email,29,Yoga Mat,Sports,1,24.63,5,23.4,0
2025-09-17,1240,110,Tessa Yamada,Loyal,Social,9,Wireless Earbuds,Electronics,1,94.29,0,94.29,0
2025-09-17,1241,174,Drew Costa,Champion,Social,34,Running Belt,Sports,2,29.4,10,52.92,0
2025-09-17,1242,226,Leo Petrov,Champion,Organic,20,Towel Set,Home,1,19.75,5,18.76,0
2025-09-17,1243,272,Harper Tan,At-Risk,Direct,30,Water Bottle,Sports,1,46.55,0,46.55,0
2025-09-17,1244,273,Avery Flynn,Loyal,Referral,10,USB-C Cable,Electronics,2,117.18,10,210.92,0
2025-09-17,1244,273,Avery Flynn,Loyal,Referral,39,RC Car,Toys,1,33.63,0,33.63,0
2025-09-17,1245,292,Cole Marsh,Champion,Direct,10,USB-C Cable,Electronics,1,117.18,5,111.32,0
2025-09-17,1245,292,Cole Marsh,Champion,Direct,31,Resistance Bands,Sports,1,65.69,0,65.69,0
2025-09-17,1246,301,Nora Kowalski,At-Risk,Direct,27,Hand Cream,Beauty,1,18.43,15,15.67,0
2025-09-17,1247,303,Owen Novak,Regular,Paid Search,39,RC Car,Toys,1,33.63,0,33.63,0
2025-09-17,1247,303,Owen Novak,Regular,Paid Search,39,RC Car,Toys,1,33.63,0,33.63,0
2025-09-17,1248,382,Owen Okafor,New,Social,13,Webcam,Electronics,1,64,0,64,0
2025-09-17,1248,382,Owen Okafor,New,Social,3,Denim Jacket,Apparel,1,65.95,0,65.95,0
2025-09-17,1248,382,Owen Okafor,New,Social,19,Cutting Board,Home,1,53.71,0,53.71,0
2025-09-17,1248,382,Owen Okafor,New,Social,33,Jump Rope,Sports,2,33.41,0,66.82,0
2025-09-17,1249,402,Owen Fischer,New,Direct,14,Power Bank,Electronics,1,64.37,0,64.37,0
2025-09-17,1249,402,Owen Fischer,New,Direct,6,Beanie,Apparel,1,30.7,0,30.7,0
2025-09-17,1250,423,Ivy Petrov,New,Social,5,Socks 3-Pack,Apparel,1,65.81,0,65.81,0
2025-09-17,1251,424,Riley Marsh,New,Paid Search,25,Sheet Mask,Beauty,2,8.59,0,17.18,0
2025-09-17,1252,467,Quinn Khan,Loyal,Direct,6,Beanie,Apparel,1,30.7,10,27.63,0
2025-09-17,1253,510,Drew Cohen,Loyal,Email,17,Ceramic Mug,Home,1,54.95,0,54.95,0
2025-09-17,1254,700,Owen Cohen,Champion,Social,30,Water Bottle,Sports,1,46.55,10,41.9,0
2025-09-17,1254,700,Owen Cohen,Champion,Social,37,Plush Bear,Toys,1,15.95,10,14.36,0
2025-09-17,1255,744,Quinn Ahmed,Loyal,Email,5,Socks 3-Pack,Apparel,2,65.81,5,125.04,0
2025-09-17,1256,751,Riley Kowalski,Champion,Direct,34,Running Belt,Sports,1,29.4,5,27.93,0
2025-09-17,1257,764,Jordan Flynn,Loyal,Referral,23,Vitamin C Serum,Beauty,1,32.33,10,29.1,1
2025-09-17,1258,846,Jamie Novak,Loyal,Email,23,Vitamin C Serum,Beauty,1,32.33,0,32.33,0
2025-09-17,1258,846,Jamie Novak,Loyal,Email,5,Socks 3-Pack,Apparel,1,65.81,0,65.81,0
2025-09-17,1259,852,Sasha Ahmed,Champion,Referral,8,Chino Pants,Apparel,1,64.72,0,64.72,0
2025-09-17,1260,857,Noel Osei,Champion,Referral,4,Joggers,Apparel,1,42.18,10,37.96,0
2025-09-17,1260,857,Noel Osei,Champion,Referral,37,Plush Bear,Toys,3,15.95,10,43.07,0
2025-09-17,1261,915,Riley Park,Champion,Referral,40,Art Kit,Toys,2,53.64,0,107.28,0
2025-09-17,1261,915,Riley Park,Champion,Referral,20,Towel Set,Home,1,19.75,0,19.75,0
2025-09-17,1262,923,Drew Ibarra,Regular,Email,18,LED Lamp,Home,2,50.85,20,81.36,0
2025-09-17,1262,923,Drew Ibarra,Regular,Email,28,SPF 50 Lotion,Beauty,1,34.44,20,27.55,0
2025-09-17,1262,923,Drew Ibarra,Regular,Email,16,Throw Pillow,Home,2,19.11,15,32.49,0
2025-09-17,1262,923,Drew Ibarra,Regular,Email,14,Power Bank,Electronics,1,64.37,25,48.28,0
2025-09-17,1263,953,Jamie Reid,Champion,Referral,8,Chino Pants,Apparel,2,64.72,0,129.44,0
2025-09-17,1263,953,Jamie Reid,Champion,Referral,30,Water Bottle,Sports,1,46.55,0,46.55,0
2025-09-17,1263,953,Jamie Reid,Champion,Referral,22,Scented Candle,Home,2,18.98,10,34.16,0
2025-09-17,1264,960,Wren Mendez,Champion,Social,4,Joggers,Apparel,2,42.18,5,80.14,0
2025-09-17,1264,960,Wren Mendez,Champion,Social,10,USB-C Cable,Electronics,1,117.18,5,111.32,0
2025-09-17,1264,960,Wren Mendez,Champion,Social,37,Plush Bear,Toys,1,15.95,0,15.95,0
2025-09-17,1265,967,Morgan Fischer,Loyal,Organic,1,Crew Tee,Apparel,1,53.87,10,48.48,0
2025-09-17,1265,967,Morgan Fischer,Loyal,Organic,38,Board Game,Toys,1,37.99,10,34.19,0
2025-09-17,1266,992,Jamie Osei,Loyal,Email,2,Hoodie,Apparel,1,19.91,25,14.93,0
2025-09-17,1266,992,Jamie Osei,Loyal,Email,39,RC Car,Toys,1,33.63,15,28.59,0
2025-09-18,1267,27,Nora Bauer,Champion,Referral,35,Building Blocks,Toys,1,32.84,0,32.84,0
2025-09-18,1268,41,Iris Patel,Regular,Direct,1,Crew Tee,Apparel,2,53.87,0,107.74,0
2025-09-18,1269,59,Priya Ahmed,New,Email,21,Storage Bin,Home,2,28.6,0,57.2,0
2025-09-18,1269,59,Priya Ahmed,New,Email,34,Running Belt,Sports,1,29.4,0,29.4,0
2025-09-18,1270,66,Devon Reyes,Champion,Organic,39,RC Car,Toys,1,33.63,20,26.9,0
2025-09-18,1270,66,Devon Reyes,Champion,Organic,19,Cutting Board,Home,1,53.71,25,40.28,0
2025-09-18,1271,93,Leo Larsen,New,Social,22,Scented Candle,Home,1,18.98,0,18.98,1
2025-09-18,1271,93,Leo Larsen,New,Social,36,Puzzle 500pc,Toys,1,44.86,0,44.86,1
2025-09-18,1271,93,Leo Larsen,New,Social,13,Webcam,Electronics,1,64,0,64,0
2025-09-18,1271,93,Leo Larsen,New,Social,32,Foam Roller,Sports,2,65.98,0,131.96,0
2025-09-18,1272,106,Morgan Khan,New,Social,37,Plush Bear,Toys,1,15.95,10,14.36,0
2025-09-18,1272,106,Morgan Khan,New,Social,36,Puzzle 500pc,Toys,1,44.86,10,40.37,0
2025-09-18,1273,121,Kai Nguyen,Loyal,Direct,32,Foam Roller,Sports,2,65.98,10,118.76,0
2025-09-18,1274,159,Jordan Tan,Loyal,Direct,39,RC Car,Toys,1,33.63,25,25.22,0
2025-09-18,1274,159,Jordan Tan,Loyal,Direct,25,Sheet Mask,Beauty,1,8.59,10,7.73,0
2025-09-18,1274,159,Jordan Tan,Loyal,Direct,23,Vitamin C Serum,Beauty,1,32.33,20,25.86,0
2025-09-18,1274,159,Jordan Tan,Loyal,Direct,1,Crew Tee,Apparel,1,53.87,10,48.48,0
2025-09-18,1275,178,Rowan Brooks,Loyal,Email,39,RC Car,Toys,1,33.63,15,28.59,0
2025-09-18,1276,193,Nora Cohen,Loyal,Paid Search,33,Jump Rope,Sports,1,33.41,20,26.73,0
2025-09-18,1277,275,Jordan Fischer,Loyal,Referral,19,Cutting Board,Home,1,53.71,0,53.71,0
2025-09-18,1277,275,Jordan Fischer,Loyal,Referral,34,Running Belt,Sports,1,29.4,0,29.4,0
2025-09-18,1278,285,Jamie Sullivan,New,Referral,3,Denim Jacket,Apparel,1,65.95,15,56.06,0
2025-09-18,1278,285,Jamie Sullivan,New,Referral,15,Smart Plug,Electronics,1,110.18,25,82.64,0
2025-09-18,1279,309,Leo Cohen,Loyal,Organic,12,Bluetooth Speaker,Electronics,1,98.02,10,88.22,0
2025-09-18,1279,309,Leo Cohen,Loyal,Organic,15,Smart Plug,Electronics,1,110.18,10,99.16,0
2025-09-18,1280,316,Cole Larsen,New,Organic,28,SPF 50 Lotion,Beauty,2,34.44,0,68.88,1
2025-09-18,1281,327,Wren Reyes,Regular,Email,26,Shampoo Bar,Beauty,1,33.06,10,29.75,0
2025-09-18,1282,334,Tessa Park,Loyal,Organic,4,Joggers,Apparel,1,42.18,5,40.07,0
2025-09-18,1283,401,Priya Ahmed,Loyal,Referral,23,Vitamin C Serum,Beauty,1,32.33,0,32.33,0
2025-09-18,1283,401,Priya Ahmed,Loyal,Referral,25,Sheet Mask,Beauty,1,8.59,5,8.16,0
2025-09-18,1283,401,Priya Ahmed,Loyal,Referral,32,Foam Roller,Sports,3,65.98,0,197.94,0
2025-09-18,1284,434,Noel Osei,At-Risk,Direct,3,Denim Jacket,Apparel,2,65.95,0,131.9,0
2025-09-18,1285,465,Drew Flynn,Regular,Email,27,Hand Cream,Beauty,1,18.43,0,18.43,0
2025-09-18,1285,465,Drew Flynn,Regular,Email,9,Wireless Earbuds,Electronics,1,94.29,0,94.29,0
2025-09-18,1285,465,Drew Flynn,Regular,Email,34,Running Belt,Sports,3,29.4,0,88.2,0
2025-09-18,1286,470,Ezra Tan,Champion,Social,15,Smart Plug,Electronics,1,110.18,10,99.16,0
2025-09-18,1287,471,Ivy Fischer,Champion,Email,24,Lip Balm,Beauty,1,36.1,0,36.1,0
2025-09-18,1287,471,Ivy Fischer,Champion,Email,9,Wireless Earbuds,Electronics,1,94.29,10,84.86,0
2025-09-18,1288,508,Riley Diaz,Loyal,Email,14,Power Bank,Electronics,1,64.37,0,64.37,0
2025-09-18,1289,518,Casey Patel,Loyal,Referral,2,Hoodie,Apparel,1,19.91,15,16.92,0
2025-09-18,1290,645,Jordan Ibarra,Regular,Organic,9,Wireless Earbuds,Electronics,2,94.29,0,188.58,0
2025-09-18,1290,645,Jordan Ibarra,Regular,Organic,17,Ceramic Mug,Home,2,54.95,0,109.9,0
2025-09-18,1290,645,Jordan Ibarra,Regular,Organic,31,Resistance Bands,Sports,1,65.69,0,65.69,0
2025-09-18,1291,647,Jordan Fischer,Loyal,Organic,24,Lip Balm,Beauty,1,36.1,5,34.3,0
2025-09-18,1292,660,Jordan Romano,Loyal,Email,39,RC Car,Toys,1,33.63,0,33.63,0
2025-09-18,1293,678,Mateo Cohen,Champion,Social,17,Ceramic Mug,Home,2,54.95,0,109.9,0
2025-09-18,1293,678,Mateo Cohen,Champion,Social,15,Smart Plug,Electronics,1,110.18,10,99.16,0
2025-09-18,1294,778,Reese Osei,New,Email,8,Chino Pants,Apparel,3,64.72,0,194.16,0
2025-09-18,1295,910,Quinn Bauer,Regular,Organic,37,Plush Bear,Toys,1,15.95,20,12.76,0
2025-09-18,1296,940,Avery Flynn,Loyal,Direct,3,Denim Jacket,Apparel,1,65.95,5,62.65,0
2025-09-18,1296,940,Avery Flynn,Loyal,Direct,15,Smart Plug,Electronics,1,110.18,0,110.18,0
2025-09-18,1297,956,Mateo Marsh,At-Risk,Social,14,Power Bank,Electronics,1,64.37,0,64.37,0
2025-09-18,1297,956,Mateo Marsh,At-Risk,Social,28,SPF 50 Lotion,Beauty,1,34.44,0,34.44,0
2025-09-18,1297,956,Mateo Marsh,At-Risk,Social,15,Smart Plug,Electronics,2,110.18,0,220.36,0
2025-09-18,1298,999,Owen Novak,New,Direct,11,Phone Case,Electronics,3,22.01,0,66.03,1
2025-09-18,1298,999,Owen Novak,New,Direct,26,Shampoo Bar,Beauty,1,33.06,0,33.06,0
2025-09-18,1298,999,Owen Novak,New,Direct,35,Building Blocks,Toys,1,32.84,0,32.84,0
2025-09-18,1299,1000,Iris Novak,Regular,Organic,5,Socks 3-Pack,Apparel,1,65.81,0,65.81,0
2025-09-18,1299,1000,Iris Novak,Regular,Organic,8,Chino Pants,Apparel,2,64.72,0,129.44,0
2025-09-19,1300,27,Nora Bauer,Champion,Referral,5,Socks 3-Pack,Apparel,1,65.81,10,59.23,0
2025-09-19,1300,27,Nora Bauer,Champion,Referral,5,Socks 3-Pack,Apparel,2,65.81,10,118.46,0
2025-09-19,1300,27,Nora Bauer,Champion,Referral,35,Building Blocks,Toys,1,32.84,25,24.63,0
2025-09-19,1301,114,Avery Marsh,Loyal,Social,18,LED Lamp,Home,1,50.85,10,45.77,0
2025-09-19,1301,114,Avery Marsh,Loyal,Social,1,Crew Tee,Apparel,1,53.87,15,45.79,0
2025-09-19,1302,124,Ezra Kowalski,Champion,Social,27,Hand Cream,Beauty,1,18.43,0,18.43,0
2025-09-19,1303,131,Priya Cohen,Champion,Referral,6,Beanie,Apparel,1,30.7,0,30.7,0
2025-09-19,1303,131,Priya Cohen,Champion,Referral,24,Lip Balm,Beauty,1,36.1,0,36.1,0
2025-09-19,1304,154,Drew Novak,Champion,Paid Search,7,Rain Shell,Apparel,1,23.29,20,18.63,0
2025-09-19,1305,178,Rowan Brooks,Loyal,Email,26,Shampoo Bar,Beauty,1,33.06,10,29.75,0
2025-09-19,1305,178,Rowan Brooks,Loyal,Email,29,Yoga Mat,Sports,1,24.63,0,24.63,0
2025-09-19,1306,219,Quinn Marsh,Loyal,Referral,13,Webcam,Electronics,1,64,0,64,0
2025-09-19,1306,219,Quinn Marsh,Loyal,Referral,23,Vitamin C Serum,Beauty,1,32.33,10,29.1,0
2025-09-19,1307,288,Owen Osei,New,Paid Search,39,RC Car,Toys,2,33.63,0,67.26,0
2025-09-19,1307,288,Owen Osei,New,Paid Search,22,Scented Candle,Home,1,18.98,0,18.98,0
2025-09-19,1308,293,Tessa Novak,Loyal,Direct,17,Ceramic Mug,Home,1,54.95,0,54.95,0
2025-09-19,1309,358,Casey Carter,Champion,Organic,23,Vitamin C Serum,Beauty,2,32.33,25,48.5,0
2025-09-19,1310,361,Cole Flynn,Loyal,Email,21,Storage Bin,Home,1,28.6,25,21.45,0
2025-09-19,1310,361,Cole Flynn,Loyal,Email,30,Water Bottle,Sports,1,46.55,25,34.91,0
2025-09-19,1310,361,Cole Flynn,Loyal,Email,5,Socks 3-Pack,Apparel,1,65.81,10,59.23,0
2025-09-19,1310,361,Cole Flynn,Loyal,Email,19,Cutting Board,Home,1,53.71,25,40.28,0
2025-09-19,1311,398,Harper Larsen,Loyal,Paid Search,15,Smart Plug,Electronics,1,110.18,10,99.16,0
2025-09-19,1312,465,Drew Flynn,Regular,Email,22,Scented Candle,Home,1,18.98,0,18.98,0
2025-09-19,1312,465,Drew Flynn,Regular,Email,11,Phone Case,Electronics,1,22.01,0,22.01,0
2025-09-19,1313,488,Tessa Brooks,Regular,Paid Search,26,Shampoo Bar,Beauty,3,33.06,0,99.18,0
2025-09-19,1314,492,Drew Petrov,Champion,Social,37,Plush Bear,Toys,1,15.95,5,15.15,0
2025-09-19,1315,529,Drew Novak,Regular,Social,34,Running Belt,Sports,3,29.4,0,88.2,0
2025-09-19,1315,529,Drew Novak,Regular,Social,7,Rain Shell,Apparel,2,23.29,0,46.58,0
2025-09-19,1316,544,Taylor Park,Regular,Social,30,Water Bottle,Sports,2,46.55,0,93.1,0
2025-09-19,1316,544,Taylor Park,Regular,Social,38,Board Game,Toys,2,37.99,0,75.98,0
2025-09-19,1316,544,Taylor Park,Regular,Social,34,Running Belt,Sports,1,29.4,0,29.4,0
2025-09-19,1317,553,Rowan Diaz,New,Paid Search,4,Joggers,Apparel,3,42.18,0,126.54,0
2025-09-19,1318,565,Noel Fischer,Champion,Social,12,Bluetooth Speaker,Electronics,1,98.02,10,88.22,0
2025-09-19,1318,565,Noel Fischer,Champion,Social,34,Running Belt,Sports,1,29.4,0,29.4,0
2025-09-19,1318,565,Noel Fischer,Champion,Social,7,Rain Shell,Apparel,1,23.29,0,23.29,0
2025-09-19,1319,640,Avery Romano,Champion,Organic,20,Towel Set,Home,2,19.75,10,35.55,0
2025-09-19,1320,652,Quinn Petrov,Loyal,Paid Search,26,Shampoo Bar,Beauty,1,33.06,0,33.06,0
2025-09-19,1321,668,Hugo Romano,Regular,Email,26,Shampoo Bar,Beauty,1,33.06,0,33.06,0
2025-09-19,1322,700,Owen Cohen,Champion,Social,1,Crew Tee,Apparel,1,53.87,5,51.18,0
2025-09-19,1322,700,Owen Cohen,Champion,Social,8,Chino Pants,Apparel,1,64.72,10,58.25,0
2025-09-19,1323,703,Avery Mendez,Loyal,Organic,15,Smart Plug,Electronics,1,110.18,5,104.67,0
2025-09-19,1323,703,Avery Mendez,Loyal,Organic,33,Jump Rope,Sports,1,33.41,0,33.41,0
2025-09-19,1323,703,Avery Mendez,Loyal,Organic,14,Power Bank,Electronics,2,64.37,10,115.87,0
2025-09-19,1324,736,Wren Fischer,Regular,Organic,15,Smart Plug,Electronics,1,110.18,0,110.18,0
2025-09-19,1325,750,Reese Ibarra,New,Direct,33,Jump Rope,Sports,2,33.41,0,66.82,0
2025-09-19,1325,750,Reese Ibarra,New,Direct,24,Lip Balm,Beauty,1,36.1,0,36.1,0
2025-09-19,1325,750,Reese Ibarra,New,Direct,10,USB-C Cable,Electronics,1,117.18,0,117.18,0
2025-09-19,1325,750,Reese Ibarra,New,Direct,21,Storage Bin,Home,1,28.6,0,28.6,0
2025-09-19,1326,771,Rowan Bauer,Regular,Organic,37,Plush Bear,Toys,1,15.95,0,15.95,1
2025-09-19,1327,795,Jamie Reyes,Loyal,Email,37,Plush Bear,Toys,2,15.95,0,31.9,0
2025-09-19,1327,795,Jamie Reyes,Loyal,Email,38,Board Game,Toys,2,37.99,0,75.98,0
2025-09-19,1328,841,Morgan Costa,New,Email,24,Lip Balm,Beauty,3,36.1,0,108.3,0
2025-09-19,1329,852,Sasha Ahmed,Champion,Referral,22,Scented Candle,Home,1,18.98,5,18.03,0
2025-09-19,1330,857,Noel Osei,Champion,Referral,36,Puzzle 500pc,Toys,1,44.86,15,38.13,0
2025-09-19,1331,858,Morgan Marsh,Loyal,Referral,14,Power Bank,Electronics,2,64.37,20,102.99,0
2025-09-19,1331,858,Morgan Marsh,Loyal,Referral,36,Puzzle 500pc,Toys,1,44.86,20,35.89,0
2025-09-19,1332,878,Noel Marsh,Loyal,Direct,40,Art Kit,Toys,2,53.64,10,96.55,0
2025-09-19,1333,955,Taylor Yamada,Regular,Referral,24,Lip Balm,Beauty,1,36.1,10,32.49,0
2025-09-19,1333,955,Taylor Yamada,Regular,Referral,34,Running Belt,Sports,1,29.4,20,23.52,0
2025-09-19,1333,955,Taylor Yamada,Regular,Referral,34,Running Belt,Sports,1,29.4,10,26.46,1
2025-09-20,1334,5,Maya Reyes,New,Paid Search,29,Yoga Mat,Sports,3,24.63,0,73.89,0
2025-09-20,1335,15,Ezra Bauer,Loyal,Direct,34,Running Belt,Sports,1,29.4,20,23.52,0
2025-09-20,1336,43,Maya Okafor,Loyal,Organic,12,Bluetooth Speaker,Electronics,1,98.02,0,98.02,0
2025-09-20,1336,43,Maya Okafor,Loyal,Organic,7,Rain Shell,Apparel,2,23.29,5,44.25,0
2025-09-20,1337,130,Wren Patel,Regular,Social,15,Smart Plug,Electronics,1,110.18,0,110.18,0
2025-09-20,1337,130,Wren Patel,Regular,Social,11,Phone Case,Electronics,1,22.01,0,22.01,0
2025-09-20,1338,156,Hugo Flynn,Champion,Email,19,Cutting Board,Home,1,53.71,0,53.71,1
2025-09-20,1339,172,Morgan Okafor,Loyal,Direct,37,Plush Bear,Toys,1,15.95,10,14.36,0
2025-09-20,1339,172,Morgan Okafor,Loyal,Direct,18,LED Lamp,Home,1,50.85,10,45.77,0
2025-09-20,1339,172,Morgan Okafor,Loyal,Direct,3,Denim Jacket,Apparel,1,65.95,0,65.95,0
2025-09-20,1340,177,Kai Kowalski,New,Referral,34,Running Belt,Sports,2,29.4,0,58.8,0
2025-09-20,1341,189,Noel Romano,Champion,Organic,3,Denim Jacket,Apparel,3,65.95,25,148.39,0
2025-09-20,1341,189,Noel Romano,Champion,Organic,37,Plush Bear,Toys,1,15.95,20,12.76,0
2025-09-20,1341,189,Noel Romano,Champion,Organic,32,Foam Roller,Sports,1,65.98,20,52.78,0
2025-09-20,1342,212,Maya Petrov,New,Organic,19,Cutting Board,Home,2,53.71,0,107.42,0
2025-09-20,1342,212,Maya Petrov,New,Organic,6,Beanie,Apparel,3,30.7,0,92.1,0
2025-09-20,1343,219,Quinn Marsh,Loyal,Referral,23,Vitamin C Serum,Beauty,1,32.33,10,29.1,0
2025-09-20,1344,295,Priya Diaz,Champion,Paid Search,24,Lip Balm,Beauty,2,36.1,0,72.2,0
2025-09-20,1345,307,Casey Ahmed,Champion,Organic,8,Chino Pants,Apparel,1,64.72,10,58.25,0
2025-09-20,1346,405,Tessa Kowalski,Loyal,Organic,34,Running Belt,Sports,1,29.4,5,27.93,0
2025-09-20,1347,415,Reese Hassan,Regular,Direct,21,Storage Bin,Home,1,28.6,0,28.6,0
2025-09-20,1348,429,Jamie Okafor,Champion,Email,7,Rain Shell,Apparel,1,23.29,10,20.96,0
2025-09-20,1349,436,Ivy Flynn,Champion,Organic,16,Throw Pillow,Home,1,19.11,5,18.15,0
2025-09-20,1349,436,Ivy Flynn,Champion,Organic,21,Storage Bin,Home,1,28.6,10,25.74,0
2025-09-20,1350,460,Harper Tan,Champion,Email,2,Hoodie,Apparel,1,19.91,10,17.92,0
2025-09-20,1351,470,Ezra Tan,Champion,Social,39,RC Car,Toys,1,33.63,5,31.95,0
2025-09-20,1352,478,Rowan Ahmed,Regular,Email,14,Power Bank,Electronics,1,64.37,20,51.5,0
2025-09-20,1352,478,Rowan Ahmed,Regular,Email,21,Storage Bin,Home,1,28.6,10,25.74,0
2025-09-20,1352,478,Rowan Ahmed,Regular,Email,16,Throw Pillow,Home,1,19.11,25,14.33,0
2025-09-20,1352,478,Rowan Ahmed,Regular,Email,38,Board Game,Toys,1,37.99,15,32.29,1
2025-09-20,1353,518,Casey Patel,Loyal,Referral,38,Board Game,Toys,2,37.99,10,68.38,0
2025-09-20,1353,518,Casey Patel,Loyal,Referral,6,Beanie,Apparel,1,30.7,0,30.7,0
2025-09-20,1354,580,Priya Okafor,Regular,Social,12,Bluetooth Speaker,Electronics,2,98.02,25,147.03,0
2025-09-20,1354,580,Priya Okafor,Regular,Social,29,Yoga Mat,Sports,1,24.63,25,18.47,0
2025-09-20,1355,683,Owen Patel,Loyal,Email,23,Vitamin C Serum,Beauty,1,32.33,0,32.33,1
2025-09-20,1355,683,Owen Patel,Loyal,Email,20,Towel Set,Home,1,19.75,10,17.78,0
2025-09-20,1356,729,Casey Ahmed,Regular,Social,28,SPF 50 Lotion,Beauty,1,34.44,0,34.44,0
2025-09-20,1357,799,Lila Brooks,Loyal,Referral,38,Board Game,Toys,1,37.99,5,36.09,0
2025-09-20,1357,799,Lila Brooks,Loyal,Referral,16,Throw Pillow,Home,2,19.11,10,34.4,0
2025-09-20,1357,799,Lila Brooks,Loyal,Referral,40,Art Kit,Toys,1,53.64,0,53.64,0
2025-09-20,1358,800,Owen Novak,Loyal,Referral,37,Plush Bear,Toys,1,15.95,10,14.36,0
2025-09-20,1359,833,Jamie Hassan,Loyal,Email,35,Building Blocks,Toys,1,32.84,5,31.2,0
2025-09-20,1360,836,Morgan Larsen,Loyal,Social,9,Wireless Earbuds,Electronics,1,94.29,0,94.29,0
2025-09-20,1361,845,Jordan Costa,Champion,Email,20,Towel Set,Home,1,19.75,0,19.75,0
2025-09-20,1362,892,Noel Tan,New,Organic,13,Webcam,Electronics,2,64,15,108.8,0
2025-09-20,1362,892,Noel Tan,New,Organic,4,Joggers,Apparel,1,42.18,10,37.96,0
2025-09-20,1362,892,Noel Tan,New,Organic,21,Storage Bin,Home,2,28.6,25,42.9,0
2025-09-20,1363,897,Wren Khan,Loyal,Paid Search,33,Jump Rope,Sports,1,33.41,0,33.41,0
2025-09-20,1363,897,Wren Khan,Loyal,Paid Search,8,Chino Pants,Apparel,2,64.72,10,116.5,0
2025-09-20,1364,906,Reese Carter,Loyal,Social,31,Resistance Bands,Sports,1,65.69,5,62.41,0
2025-09-20,1364,906,Reese Carter,Loyal,Social,17,Ceramic Mug,Home,1,54.95,5,52.2,0
2025-09-20,1365,910,Quinn Bauer,Regular,Organic,16,Throw Pillow,Home,2,19.11,0,38.22,1
2025-09-20,1365,910,Quinn Bauer,Regular,Organic,7,Rain Shell,Apparel,1,23.29,0,23.29,0
2025-09-20,1365,910,Quinn Bauer,Regular,Organic,2,Hoodie,Apparel,1,19.91,0,19.91,0
2025-09-20,1366,945,Jamie Novak,Champion,Email,38,Board Game,Toys,1,37.99,5,36.09,0
2025-09-21,1367,84,Hugo Kowalski,Loyal,Direct,22,Scented Candle,Home,1,18.98,25,14.24,0
2025-09-21,1367,84,Hugo Kowalski,Loyal,Direct,39,RC Car,Toys,1,33.63,25,25.22,0
2025-09-21,1368,154,Drew Novak,Champion,Paid Search,39,RC Car,Toys,1,33.63,0,33.63,0
2025-09-21,1368,154,Drew Novak,Champion,Paid Search,5,Socks 3-Pack,Apparel,2,65.81,5,125.04,0
2025-09-21,1368,154,Drew Novak,Champion,Paid Search,1,Crew Tee,Apparel,2,53.87,0,107.74,0
2025-09-21,1369,188,Priya Park,Loyal,Organic,7,Rain Shell,Apparel,1,23.29,5,22.13,0
2025-09-21,1370,189,Noel Romano,Champion,Organic,13,Webcam,Electronics,1,64,0,64,0
2025-09-21,1371,191,Tessa Ibarra,Loyal,Paid Search,32,Foam Roller,Sports,2,65.98,0,131.96,0
2025-09-21,1371,191,Tessa Ibarra,Loyal,Paid Search,2,Hoodie,Apparel,1,19.91,5,18.91,0
2025-09-21,1371,191,Tessa Ibarra,Loyal,Paid Search,24,Lip Balm,Beauty,1,36.1,0,36.1,1
2025-09-21,1371,191,Tessa Ibarra,Loyal,Paid Search,30,Water Bottle,Sports,2,46.55,0,93.1,1
2025-09-21,1372,216,Taylor Park,At-Risk,Organic,4,Joggers,Apparel,1,42.18,10,37.96,0
2025-09-21,1372,216,Taylor Park,At-Risk,Organic,39,RC Car,Toys,1,33.63,20,26.9,0
2025-09-21,1372,216,Taylor Park,At-Risk,Organic,2,Hoodie,Apparel,1,19.91,15,16.92,0
2025-09-21,1373,218,Taylor Patel,Champion,Paid Search,38,Board Game,Toys,1,37.99,10,34.19,0
2025-09-21,1373,218,Taylor Patel,Champion,Paid Search,34,Running Belt,Sports,1,29.4,0,29.4,0
2025-09-21,1374,249,Harper Patel,Regular,Organic,12,Bluetooth Speaker,Electronics,2,98.02,10,176.44,0
2025-09-21,1374,249,Harper Patel,Regular,Organic,1,Crew Tee,Apparel,1,53.87,15,45.79,0
2025-09-21,1374,249,Harper Patel,Regular,Organic,38,Board Game,Toys,1,37.99,15,32.29,0
2025-09-21,1374,249,Harper Patel,Regular,Organic,29,Yoga Mat,Sports,1,24.63,20,19.7,1
2025-09-21,1375,271,Nora Bauer,Loyal,Email,17,Ceramic Mug,Home,1,54.95,10,49.46,0
2025-09-21,1375,271,Nora Bauer,Loyal,Email,15,Smart Plug,Electronics,2,110.18,10,198.32,0
2025-09-21,1376,312,Ivy Petrov,Regular,Direct,17,Ceramic Mug,Home,2,54.95,20,87.92,0
2025-09-21,1377,361,Cole Flynn,Loyal,Email,34,Running Belt,Sports,2,29.4,10,52.92,0
2025-09-21,1377,361,Cole Flynn,Loyal,Email,6,Beanie,Apparel,1,30.7,20,24.56,0
2025-09-21,1378,429,Jamie Okafor,Champion,Email,39,RC Car,Toys,2,33.63,25,50.45,0
2025-09-21,1378,429,Jamie Okafor,Champion,Email,28,SPF 50 Lotion,Beauty,1,34.44,20,27.55,0
2025-09-21,1378,429,Jamie Okafor,Champion,Email,27,Hand Cream,Beauty,1,18.43,20,14.74,0
2025-09-21,1379,471,Ivy Fischer,Champion,Email,26,Shampoo Bar,Beauty,3,33.06,5,94.22,0
2025-09-21,1379,471,Ivy Fischer,Champion,Email,34,Running Belt,Sports,1,29.4,10,26.46,0
2025-09-21,1380,498,Reese Walsh,Regular,Paid Search,36,Puzzle 500pc,Toys,1,44.86,20,35.89,0
2025-09-21,1381,499,Hugo Fischer,New,Email,36,Puzzle 500pc,Toys,3,44.86,0,134.58,0
2025-09-21,1382,508,Riley Diaz,Loyal,Email,39,RC Car,Toys,1,33.63,10,30.27,0
2025-09-21,1382,508,Riley Diaz,Loyal,Email,8,Chino Pants,Apparel,1,64.72,0,64.72,0
2025-09-21,1383,599,Ezra Carter,Regular,Social,38,Board Game,Toys,2,37.99,0,75.98,0
2025-09-21,1384,647,Jordan Fischer,Loyal,Organic,5,Socks 3-Pack,Apparel,1,65.81,5,62.52,0
2025-09-21,1385,667,Maya Petrov,Champion,Paid Search,21,Storage Bin,Home,3,28.6,20,68.64,1
2025-09-21,1385,667,Maya Petrov,Champion,Paid Search,8,Chino Pants,Apparel,1,64.72,25,48.54,0
2025-09-21,1385,667,Maya Petrov,Champion,Paid Search,2,Hoodie,Apparel,1,19.91,20,15.93,0
2025-09-21,1386,688,Devon Cohen,Regular,Organic,19,Cutting Board,Home,3,53.71,0,161.13,0
2025-09-21,1386,688,Devon Cohen,Regular,Organic,18,LED Lamp,Home,2,50.85,0,101.7,0
2025-09-21,1387,816,Hugo Sullivan,Loyal,Organic,9,Wireless Earbuds,Electronics,1,94.29,10,84.86,0
2025-09-21,1388,821,Quinn Sullivan,New,Organic,12,Bluetooth Speaker,Electronics,1,98.02,0,98.02,0
2025-09-21,1388,821,Quinn Sullivan,New,Organic,37,Plush Bear,Toys,1,15.95,0,15.95,0
2025-09-21,1388,821,Quinn Sullivan,New,Organic,5,Socks 3-Pack,Apparel,2,65.81,0,131.62,0
2025-09-21,1389,854,Jamie Marsh,New,Referral,22,Scented Candle,Home,2,18.98,0,37.96,0
2025-09-21,1389,854,Jamie Marsh,New,Referral,5,Socks 3-Pack,Apparel,3,65.81,0,197.43,0
2025-09-21,1389,854,Jamie Marsh,New,Referral,22,Scented Candle,Home,1,18.98,0,18.98,0
2025-09-21,1389,854,Jamie Marsh,New,Referral,31,Resistance Bands,Sports,1,65.69,0,65.69,0
2025-09-21,1390,871,Iris Marsh,Regular,Direct,11,Phone Case,Electronics,1,22.01,0,22.01,0
2025-09-21,1390,871,Iris Marsh,Regular,Direct,1,Crew Tee,Apparel,2,53.87,0,107.74,0
2025-09-21,1391,897,Wren Khan,Loyal,Paid Search,5,Socks 3-Pack,Apparel,1,65.81,0,65.81,0
2025-09-21,1392,928,Ivy Sullivan,Loyal,Referral,14,Power Bank,Electronics,1,64.37,0,64.37,0
2025-09-21,1393,949,Quinn Okafor,Champion,Organic,23,Vitamin C Serum,Beauty,2,32.33,0,64.66,0
2025-09-21,1394,992,Jamie Osei,Loyal,Email,16,Throw Pillow,Home,1,19.11,5,18.15,0
2025-09-22,1395,17,Casey Khan,Loyal,Referral,6,Beanie,Apparel,1,30.7,5,29.17,0
2025-09-22,1395,17,Casey Khan,Loyal,Referral,4,Joggers,Apparel,2,42.18,5,80.14,1
2025-09-22,1395,17,Casey Khan,Loyal,Referral,25,Sheet Mask,Beauty,1,8.59,0,8.59,0
2025-09-22,1396,19,Rowan Osei,Regular,Organic,20,Towel Set,Home,1,19.75,0,19.75,0
2025-09-22,1397,25,Morgan Petrov,Champion,Paid Search,36,Puzzle 500pc,Toys,1,44.86,25,33.64,1
2025-09-22,1397,25,Morgan Petrov,Champion,Paid Search,37,Plush Bear,Toys,1,15.95,10,14.36,0
2025-09-22,1398,62,Noel Novak,Loyal,Organic,1,Crew Tee,Apparel,2,53.87,0,107.74,0
2025-09-22,1398,62,Noel Novak,Loyal,Organic,39,RC Car,Toys,1,33.63,0,33.63,0
2025-09-22,1399,93,Leo Larsen,New,Social,15,Smart Plug,Electronics,1,110.18,0,110.18,0
2025-09-22,1400,115,Cole Ahmed,Champion,Paid Search,40,Art Kit,Toys,1,53.64,5,50.96,0
2025-09-22,1401,116,Wren Mendez,Champion,Email,18,LED Lamp,Home,1,50.85,25,38.14,0
2025-09-22,1401,116,Wren Mendez,Champion,Email,25,Sheet Mask,Beauty,2,8.59,15,14.6,0
2025-09-22,1401,116,Wren Mendez,Champion,Email,39,RC Car,Toys,1,33.63,20,26.9,0
2025-09-22,1401,116,Wren Mendez,Champion,Email,14,Power Bank,Electronics,1,64.37,25,48.28,0
2025-09-22,1402,307,Casey Ahmed,Champion,Organic,4,Joggers,Apparel,1,42.18,0,42.18,0
2025-09-22,1403,343,Ivy Diaz,At-Risk,Referral,26,Shampoo Bar,Beauty,1,33.06,0,33.06,0
2025-09-22,1403,343,Ivy Diaz,At-Risk,Referral,15,Smart Plug,Electronics,1,110.18,0,110.18,0
2025-09-22,1404,350,Ivy Walsh,Loyal,Paid Search,7,Rain Shell,Apparel,1,23.29,0,23.29,0
2025-09-22,1404,350,Ivy Walsh,Loyal,Paid Search,35,Building Blocks,Toys,1,32.84,0,32.84,0
2025-09-22,1405,365,Leo Ahmed,Regular,Paid Search,39,RC Car,Toys,1,33.63,0,33.63,0
2025-09-22,1405,365,Leo Ahmed,Regular,Paid Search,21,Storage Bin,Home,1,28.6,0,28.6,0
2025-09-22,1406,368,Jordan Osei,At-Risk,Direct,1,Crew Tee,Apparel,1,53.87,0,53.87,1
2025-09-22,1407,385,Hugo Patel,Loyal,Paid Search,40,Art Kit,Toys,1,53.64,10,48.28,0
2025-09-22,1407,385,Hugo Patel,Loyal,Paid Search,40,Art Kit,Toys,2,53.64,0,107.28,0
2025-09-22,1408,417,Avery Walsh,Regular,Paid Search,38,Board Game,Toys,1,37.99,0,37.99,0
2025-09-22,1409,422,Iris Mendez,Champion,Social,30,Water Bottle,Sports,1,46.55,0,46.55,0
2025-09-22,1410,431,Mateo Ibarra,Loyal,Referral,33,Jump Rope,Sports,1,33.41,0,33.41,0
2025-09-22,1411,436,Ivy Flynn,Champion,Organic,19,Cutting Board,Home,1,53.71,20,42.97,0
2025-09-22,1411,436,Ivy Flynn,Champion,Organic,2,Hoodie,Apparel,1,19.91,20,15.93,0
2025-09-22,1412,462,Leo Petrov,Champion,Referral,19,Cutting Board,Home,1,53.71,10,48.34,0
2025-09-22,1412,462,Leo Petrov,Champion,Referral,9,Wireless Earbuds,Electronics,1,94.29,15,80.15,0
2025-09-22,1412,462,Leo Petrov,Champion,Referral,35,Building Blocks,Toys,2,32.84,15,55.83,0
2025-09-22,1412,462,Leo Petrov,Champion,Referral,28,SPF 50 Lotion,Beauty,3,34.44,15,87.82,0
2025-09-22,1413,473,Wren Kowalski,New,Referral,21,Storage Bin,Home,1,28.6,10,25.74,0
2025-09-22,1414,508,Riley Diaz,Loyal,Email,8,Chino Pants,Apparel,1,64.72,15,55.01,0
2025-09-22,1414,508,Riley Diaz,Loyal,Email,16,Throw Pillow,Home,1,19.11,25,14.33,0
2025-09-22,1415,515,Devon Patel,Loyal,Social,15,Smart Plug,Electronics,1,110.18,10,99.16,0
2025-09-22,1416,527,Jamie Fischer,Champion,Referral,6,Beanie,Apparel,1,30.7,5,29.17,0
2025-09-22,1417,542,Ivy Walsh,Regular,Direct,39,RC Car,Toys,1,33.63,0,33.63,0
2025-09-22,1417,542,Ivy Walsh,Regular,Direct,24,Lip Balm,Beauty,3,36.1,0,108.3,0
2025-09-22,1417,542,Ivy Walsh,Regular,Direct,13,Webcam,Electronics,1,64,0,64,0
2025-09-22,1418,554,Noel Cohen,Champion,Paid Search,34,Running Belt,Sports,1,29.4,10,26.46,0
2025-09-22,1418,554,Noel Cohen,Champion,Paid Search,34,Running Belt,Sports,1,29.4,15,24.99,0
2025-09-22,1418,554,Noel Cohen,Champion,Paid Search,18,LED Lamp,Home,1,50.85,20,40.68,0
2025-09-22,1418,554,Noel Cohen,Champion,Paid Search,10,USB-C Cable,Electronics,1,117.18,15,99.6,1
2025-09-22,1419,623,Hugo Yamada,At-Risk,Direct,5,Socks 3-Pack,Apparel,2,65.81,0,131.62,0
2025-09-22,1420,700,Owen Cohen,Champion,Social,16,Throw Pillow,Home,1,19.11,15,16.24,0
2025-09-22,1421,704,Owen Nguyen,Champion,Organic,2,Hoodie,Apparel,2,19.91,10,35.84,0
2025-09-22,1422,775,Nora Patel,Champion,Paid Search,6,Beanie,Apparel,1,30.7,0,30.7,0
2025-09-22,1422,775,Nora Patel,Champion,Paid Search,39,RC Car,Toys,2,33.63,0,67.26,0
2025-09-22,1423,843,Leo Patel,New,Direct,39,RC Car,Toys,3,33.63,0,100.89,0
2025-09-22,1424,915,Riley Park,Champion,Referral,26,Shampoo Bar,Beauty,1,33.06,25,24.8,0
2025-09-22,1425,953,Jamie Reid,Champion,Referral,34,Running Belt,Sports,1,29.4,5,27.93,0
2025-09-22,1426,959,Ivy Larsen,Regular,Email,33,Jump Rope,Sports,1,33.41,0,33.41,0
2025-09-22,1427,985,Rowan Petrov,Loyal,Paid Search,34,Running Belt,Sports,1,29.4,10,26.46,0
2025-09-22,1427,985,Rowan Petrov,Loyal,Paid Search,16,Throw Pillow,Home,1,19.11,15,16.24,0
2025-09-23,1428,28,Owen Sullivan,Loyal,Organic,13,Webcam,Electronics,1,64,0,64,1
2025-09-23,1428,28,Owen Sullivan,Loyal,Organic,18,LED Lamp,Home,1,50.85,5,48.31,0
2025-09-23,1428,28,Owen Sullivan,Loyal,Organic,39,RC Car,Toys,1,33.63,0,33.63,0
2025-09-23,1429,30,Ivy Khan,New,Social,31,Resistance Bands,Sports,2,65.69,0,131.38,0
2025-09-23,1429,30,Ivy Khan,New,Social,10,USB-C Cable,Electronics,1,117.18,0,117.18,0
2025-09-23,1430,43,Maya Okafor,Loyal,Organic,28,SPF 50 Lotion,Beauty,1,34.44,0,34.44,0
2025-09-23,1431,59,Priya Ahmed,New,Email,5,Socks 3-Pack,Apparel,1,65.81,0,65.81,0
2025-09-23,1432,96,Mateo Diaz,New,Email,14,Power Bank,Electronics,3,64.37,0,193.11,0
2025-09-23,1432,96,Mateo Diaz,New,Email,4,Joggers,Apparel,1,42.18,0,42.18,0
2025-09-23,1432,96,Mateo Diaz,New,Email,36,Puzzle 500pc,Toys,1,44.86,0,44.86,0
2025-09-23,1432,96,Mateo Diaz,New,Email,39,RC Car,Toys,1,33.63,0,33.63,0
2025-09-23,1433,154,Drew Novak,Champion,Paid Search,4,Joggers,Apparel,1,42.18,0,42.18,1
2025-09-23,1434,178,Rowan Brooks,Loyal,Email,4,Joggers,Apparel,1,42.18,0,42.18,0
2025-09-23,1434,178,Rowan Brooks,Loyal,Email,28,SPF 50 Lotion,Beauty,1,34.44,0,34.44,0
2025-09-23,1435,204,Jamie Kowalski,Loyal,Email,22,Scented Candle,Home,1,18.98,15,16.13,0
2025-09-23,1436,258,Taylor Ahmed,Loyal,Paid Search,3,Denim Jacket,Apparel,2,65.95,5,125.31,0
2025-09-23,1436,258,Taylor Ahmed,Loyal,Paid Search,35,Building Blocks,Toys,1,32.84,0,32.84,0
2025-09-23,1437,335,Sasha Petrov,Regular,Social,7,Rain Shell,Apparel,1,23.29,0,23.29,0
2025-09-23,1437,335,Sasha Petrov,Regular,Social,5,Socks 3-Pack,Apparel,1,65.81,0,65.81,0
2025-09-23,1438,406,Taylor Costa,At-Risk,Email,37,Plush Bear,Toys,1,15.95,0,15.95,0
2025-09-23,1438,406,Taylor Costa,At-Risk,Email,28,SPF 50 Lotion,Beauty,1,34.44,0,34.44,0
2025-09-23,1438,406,Taylor Costa,At-Risk,Email,25,Sheet Mask,Beauty,1,8.59,0,8.59,0
2025-09-23,1438,406,Taylor Costa,At-Risk,Email,18,LED Lamp,Home,2,50.85,0,101.7,0
2025-09-23,1439,427,Hugo Novak,Regular,Direct,33,Jump Rope,Sports,1,33.41,0,33.41,0
2025-09-23,1439,427,Hugo Novak,Regular,Direct,32,Foam Roller,Sports,1,65.98,0,65.98,0
2025-09-23,1440,428,Quinn Diaz,Champion,Paid Search,17,Ceramic Mug,Home,1,54.95,0,54.95,0
2025-09-23,1440,428,Quinn Diaz,Champion,Paid Search,16,Throw Pillow,Home,1,19.11,0,19.11,0
2025-09-23,1441,460,Harper Tan,Champion,Email,8,Chino Pants,Apparel,1,64.72,10,58.25,0
2025-09-23,1441,460,Harper Tan,Champion,Email,5,Socks 3-Pack,Apparel,1,65.81,0,65.81,0
2025-09-23,1442,473,Wren Kowalski,New,Referral,33,Jump Rope,Sports,1,33.41,0,33.41,0
2025-09-23,1443,479,Leo Ibarra,Loyal,Referral,17,Ceramic Mug,Home,3,54.95,5,156.61,0
2025-09-23,1444,554,Noel Cohen,Champion,Paid Search,33,Jump Rope,Sports,1,33.41,25,25.06,0
2025-09-23,1445,603,Iris Costa,Regular,Paid Search,35,Building Blocks,Toys,1,32.84,0,32.84,0
2025-09-23,1446,605,Jamie Carter,Loyal,Direct,15,Smart Plug,Electronics,1,110.18,10,99.16,0
2025-09-23,1446,605,Jamie Carter,Loyal,Direct,2,Hoodie,Apparel,2,19.91,0,39.82,0
2025-09-23,1446,605,Jamie Carter,Loyal,Direct,9,Wireless Earbuds,Electronics,1,94.29,5,89.58,0
2025-09-23,1447,610,Maya Khan,New,Social,38,Board Game,Toys,2,37.99,0,75.98,0
2025-09-23,1448,632,Mateo Reid,Regular,Social,26,Shampoo Bar,Beauty,1,33.06,0,33.06,0
2025-09-23,1449,635,Ezra Khan,New,Email,4,Joggers,Apparel,1,42.18,0,42.18,1
2025-09-23,1449,635,Ezra Khan,New,Email,11,Phone Case,Electronics,1,22.01,0,22.01,0
2025-09-23,1450,671,Quinn Costa,New,Direct,7,Rain Shell,Apparel,1,23.29,20,18.63,0
2025-09-23,1451,709,Ezra Mendez,Loyal,Referral,7,Rain Shell,Apparel,1,23.29,10,20.96,0
2025-09-23,1451,709,Ezra Mendez,Loyal,Referral,1,Crew Tee,Apparel,1,53.87,10,48.48,0
2025-09-23,1451,709,Ezra Mendez,Loyal,Referral,15,Smart Plug,Electronics,3,110.18,25,247.91,0
2025-09-23,1451,709,Ezra Mendez,Loyal,Referral,31,Resistance Bands,Sports,1,65.69,20,52.55,0
2025-09-23,1452,719,Avery Kowalski,Loyal,Email,1,Crew Tee,Apparel,1,53.87,5,51.18,0
2025-09-23,1452,719,Avery Kowalski,Loyal,Email,19,Cutting Board,Home,1,53.71,0,53.71,0
2025-09-23,1453,744,Quinn Ahmed,Loyal,Email,40,Art Kit,Toys,1,53.64,20,42.91,0
2025-09-23,1453,744,Quinn Ahmed,Loyal,Email,12,Bluetooth Speaker,Electronics,1,98.02,20,78.42,0
2025-09-23,1454,797,Tessa Petrov,New,Paid Search,19,Cutting Board,Home,1,53.71,0,53.71,0
2025-09-23,1455,808,Rowan Ibarra,Regular,Organic,2,Hoodie,Apparel,1,19.91,0,19.91,0
2025-09-23,1456,906,Reese Carter,Loyal,Social,33,Jump Rope,Sports,1,33.41,10,30.07,0
2025-09-23,1456,906,Reese Carter,Loyal,Social,30,Water Bottle,Sports,1,46.55,10,41.9,1
2025-09-23,1456,906,Reese Carter,Loyal,Social,18,LED Lamp,Home,1,50.85,0,50.85,0
2025-09-23,1457,930,Riley Larsen,New,Social,13,Webcam,Electronics,1,64,25,48,0
2025-09-23,1457,930,Riley Larsen,New,Social,2,Hoodie,Apparel,1,19.91,15,16.92,0
2025-09-23,1457,930,Riley Larsen,New,Social,8,Chino Pants,Apparel,1,64.72,15,55.01,0
2025-09-23,1458,931,Cole Reid,Champion,Organic,32,Foam Roller,Sports,1,65.98,10,59.38,0
2025-09-23,1458,931,Cole Reid,Champion,Organic,30,Water Bottle,Sports,1,46.55,0,46.55,0
2025-09-23,1459,937,Avery Romano,Loyal,Social,19,Cutting Board,Home,1,53.71,0,53.71,0
2025-09-23,1460,998,Lila Yamada,Champion,Email,3,Denim Jacket,Apparel,1,65.95,10,59.36,0
2025-09-23,1460,998,Lila Yamada,Champion,Email,6,Beanie,Apparel,1,30.7,0,30.7,0
2025-09-24,1461,27,Nora Bauer,Champion,Referral,25,Sheet Mask,Beauty,1,8.59,10,7.73,0
2025-09-24,1462,48,Priya Yamada,Champion,Paid Search,1,Crew Tee,Apparel,1,53.87,10,48.48,0
2025-09-24,1463,100,Avery Patel,Regular,Paid Search,19,Cutting Board,Home,1,53.71,20,42.97,0
2025-09-24,1464,110,Tessa Yamada,Loyal,Social,17,Ceramic Mug,Home,1,54.95,15,46.71,0
2025-09-24,1464,110,Tessa Yamada,Loyal,Social,23,Vitamin C Serum,Beauty,1,32.33,25,24.25,0
2025-09-24,1464,110,Tessa Yamada,Loyal,Social,15,Smart Plug,Electronics,1,110.18,25,82.64,0
2025-09-24,1465,116,Wren Mendez,Champion,Email,27,Hand Cream,Beauty,1,18.43,20,14.74,0
2025-09-24,1466,164,Leo Ibarra,At-Risk,Paid Search,23,Vitamin C Serum,Beauty,2,32.33,25,48.5,0
2025-09-24,1466,164,Leo Ibarra,At-Risk,Paid Search,1,Crew Tee,Apparel,2,53.87,25,80.8,0
2025-09-24,1467,185,Kai Bauer,Loyal,Direct,15,Smart Plug,Electronics,2,110.18,0,220.36,0
2025-09-24,1468,186,Kai Novak,Loyal,Organic,33,Jump Rope,Sports,1,33.41,10,30.07,0
2025-09-24,1468,186,Kai Novak,Loyal,Organic,13,Webcam,Electronics,3,64,10,172.8,0
2025-09-24,1468,186,Kai Novak,Loyal,Organic,22,Scented Candle,Home,1,18.98,10,17.08,1
2025-09-24,1469,238,Avery Reyes,Champion,Referral,13,Webcam,Electronics,1,64,5,60.8,0
2025-09-24,1469,238,Avery Reyes,Champion,Referral,26,Shampoo Bar,Beauty,1,33.06,0,33.06,0
2025-09-24,1469,238,Avery Reyes,Champion,Referral,6,Beanie,Apparel,2,30.7,0,61.4,0
2025-09-24,1469,238,Avery Reyes,Champion,Referral,11,Phone Case,Electronics,1,22.01,5,20.91,0
2025-09-24,1470,279,Ivy Fischer,Loyal,Email,4,Joggers,Apparel,1,42.18,0,42.18,0
2025-09-24,1470,279,Ivy Fischer,Loyal,Email,28,SPF 50 Lotion,Beauty,1,34.44,10,31,1
2025-09-24,1470,279,Ivy Fischer,Loyal,Email,34,Running Belt,Sports,1,29.4,5,27.93,0
2025-09-24,1470,279,Ivy Fischer,Loyal,Email,34,Running Belt,Sports,1,29.4,10,26.46,0
2025-09-24,1471,386,Rowan Mendez,Loyal,Referral,8,Chino Pants,Apparel,1,64.72,0,64.72,0
2025-09-24,1472,409,Cole Osei,Loyal,Direct,13,Webcam,Electronics,1,64,5,60.8,0
2025-09-24,1473,416,Ivy Larsen,Loyal,Organic,29,Yoga Mat,Sports,3,24.63,10,66.5,0
2025-09-24,1474,425,Tessa Walsh,Regular,Paid Search,40,Art Kit,Toys,3,53.64,0,160.92,0
2025-09-24,1474,425,Tessa Walsh,Regular,Paid Search,8,Chino Pants,Apparel,1,64.72,0,64.72,0
2025-09-24,1475,436,Ivy Flynn,Champion,Organic,26,Shampoo Bar,Beauty,3,33.06,5,94.22,0
2025-09-24,1475,436,Ivy Flynn,Champion,Organic,6,Beanie,Apparel,1,30.7,0,30.7,0
2025-09-24,1475,436,Ivy Flynn,Champion,Organic,31,Resistance Bands,Sports,1,65.69,5,62.41,0
2025-09-24,1475,436,Ivy Flynn,Champion,Organic,4,Joggers,Apparel,1,42.18,10,37.96,0
2025-09-24,1476,523,Morgan Flynn,Loyal,Social,35,Building Blocks,Toys,1,32.84,10,29.56,0
2025-09-24,1476,523,Morgan Flynn,Loyal,Social,30,Water Bottle,Sports,1,46.55,10,41.9,1
2025-09-24,1476,523,Morgan Flynn,Loyal,Social,19,Cutting Board,Home,1,53.71,10,48.34,0
2025-09-24,1477,557,Drew Costa,New,Direct,18,LED Lamp,Home,1,50.85,0,50.85,1
2025-09-24,1478,597,Morgan Fischer,Loyal,Social,24,Lip Balm,Beauty,3,36.1,0,108.3,0
2025-09-24,1478,597,Morgan Fischer,Loyal,Social,12,Bluetooth Speaker,Electronics,1,98.02,10,88.22,0
2025-09-24,1479,679,Owen Park,Loyal,Paid Search,37,Plush Bear,Toys,2,15.95,0,31.9,0
2025-09-24,1480,700,Owen Cohen,Champion,Social,24,Lip Balm,Beauty,1,36.1,5,34.3,0
2025-09-24,1480,700,Owen Cohen,Champion,Social,15,Smart Plug,Electronics,2,110.18,0,220.36,0
2025-09-24,1480,700,Owen Cohen,Champion,Social,27,Hand Cream,Beauty,2,18.43,5,35.02,0
2025-09-24,1481,702,Noel Petrov,Loyal,Paid Search,10,USB-C Cable,Electronics,2,117.18,0,234.36,0
2025-09-24,1481,702,Noel Petrov,Loyal,Paid Search,24,Lip Balm,Beauty,1,36.1,10,32.49,0
2025-09-24,1481,702,Noel Petrov,Loyal,Paid Search,26,Shampoo Bar,Beauty,1,33.06,0,33.06,0
2025-09-24,1481,702,Noel Petrov,Loyal,Paid Search,4,Joggers,Apparel,2,42.18,5,80.14,0
2025-09-24,1482,779,Hugo Ibarra,Loyal,Organic,10,USB-C Cable,Electronics,2,117.18,10,210.92,1
2025-09-24,1483,831,Kai Bauer,Regular,Referral,36,Puzzle 500pc,Toys,1,44.86,20,35.89,0
2025-09-24,1484,833,Jamie Hassan,Loyal,Email,5,Socks 3-Pack,Apparel,2,65.81,5,125.04,0
2025-09-24,1484,833,Jamie Hassan,Loyal,Email,5,Socks 3-Pack,Apparel,1,65.81,0,65.81,0
2025-09-24,1484,833,Jamie Hassan,Loyal,Email,17,Ceramic Mug,Home,1,54.95,0,54.95,1
2025-09-24,1484,833,Jamie Hassan,Loyal,Email,5,Socks 3-Pack,Apparel,2,65.81,0,131.62,0
2025-09-24,1485,865,Rowan Costa,Champion,Referral,40,Art Kit,Toys,2,53.64,25,80.46,0
2025-09-24,1486,896,Tessa Yamada,At-Risk,Email,30,Water Bottle,Sports,2,46.55,0,93.1,1
2025-09-24,1487,905,Devon Fischer,Regular,Referral,36,Puzzle 500pc,Toys,2,44.86,10,80.75,0
2025-09-24,1487,905,Devon Fischer,Regular,Referral,17,Ceramic Mug,Home,1,54.95,20,43.96,0
2025-09-24,1488,922,Ivy Fischer,Regular,Referral,15,Smart Plug,Electronics,2,110.18,0,220.36,0
2025-09-25,1489,89,Wren Yamada,New,Social,34,Running Belt,Sports,1,29.4,0,29.4,0
2025-09-25,1490,90,Avery Novak,Champion,Paid Search,2,Hoodie,Apparel,1,19.91,5,18.91,0
2025-09-25,1490,90,Avery Novak,Champion,Paid Search,30,Water Bottle,Sports,3,46.55,0,139.65,0
2025-09-25,1491,131,Priya Cohen,Champion,Referral,35,Building Blocks,Toys,1,32.84,5,31.2,0
2025-09-25,1492,253,Quinn Tan,Regular,Paid Search,17,Ceramic Mug,Home,1,54.95,0,54.95,0
2025-09-25,1493,265,Ezra Okafor,Regular,Paid Search,1,Crew Tee,Apparel,1,53.87,0,53.87,0
2025-09-25,1493,265,Ezra Okafor,Regular,Paid Search,9,Wireless Earbuds,Electronics,1,94.29,0,94.29,0
2025-09-25,1494,279,Ivy Fischer,Loyal,Email,30,Water Bottle,Sports,1,46.55,20,37.24,0
2025-09-25,1495,307,Casey Ahmed,Champion,Organic,5,Socks 3-Pack,Apparel,1,65.81,0,65.81,0
2025-09-25,1496,334,Tessa Park,Loyal,Organic,5,Socks 3-Pack,Apparel,1,65.81,10,59.23,0
2025-09-25,1497,376,Ivy Bauer,Loyal,Paid Search,28,SPF 50 Lotion,Beauty,1,34.44,5,32.72,0
2025-09-25,1497,376,Ivy Bauer,Loyal,Paid Search,23,Vitamin C Serum,Beauty,2,32.33,5,61.43,0
2025-09-25,1498,436,Ivy Flynn,Champion,Organic,13,Webcam,Electronics,3,64,5,182.4,1
2025-09-25,1498,436,Ivy Flynn,Champion,Organic,1,Crew Tee,Apparel,1,53.87,10,48.48,0
2025-09-25,1498,436,Ivy Flynn,Champion,Organic,34,Running Belt,Sports,1,29.4,0,29.4,0
2025-09-25,1498,436,Ivy Flynn,Champion,Organic,31,Resistance Bands,Sports,3,65.69,10,177.36,0
2025-09-25,1499,472,Noel Ibarra,Loyal,Direct,9,Wireless Earbuds,Electronics,1,94.29,10,84.86,0
2025-09-25,1500,491,Kai Okafor,Regular,Direct,14,Power Bank,Electronics,1,64.37,0,64.37,0
2025-09-25,1500,491,Kai Okafor,Regular,Direct,6,Beanie,Apparel,1,30.7,0,30.7,0
2025-09-25,1500,491,Kai Okafor,Regular,Direct,16,Throw Pillow,Home,3,19.11,0,57.33,0
2025-09-25,1501,532,Sasha Yamada,Regular,Direct,34,Running Belt,Sports,1,29.4,0,29.4,0
2025-09-25,1502,578,Nora Marsh,Champion,Social,36,Puzzle 500pc,Toys,1,44.86,0,44.86,0
2025-09-25,1503,601,Owen Carter,Loyal,Social,19,Cutting Board,Home,1,53.71,5,51.02,0
2025-09-25,1504,679,Owen Park,Loyal,Paid Search,6,Beanie,Apparel,1,30.7,5,29.17,0
2025-09-25,1505,779,Hugo Ibarra,Loyal,Organic,2,Hoodie,Apparel,1,19.91,10,17.92,0
2025-09-25,1506,799,Lila Brooks,Loyal,Referral,40,Art Kit,Toys,2,53.64,0,107.28,0
2025-09-25,1507,823,Leo Brooks,Loyal,Email,15,Smart Plug,Electronics,2,110.18,0,220.36,0
2025-09-25,1508,872,Priya Romano,New,Paid Search,3,Denim Jacket,Apparel,1,65.95,0,65.95,0
2025-09-25,1508,872,Priya Romano,New,Paid Search,36,Puzzle 500pc,Toys,1,44.86,0,44.86,1
2025-09-25,1509,879,Tessa Patel,Regular,Referral,9,Wireless Earbuds,Electronics,1,94.29,0,94.29,0
2025-09-25,1509,879,Tessa Patel,Regular,Referral,32,Foam Roller,Sports,1,65.98,0,65.98,0
2025-09-25,1509,879,Tessa Patel,Regular,Referral,21,Storage Bin,Home,1,28.6,0,28.6,0
2025-09-25,1510,918,Owen Okafor,Loyal,Direct,33,Jump Rope,Sports,2,33.41,5,63.48,0
2025-09-25,1510,918,Owen Okafor,Loyal,Direct,7,Rain Shell,Apparel,1,23.29,5,22.13,0
2025-09-25,1511,931,Cole Reid,Champion,Organic,24,Lip Balm,Beauty,1,36.1,15,30.69,1
2025-09-25,1511,931,Cole Reid,Champion,Organic,17,Ceramic Mug,Home,1,54.95,15,46.71,0
2025-09-25,1511,931,Cole Reid,Champion,Organic,32,Foam Roller,Sports,1,65.98,20,52.78,0
2025-09-25,1512,940,Avery Flynn,Loyal,Direct,26,Shampoo Bar,Beauty,1,33.06,0,33.06,1
2025-09-25,1513,954,Morgan Walsh,Regular,Organic,25,Sheet Mask,Beauty,1,8.59,20,6.87,0
2025-09-25,1513,954,Morgan Walsh,Regular,Organic,38,Board Game,Toys,1,37.99,20,30.39,0
2025-09-25,1514,960,Wren Mendez,Champion,Social,10,USB-C Cable,Electronics,2,117.18,5,222.64,1
2025-09-25,1515,971,Nora Reid,Regular,Email,18,LED Lamp,Home,1,50.85,15,43.22,0
2025-09-25,1515,971,Nora Reid,Regular,Email,12,Bluetooth Speaker,Electronics,2,98.02,15,166.63,0
2025-09-26,1516,15,Ezra Bauer,Loyal,Direct,14,Power Bank,Electronics,3,64.37,10,173.8,1
2025-09-26,1517,86,Priya Okafor,Champion,Email,3,Denim Jacket,Apparel,1,65.95,10,59.36,0
2025-09-26,1518,106,Morgan Khan,New,Social,7,Rain Shell,Apparel,1,23.29,0,23.29,1
2025-09-26,1518,106,Morgan Khan,New,Social,16,Throw Pillow,Home,2,19.11,0,38.22,0
2025-09-26,1519,193,Nora Cohen,Loyal,Paid Search,31,Resistance Bands,Sports,3,65.69,0,197.07,0
2025-09-26,1519,193,Nora Cohen,Loyal,Paid Search,35,Building Blocks,Toys,1,32.84,5,31.2,0
2025-09-26,1520,222,Ivy Romano,Champion,Social,7,Rain Shell,Apparel,3,23.29,0,69.87,0
2025-09-26,1521,309,Leo Cohen,Loyal,Organic,25,Sheet Mask,Beauty,2,8.59,0,17.18,0
2025-09-26,1521,309,Leo Cohen,Loyal,Organic,19,Cutting Board,Home,1,53.71,10,48.34,0
2025-09-26,1521,309,Leo Cohen,Loyal,Organic,35,Building Blocks,Toys,3,32.84,10,88.67,0
2025-09-26,1522,356,Rowan Hassan,Regular,Email,1,Crew Tee,Apparel,1,53.87,0,53.87,0
2025-09-26,1522,356,Rowan Hassan,Regular,Email,10,USB-C Cable,Electronics,1,117.18,0,117.18,0
2025-09-26,1523,358,Casey Carter,Champion,Organic,20,Towel Set,Home,1,19.75,10,17.78,0
2025-09-26,1523,358,Casey Carter,Champion,Organic,5,Socks 3-Pack,Apparel,3,65.81,0,197.43,1
2025-09-26,1524,398,Harper Larsen,Loyal,Paid Search,40,Art Kit,Toys,3,53.64,0,160.92,0
2025-09-26,1525,400,Reese Novak,Regular,Paid Search,24,Lip Balm,Beauty,2,36.1,0,72.2,0
2025-09-26,1525,400,Reese Novak,Regular,Paid Search,16,Throw Pillow,Home,3,19.11,0,57.33,0
2025-09-26,1525,400,Reese Novak,Regular,Paid Search,17,Ceramic Mug,Home,1,54.95,0,54.95,0
2025-09-26,1525,400,Reese Novak,Regular,Paid Search,25,Sheet Mask,Beauty,1,8.59,0,8.59,0
2025-09-26,1526,405,Tessa Kowalski,Loyal,Organic,9,Wireless Earbuds,Electronics,1,94.29,5,89.58,0
2025-09-26,1526,405,Tessa Kowalski,Loyal,Organic,26,Shampoo Bar,Beauty,1,33.06,5,31.41,0
2025-09-26,1527,490,Jamie Romano,Loyal,Organic,18,LED Lamp,Home,3,50.85,5,144.92,0
2025-09-26,1527,490,Jamie Romano,Loyal,Organic,3,Denim Jacket,Apparel,1,65.95,5,62.65,0
2025-09-26,1528,499,Hugo Fischer,New,Email,37,Plush Bear,Toys,1,15.95,0,15.95,0
2025-09-26,1529,527,Jamie Fischer,Champion,Referral,8,Chino Pants,Apparel,1,64.72,10,58.25,0
2025-09-26,1530,535,Taylor Patel,Loyal,Referral,37,Plush Bear,Toys,1,15.95,15,13.56,0
2025-09-26,1530,535,Taylor Patel,Loyal,Referral,2,Hoodie,Apparel,1,19.91,20,15.93,0
2025-09-26,1530,535,Taylor Patel,Loyal,Referral,24,Lip Balm,Beauty,1,36.1,15,30.69,1
2025-09-26,1531,641,Avery Novak,New,Organic,24,Lip Balm,Beauty,1,36.1,0,36.1,0
2025-09-26,1532,716,Iris Reyes,Champion,Email,5,Socks 3-Pack,Apparel,1,65.81,5,62.52,0
2025-09-26,1532,716,Iris Reyes,Champion,Email,29,Yoga Mat,Sports,1,24.63,0,24.63,0
2025-09-26,1533,779,Hugo Ibarra,Loyal,Organic,27,Hand Cream,Beauty,2,18.43,5,35.02,0
2025-09-26,1534,785,Rowan Costa,At-Risk,Social,13,Webcam,Electronics,2,64,0,128,0
2025-09-26,1534,785,Rowan Costa,At-Risk,Social,31,Resistance Bands,Sports,2,65.69,0,131.38,0
2025-09-26,1535,845,Jordan Costa,Champion,Email,8,Chino Pants,Apparel,1,64.72,5,61.48,0
2025-09-26,1535,845,Jordan Costa,Champion,Email,12,Bluetooth Speaker,Electronics,1,98.02,0,98.02,0
2025-09-26,1535,845,Jordan Costa,Champion,Email,33,Jump Rope,Sports,2,33.41,10,60.14,1
2025-09-26,1536,883,Maya Yamada,Regular,Paid Search,36,Puzzle 500pc,Toys,1,44.86,0,44.86,0
2025-09-26,1536,883,Maya Yamada,Regular,Paid Search,23,Vitamin C Serum,Beauty,1,32.33,0,32.33,0
2025-09-26,1537,915,Riley Park,Champion,Referral,22,Scented Candle,Home,1,18.98,0,18.98,0
2025-09-27,1538,6,Tessa Walsh,Loyal,Organic,15,Smart Plug,Electronics,2,110.18,15,187.31,0
2025-09-27,1539,28,Owen Sullivan,Loyal,Organic,8,Chino Pants,Apparel,1,64.72,10,58.25,0
2025-09-27,1539,28,Owen Sullivan,Loyal,Organic,21,Storage Bin,Home,1,28.6,0,28.6,1
2025-09-27,1539,28,Owen Sullivan,Loyal,Organic,2,Hoodie,Apparel,1,19.91,10,17.92,0
2025-09-27,1539,28,Owen Sullivan,Loyal,Organic,19,Cutting Board,Home,1,53.71,10,48.34,0
2025-09-27,1540,36,Iris Park,Champion,Organic,21,Storage Bin,Home,2,28.6,5,54.34,0
2025-09-27,1541,49,Nora Romano,Loyal,Direct,32,Foam Roller,Sports,1,65.98,0,65.98,0
2025-09-27,1542,94,Maya Diaz,Loyal,Social,34,Running Belt,Sports,3,29.4,0,88.2,0
2025-09-27,1542,94,Maya Diaz,Loyal,Social,26,Shampoo Bar,Beauty,1,33.06,0,33.06,0
2025-09-27,1542,94,Maya Diaz,Loyal,Social,19,Cutting Board,Home,1,53.71,5,51.02,0
2025-09-27,1543,114,Avery Marsh,Loyal,Social,21,Storage Bin,Home,1,28.6,0,28.6,0
2025-09-27,1544,137,Iris Larsen,New,Email,3,Denim Jacket,Apparel,3,65.95,0,197.85,0
2025-09-27,1544,137,Iris Larsen,New,Email,8,Chino Pants,Apparel,1,64.72,0,64.72,0
2025-09-27,1545,156,Hugo Flynn,Champion,Email,2,Hoodie,Apparel,1,19.91,0,19.91,0
2025-09-27,1546,172,Morgan Okafor,Loyal,Direct,33,Jump Rope,Sports,2,33.41,25,50.11,0
2025-09-27,1546,172,Morgan Okafor,Loyal,Direct,24,Lip Balm,Beauty,1,36.1,25,27.08,0
2025-09-27,1546,172,Morgan Okafor,Loyal,Direct,27,Hand Cream,Beauty,3,18.43,15,47,0
2025-09-27,1547,211,Leo Petrov,Regular,Organic,25,Sheet Mask,Beauty,1,8.59,0,8.59,0
2025-09-27,1548,286,Leo Petrov,Champion,Referral,32,Foam Roller,Sports,2,65.98,5,125.36,0
2025-09-27,1548,286,Leo Petrov,Champion,Referral,7,Rain Shell,Apparel,1,23.29,0,23.29,0
2025-09-27,1548,286,Leo Petrov,Champion,Referral,3,Denim Jacket,Apparel,1,65.95,0,65.95,0
2025-09-27,1549,340,Reese Yamada,Loyal,Referral,9,Wireless Earbuds,Electronics,3,94.29,10,254.58,0
2025-09-27,1550,355,Tessa Park,Loyal,Direct,20,Towel Set,Home,1,19.75,5,18.76,0
2025-09-27,1550,355,Tessa Park,Loyal,Direct,17,Ceramic Mug,Home,3,54.95,10,148.37,0
2025-09-27,1550,355,Tessa Park,Loyal,Direct,32,Foam Roller,Sports,3,65.98,0,197.94,0
2025-09-27,1550,355,Tessa Park,Loyal,Direct,7,Rain Shell,Apparel,2,23.29,0,46.58,0
2025-09-27,1551,381,Kai Reid,Regular,Email,35,Building Blocks,Toys,2,32.84,0,65.68,0
2025-09-27,1551,381,Kai Reid,Regular,Email,24,Lip Balm,Beauty,1,36.1,0,36.1,0
2025-09-27,1552,386,Rowan Mendez,Loyal,Referral,16,Throw Pillow,Home,2,19.11,0,38.22,0
2025-09-27,1552,386,Rowan Mendez,Loyal,Referral,2,Hoodie,Apparel,1,19.91,0,19.91,0
2025-09-27,1553,429,Jamie Okafor,Champion,Email,33,Jump Rope,Sports,1,33.41,25,25.06,0
2025-09-27,1554,433,Nora Marsh,Loyal,Organic,29,Yoga Mat,Sports,3,24.63,0,73.89,0
2025-09-27,1554,433,Nora Marsh,Loyal,Organic,13,Webcam,Electronics,1,64,0,64,0
2025-09-27,1554,433,Nora Marsh,Loyal,Organic,18,LED Lamp,Home,1,50.85,10,45.77,0
2025-09-27,1555,460,Harper Tan,Champion,Email,7,Rain Shell,Apparel,1,23.29,10,20.96,0
2025-09-27,1556,499,Hugo Fischer,New,Email,19,Cutting Board,Home,1,53.71,0,53.71,0
2025-09-27,1556,499,Hugo Fischer,New,Email,32,Foam Roller,Sports,1,65.98,0,65.98,0
2025-09-27,1556,499,Hugo Fischer,New,Email,37,Plush Bear,Toys,1,15.95,0,15.95,0
2025-09-27,1557,508,Riley Diaz,Loyal,Email,17,Ceramic Mug,Home,3,54.95,0,164.85,1
2025-09-27,1557,508,Riley Diaz,Loyal,Email,1,Crew Tee,Apparel,1,53.87,10,48.48,0
2025-09-27,1558,526,Mateo Flynn,Regular,Social,38,Board Game,Toys,2,37.99,10,68.38,0
2025-09-27,1558,526,Mateo Flynn,Regular,Social,31,Resistance Bands,Sports,1,65.69,20,52.55,0
2025-09-27,1558,526,Mateo Flynn,Regular,Social,23,Vitamin C Serum,Beauty,1,32.33,20,25.86,0
2025-09-27,1558,526,Mateo Flynn,Regular,Social,34,Running Belt,Sports,3,29.4,15,74.97,0
2025-09-27,1559,527,Jamie Fischer,Champion,Referral,17,Ceramic Mug,Home,2,54.95,10,98.91,0
2025-09-27,1559,527,Jamie Fischer,Champion,Referral,23,Vitamin C Serum,Beauty,3,32.33,10,87.29,1
2025-09-27,1560,578,Nora Marsh,Champion,Social,9,Wireless Earbuds,Electronics,1,94.29,0,94.29,0
2025-09-27,1560,578,Nora Marsh,Champion,Social,3,Denim Jacket,Apparel,1,65.95,10,59.36,0
2025-09-27,1560,578,Nora Marsh,Champion,Social,7,Rain Shell,Apparel,2,23.29,0,46.58,0
2025-09-27,1561,601,Owen Carter,Loyal,Social,26,Shampoo Bar,Beauty,3,33.06,10,89.26,0
2025-09-27,1562,636,Casey Petrov,Loyal,Organic,37,Plush Bear,Toys,1,15.95,10,14.36,0
2025-09-27,1562,636,Casey Petrov,Loyal,Organic,24,Lip Balm,Beauty,1,36.1,10,32.49,0
2025-09-27,1562,636,Casey Petrov,Loyal,Organic,13,Webcam,Electronics,1,64,0,64,0
2025-09-27,1563,640,Avery Romano,Champion,Organic,39,RC Car,Toys,1,33.63,5,31.95,0
2025-09-27,1564,658,Leo Carter,At-Risk,Social,8,Chino Pants,Apparel,1,64.72,25,48.54,0
2025-09-27,1564,658,Leo Carter,At-Risk,Social,37,Plush Bear,Toys,1,15.95,15,13.56,1
2025-09-27,1565,691,Ivy Reyes,At-Risk,Direct,11,Phone Case,Electronics,1,22.01,15,18.71,0
2025-09-27,1565,691,Ivy Reyes,At-Risk,Direct,10,USB-C Cable,Electronics,1,117.18,25,87.89,1
2025-09-27,1566,716,Iris Reyes,Champion,Email,25,Sheet Mask,Beauty,1,8.59,0,8.59,0
2025-09-27,1566,716,Iris Reyes,Champion,Email,21,Storage Bin,Home,1,28.6,5,27.17,0
2025-09-27,1567,787,Tessa Reyes,Regular,Email,14,Power Bank,Electronics,1,64.37,15,54.71,0
2025-09-27,1568,874,Avery Marsh,Loyal,Referral,28,SPF 50 Lotion,Beauty,2,34.44,0,68.88,0
2025-09-27,1569,945,Jamie Novak,Champion,Email,27,Hand Cream,Beauty,1,18.43,10,16.59,0
2025-09-27,1569,945,Jamie Novak,Champion,Email,20,Towel Set,Home,1,19.75,10,17.78,0
2025-09-27,1570,967,Morgan Fischer,Loyal,Organic,11,Phone Case,Electronics,2,22.01,20,35.22,0
2025-09-27,1570,967,Morgan Fischer,Loyal,Organic,27,Hand Cream,Beauty,1,18.43,10,16.59,0
2025-09-27,1570,967,Morgan Fischer,Loyal,Organic,29,Yoga Mat,Sports,1,24.63,20,19.7,0
2025-09-28,1571,7,Wren Larsen,Loyal,Referral,10,USB-C Cable,Electronics,1,117.18,10,105.46,0
2025-09-28,1571,7,Wren Larsen,Loyal,Referral,30,Water Bottle,Sports,1,46.55,0,46.55,0
2025-09-28,1571,7,Wren Larsen,Loyal,Referral,23,Vitamin C Serum,Beauty,1,32.33,5,30.71,0
2025-09-28,1571,7,Wren Larsen,Loyal,Referral,11,Phone Case,Electronics,1,22.01,0,22.01,0
2025-09-28,1572,15,Ezra Bauer,Loyal,Direct,7,Rain Shell,Apparel,1,23.29,0,23.29,0
2025-09-28,1572,15,Ezra Bauer,Loyal,Direct,24,Lip Balm,Beauty,1,36.1,5,34.3,0
2025-09-28,1572,15,Ezra Bauer,Loyal,Direct,27,Hand Cream,Beauty,1,18.43,5,17.51,0
2025-09-28,1573,28,Owen Sullivan,Loyal,Organic,24,Lip Balm,Beauty,1,36.1,10,32.49,0
2025-09-28,1574,90,Avery Novak,Champion,Paid Search,14,Power Bank,Electronics,1,64.37,0,64.37,0
2025-09-28,1574,90,Avery Novak,Champion,Paid Search,32,Foam Roller,Sports,1,65.98,0,65.98,0
2025-09-28,1575,93,Leo Larsen,New,Social,26,Shampoo Bar,Beauty,2,33.06,0,66.12,0
2025-09-28,1576,112,Jordan Fischer,At-Risk,Email,7,Rain Shell,Apparel,3,23.29,0,69.87,0
2025-09-28,1577,191,Tessa Ibarra,Loyal,Paid Search,30,Water Bottle,Sports,1,46.55,0,46.55,0
2025-09-28,1577,191,Tessa Ibarra,Loyal,Paid Search,28,SPF 50 Lotion,Beauty,3,34.44,10,92.99,0
2025-09-28,1578,243,Riley Brooks,Regular,Paid Search,2,Hoodie,Apparel,1,19.91,0,19.91,0
2025-09-28,1578,243,Riley Brooks,Regular,Paid Search,11,Phone Case,Electronics,2,22.01,0,44.02,1
2025-09-28,1579,292,Cole Marsh,Champion,Direct,36,Puzzle 500pc,Toys,1,44.86,0,44.86,0
2025-09-28,1579,292,Cole Marsh,Champion,Direct,20,Towel Set,Home,1,19.75,5,18.76,0
2025-09-28,1579,292,Cole Marsh,Champion,Direct,10,USB-C Cable,Electronics,3,117.18,10,316.39,0
2025-09-28,1579,292,Cole Marsh,Champion,Direct,24,Lip Balm,Beauty,1,36.1,5,34.3,0
2025-09-28,1580,295,Priya Diaz,Champion,Paid Search,24,Lip Balm,Beauty,3,36.1,5,102.89,0
2025-09-28,1581,319,Tessa Petrov,Loyal,Paid Search,21,Storage Bin,Home,1,28.6,0,28.6,0
2025-09-28,1582,377,Nora Diaz,New,Social,21,Storage Bin,Home,1,28.6,0,28.6,0
2025-09-28,1582,377,Nora Diaz,New,Social,37,Plush Bear,Toys,1,15.95,0,15.95,0
2025-09-28,1582,377,Nora Diaz,New,Social,17,Ceramic Mug,Home,1,54.95,0,54.95,0
2025-09-28,1583,380,Quinn Bauer,Champion,Referral,37,Plush Bear,Toys,2,15.95,0,31.9,0
2025-09-28,1584,428,Quinn Diaz,Champion,Paid Search,4,Joggers,Apparel,3,42.18,0,126.54,0
2025-09-28,1584,428,Quinn Diaz,Champion,Paid Search,30,Water Bottle,Sports,1,46.55,0,46.55,0
2025-09-28,1585,446,Priya Osei,Loyal,Referral,40,Art Kit,Toys,2,53.64,5,101.92,0
2025-09-28,1586,450,Lila Bauer,Loyal,Paid Search,23,Vitamin C Serum,Beauty,1,32.33,0,32.33,0
2025-09-28,1586,450,Lila Bauer,Loyal,Paid Search,16,Throw Pillow,Home,1,19.11,0,19.11,0
2025-09-28,1587,470,Ezra Tan,Champion,Social,19,Cutting Board,Home,1,53.71,5,51.02,0
2025-09-28,1588,540,Hugo Sullivan,Regular,Referral,36,Puzzle 500pc,Toys,2,44.86,15,76.26,0
2025-09-28,1589,545,Jamie Osei,Regular,Paid Search,35,Building Blocks,Toys,1,32.84,0,32.84,0
2025-09-28,1589,545,Jamie Osei,Regular,Paid Search,25,Sheet Mask,Beauty,1,8.59,0,8.59,0
2025-09-28,1589,545,Jamie Osei,Regular,Paid Search,25,Sheet Mask,Beauty,1,8.59,0,8.59,0
2025-09-28,1590,550,Cole Ibarra,Champion,Organic,27,Hand Cream,Beauty,2,18.43,10,33.17,0
2025-09-28,1590,550,Cole Ibarra,Champion,Organic,12,Bluetooth Speaker,Electronics,1,98.02,20,78.42,0
2025-09-28,1590,550,Cole Ibarra,Champion,Organic,6,Beanie,Apparel,1,30.7,25,23.03,0
2025-09-28,1591,601,Owen Carter,Loyal,Social,1,Crew Tee,Apparel,1,53.87,10,48.48,0
2025-09-28,1592,605,Jamie Carter,Loyal,Direct,35,Building Blocks,Toys,1,32.84,0,32.84,0
2025-09-28,1592,605,Jamie Carter,Loyal,Direct,20,Towel Set,Home,1,19.75,0,19.75,0
2025-09-28,1593,607,Taylor Marsh,Regular,Paid Search,35,Building Blocks,Toys,1,32.84,0,32.84,0
2025-09-28,1594,709,Ezra Mendez,Loyal,Referral,20,Towel Set,Home,1,19.75,0,19.75,0
2025-09-28,1595,711,Morgan Novak,Loyal,Direct,32,Foam Roller,Sports,1,65.98,0,65.98,0
2025-09-28,1596,857,Noel Osei,Champion,Referral,36,Puzzle 500pc,Toys,2,44.86,0,89.72,1
2025-09-28,1596,857,Noel Osei,Champion,Referral,33,Jump Rope,Sports,1,33.41,5,31.74,0
2025-09-28,1597,863,Jamie Costa,New,Email,29,Yoga Mat,Sports,1,24.63,0,24.63,0
2025-09-28,1597,863,Jamie Costa,New,Email,33,Jump Rope,Sports,1,33.41,0,33.41,0
2025-09-28,1597,863,Jamie Costa,New,Email,7,Rain Shell,Apparel,1,23.29,0,23.29,0
2025-09-28,1598,919,Quinn Ibarra,Regular,Referral,22,Scented Candle,Home,1,18.98,0,18.98,0
2025-09-28,1598,919,Quinn Ibarra,Regular,Referral,12,Bluetooth Speaker,Electronics,1,98.02,0,98.02,0
2025-09-28,1598,919,Quinn Ibarra,Regular,Referral,9,Wireless Earbuds,Electronics,3,94.29,0,282.87,0
2025-09-28,1599,945,Jamie Novak,Champion,Email,20,Towel Set,Home,1,19.75,0,19.75,0
2025-09-28,1599,945,Jamie Novak,Champion,Email,27,Hand Cream,Beauty,1,18.43,5,17.51,0
2025-09-28,1600,952,Mateo Romano,At-Risk,Email,29,Yoga Mat,Sports,3,24.63,0,73.89,0
2025-09-28,1600,952,Mateo Romano,At-Risk,Email,40,Art Kit,Toys,1,53.64,0,53.64,0
2025-09-29,1601,40,Owen Fischer,Regular,Direct,7,Rain Shell,Apparel,3,23.29,0,69.87,0
2025-09-29,1601,40,Owen Fischer,Regular,Direct,16,Throw Pillow,Home,1,19.11,0,19.11,0
2025-09-29,1602,114,Avery Marsh,Loyal,Social,3,Denim Jacket,Apparel,1,65.95,5,62.65,0
2025-09-29,1602,114,Avery Marsh,Loyal,Social,18,LED Lamp,Home,2,50.85,0,101.7,0
2025-09-29,1602,114,Avery Marsh,Loyal,Social,16,Throw Pillow,Home,1,19.11,0,19.11,0
2025-09-29,1602,114,Avery Marsh,Loyal,Social,32,Foam Roller,Sports,2,65.98,10,118.76,0
2025-09-29,1603,141,Maya Romano,Loyal,Organic,25,Sheet Mask,Beauty,2,8.59,5,16.32,0
2025-09-29,1603,141,Maya Romano,Loyal,Organic,19,Cutting Board,Home,1,53.71,10,48.34,0
2025-09-29,1604,191,Tessa Ibarra,Loyal,Paid Search,24,Lip Balm,Beauty,1,36.1,0,36.1,0
2025-09-29,1604,191,Tessa Ibarra,Loyal,Paid Search,36,Puzzle 500pc,Toys,1,44.86,0,44.86,0
2025-09-29,1605,210,Nora Ibarra,New,Social,31,Resistance Bands,Sports,1,65.69,25,49.27,0
2025-09-29,1605,210,Nora Ibarra,New,Social,17,Ceramic Mug,Home,2,54.95,20,87.92,0
2025-09-29,1605,210,Nora Ibarra,New,Social,25,Sheet Mask,Beauty,1,8.59,10,7.73,0
2025-09-29,1605,210,Nora Ibarra,New,Social,10,USB-C Cable,Electronics,2,117.18,15,199.21,0
2025-09-29,1606,242,Sasha Hassan,Loyal,Paid Search,10,USB-C Cable,Electronics,2,117.18,0,234.36,0
2025-09-29,1606,242,Sasha Hassan,Loyal,Paid Search,35,Building Blocks,Toys,1,32.84,0,32.84,0
2025-09-29,1606,242,Sasha Hassan,Loyal,Paid Search,1,Crew Tee,Apparel,1,53.87,0,53.87,0
2025-09-29,1607,318,Morgan Flynn,At-Risk,Paid Search,32,Foam Roller,Sports,1,65.98,0,65.98,0
2025-09-29,1607,318,Morgan Flynn,At-Risk,Paid Search,29,Yoga Mat,Sports,2,24.63,0,49.26,1
2025-09-29,1608,334,Tessa Park,Loyal,Organic,21,Storage Bin,Home,1,28.6,0,28.6,0
2025-09-29,1609,361,Cole Flynn,Loyal,Email,26,Shampoo Bar,Beauty,2,33.06,5,62.81,0
2025-09-29,1610,424,Riley Marsh,New,Paid Search,9,Wireless Earbuds,Electronics,1,94.29,10,84.86,0
2025-09-29,1610,424,Riley Marsh,New,Paid Search,17,Ceramic Mug,Home,1,54.95,25,41.21,0
2025-09-29,1611,477,Wren Romano,Loyal,Organic,1,Crew Tee,Apparel,1,53.87,10,48.48,0
2025-09-29,1612,536,Hugo Tan,At-Risk,Direct,24,Lip Balm,Beauty,1,36.1,20,28.88,0
2025-09-29,1613,550,Cole Ibarra,Champion,Organic,36,Puzzle 500pc,Toys,3,44.86,5,127.85,0
2025-09-29,1613,550,Cole Ibarra,Champion,Organic,24,Lip Balm,Beauty,1,36.1,0,36.1,1
2025-09-29,1614,579,Lila Novak,Regular,Social,12,Bluetooth Speaker,Electronics,1,98.02,0,98.02,0
2025-09-29,1615,659,Kai Nguyen,New,Referral,29,Yoga Mat,Sports,1,24.63,0,24.63,0
2025-09-29,1616,667,Maya Petrov,Champion,Paid Search,25,Sheet Mask,Beauty,1,8.59,5,8.16,0
2025-09-29,1616,667,Maya Petrov,Champion,Paid Search,13,Webcam,Electronics,1,64,10,57.6,1
2025-09-29,1616,667,Maya Petrov,Champion,Paid Search,20,Towel Set,Home,1,19.75,0,19.75,0
2025-09-29,1617,683,Owen Patel,Loyal,Email,40,Art Kit,Toys,2,53.64,0,107.28,0
2025-09-29,1617,683,Owen Patel,Loyal,Email,2,Hoodie,Apparel,1,19.91,0,19.91,1
2025-09-29,1617,683,Owen Patel,Loyal,Email,3,Denim Jacket,Apparel,1,65.95,10,59.36,0
2025-09-29,1617,683,Owen Patel,Loyal,Email,32,Foam Roller,Sports,1,65.98,10,59.38,0
2025-09-29,1618,743,Riley Ahmed,Regular,Organic,10,USB-C Cable,Electronics,1,117.18,0,117.18,0
2025-09-29,1618,743,Riley Ahmed,Regular,Organic,18,LED Lamp,Home,2,50.85,0,101.7,0
2025-09-29,1618,743,Riley Ahmed,Regular,Organic,18,LED Lamp,Home,2,50.85,0,101.7,0
2025-09-29,1619,755,Mateo Mendez,Regular,Referral,37,Plush Bear,Toys,1,15.95,0,15.95,0
2025-09-29,1619,755,Mateo Mendez,Regular,Referral,4,Joggers,Apparel,1,42.18,0,42.18,0
2025-09-29,1619,755,Mateo Mendez,Regular,Referral,22,Scented Candle,Home,3,18.98,0,56.94,0
2025-09-29,1620,804,Leo Costa,Regular,Direct,20,Towel Set,Home,1,19.75,0,19.75,0
2025-09-29,1620,804,Leo Costa,Regular,Direct,16,Throw Pillow,Home,1,19.11,0,19.11,0
2025-09-29,1620,804,Leo Costa,Regular,Direct,21,Storage Bin,Home,1,28.6,0,28.6,0
2025-09-29,1621,839,Riley Khan,Loyal,Email,27,Hand Cream,Beauty,1,18.43,10,16.59,0
2025-09-29,1622,852,Sasha Ahmed,Champion,Referral,13,Webcam,Electronics,3,64,10,172.8,0
2025-09-29,1622,852,Sasha Ahmed,Champion,Referral,29,Yoga Mat,Sports,1,24.63,0,24.63,0
2025-09-29,1623,887,Cole Patel,Regular,Organic,9,Wireless Earbuds,Electronics,3,94.29,0,282.87,1
2025-09-29,1624,893,Kai Sullivan,Loyal,Organic,17,Ceramic Mug,Home,2,54.95,20,87.92,0
2025-09-29,1624,893,Kai Sullivan,Loyal,Organic,34,Running Belt,Sports,1,29.4,10,26.46,0
2025-09-30,1625,7,Wren Larsen,Loyal,Referral,40,Art Kit,Toys,1,53.64,5,50.96,0
2025-09-30,1626,12,Hugo Carter,Loyal,Paid Search,12,Bluetooth Speaker,Electronics,1,98.02,10,88.22,0
2025-09-30,1627,36,Iris Park,Champion,Organic,10,USB-C Cable,Electronics,1,117.18,10,105.46,0
2025-09-30,1628,42,Cole Reyes,Champion,Email,9,Wireless Earbuds,Electronics,1,94.29,5,89.58,0
2025-09-30,1628,42,Cole Reyes,Champion,Email,12,Bluetooth Speaker,Electronics,1,98.02,10,88.22,0
2025-09-30,1629,79,Kai Patel,Loyal,Direct,18,LED Lamp,Home,1,50.85,0,50.85,0
2025-09-30,1629,79,Kai Patel,Loyal,Direct,25,Sheet Mask,Beauty,1,8.59,5,8.16,0
2025-09-30,1630,151,Harper Patel,Loyal,Social,24,Lip Balm,Beauty,1,36.1,10,32.49,0
2025-09-30,1630,151,Harper Patel,Loyal,Social,36,Puzzle 500pc,Toys,1,44.86,0,44.86,0
2025-09-30,1631,218,Taylor Patel,Champion,Paid Search,16,Throw Pillow,Home,1,19.11,0,19.11,1
2025-09-30,1632,234,Kai Walsh,Loyal,Paid Search,18,LED Lamp,Home,3,50.85,5,144.92,0
2025-09-30,1633,271,Nora Bauer,Loyal,Email,34,Running Belt,Sports,1,29.4,0,29.4,0
2025-09-30,1633,271,Nora Bauer,Loyal,Email,27,Hand Cream,Beauty,3,18.43,5,52.53,0
2025-09-30,1634,284,Sasha Okafor,Regular,Social,1,Crew Tee,Apparel,1,53.87,0,53.87,0
2025-09-30,1634,284,Sasha Okafor,Regular,Social,29,Yoga Mat,Sports,1,24.63,0,24.63,0
2025-09-30,1634,284,Sasha Okafor,Regular,Social,35,Building Blocks,Toys,2,32.84,0,65.68,0
2025-09-30,1635,285,Jamie Sullivan,New,Referral,20,Towel Set,Home,1,19.75,0,19.75,0
2025-09-30,1636,312,Ivy Petrov,Regular,Direct,22,Scented Candle,Home,1,18.98,0,18.98,0
2025-09-30,1637,349,Avery Romano,Regular,Direct,14,Power Bank,Electronics,1,64.37,0,64.37,1
2025-09-30,1638,380,Quinn Bauer,Champion,Referral,33,Jump Rope,Sports,1,33.41,25,25.06,0
2025-09-30,1638,380,Quinn Bauer,Champion,Referral,25,Sheet Mask,Beauty,1,8.59,10,7.73,0
2025-09-30,1639,391,Leo Tan,Regular,Organic,30,Water Bottle,Sports,1,46.55,0,46.55,1
2025-09-30,1640,394,Kai Diaz,Champion,Email,19,Cutting Board,Home,1,53.71,10,48.34,0
2025-09-30,1641,422,Iris Mendez,Champion,Social,23,Vitamin C Serum,Beauty,2,32.33,10,58.19,0
2025-09-30,1641,422,Iris Mendez,Champion,Social,31,Resistance Bands,Sports,1,65.69,5,62.41,0
2025-09-30,1642,429,Jamie Okafor,Champion,Email,39,RC Car,Toys,1,33.63,5,31.95,0
2025-09-30,1643,436,Ivy Flynn,Champion,Organic,34,Running Belt,Sports,2,29.4,10,52.92,0
2025-09-30,1643,436,Ivy Flynn,Champion,Organic,31,Resistance Bands,Sports,2,65.69,5,124.81,0
2025-09-30,1644,470,Ezra Tan,Champion,Social,10,USB-C Cable,Electronics,1,117.18,10,105.46,0
2025-09-30,1645,511,Morgan Petrov,Regular,Direct,22,Scented Candle,Home,2,18.98,15,32.27,1
2025-09-30,1646,531,Wren Carter,Loyal,Direct,5,Socks 3-Pack,Apparel,3,65.81,0,197.43,0
2025-09-30,1646,531,Wren Carter,Loyal,Direct,9,Wireless Earbuds,Electronics,1,94.29,5,89.58,0
2025-09-30,1647,544,Taylor Park,Regular,Social,34,Running Belt,Sports,2,29.4,0,58.8,1
2025-09-30,1648,547,Harper Costa,Loyal,Email,19,Cutting Board,Home,2,53.71,0,107.42,0
2025-09-30,1648,547,Harper Costa,Loyal,Email,11,Phone Case,Electronics,1,22.01,0,22.01,0
2025-09-30,1649,672,Priya Petrov,Loyal,Organic,18,LED Lamp,Home,1,50.85,0,50.85,0
2025-09-30,1650,703,Avery Mendez,Loyal,Organic,10,USB-C Cable,Electronics,3,117.18,0,351.54,0
2025-09-30,1650,703,Avery Mendez,Loyal,Organic,21,Storage Bin,Home,1,28.6,0,28.6,0
2025-09-30,1651,731,Wren Reyes,Regular,Social,9,Wireless Earbuds,Electronics,1,94.29,10,84.86,0
2025-09-30,1652,803,Quinn Sullivan,Regular,Organic,24,Lip Balm,Beauty,1,36.1,0,36.1,0
2025-09-30,1653,906,Reese Carter,Loyal,Social,40,Art Kit,Toys,2,53.64,10,96.55,0
2025-09-30,1653,906,Reese Carter,Loyal,Social,20,Towel Set,Home,2,19.75,10,35.55,0
2025-09-30,1654,934,Taylor Kowalski,Regular,Direct,8,Chino Pants,Apparel,2,64.72,0,129.44,0
2025-09-30,1655,938,Mateo Bauer,At-Risk,Paid Search,3,Denim Jacket,Apparel,1,65.95,0,65.95,0
2025-09-30,1655,938,Mateo Bauer,At-Risk,Paid Search,38,Board Game,Toys,2,37.99,0,75.98,0
2025-09-30,1656,955,Taylor Yamada,Regular,Referral,23,Vitamin C Serum,Beauty,1,32.33,0,32.33,0
2025-09-30,1657,960,Wren Mendez,Champion,Social,4,Joggers,Apparel,1,42.18,0,42.18,0
2025-09-30,1657,960,Wren Mendez,Champion,Social,11,Phone Case,Electronics,1,22.01,0,22.01,0
2025-09-30,1657,960,Wren Mendez,Champion,Social,26,Shampoo Bar,Beauty,2,33.06,0,66.12,0
2025-10-01,1658,102,Priya Kowalski,Loyal,Referral,8,Chino Pants,Apparel,1,64.72,25,48.54,0
2025-10-01,1659,161,Quinn Kowalski,At-Risk,Social,39,RC Car,Toys,1,33.63,0,33.63,0
2025-10-01,1659,161,Quinn Kowalski,At-Risk,Social,23,Vitamin C Serum,Beauty,1,32.33,0,32.33,0
2025-10-01,1659,161,Quinn Kowalski,At-Risk,Social,36,Puzzle 500pc,Toys,2,44.86,0,89.72,0
2025-10-01,1659,161,Quinn Kowalski,At-Risk,Social,15,Smart Plug,Electronics,1,110.18,0,110.18,0
2025-10-01,1660,237,Devon Yamada,New,Email,9,Wireless Earbuds,Electronics,1,94.29,15,80.15,0
2025-10-01,1661,242,Sasha Hassan,Loyal,Paid Search,27,Hand Cream,Beauty,1,18.43,0,18.43,0
2025-10-01,1661,242,Sasha Hassan,Loyal,Paid Search,34,Running Belt,Sports,1,29.4,5,27.93,0
2025-10-01,1662,251,Tessa Ahmed,Regular,Social,5,Socks 3-Pack,Apparel,1,65.81,10,59.23,0
2025-10-01,1662,251,Tessa Ahmed,Regular,Social,36,Puzzle 500pc,Toys,1,44.86,10,40.37,0
2025-10-01,1663,264,Lila Novak,Regular,Social,26,Shampoo Bar,Beauty,2,33.06,0,66.12,0
2025-10-01,1663,264,Lila Novak,Regular,Social,37,Plush Bear,Toys,3,15.95,0,47.85,0
2025-10-01,1664,274,Drew Flynn,Loyal,Email,27,Hand Cream,Beauty,2,18.43,25,27.65,0
2025-10-01,1664,274,Drew Flynn,Loyal,Email,13,Webcam,Electronics,3,64,10,172.8,0
2025-10-01,1664,274,Drew Flynn,Loyal,Email,10,USB-C Cable,Electronics,2,117.18,25,175.77,0
2025-10-01,1664,274,Drew Flynn,Loyal,Email,19,Cutting Board,Home,1,53.71,15,45.65,0
2025-10-01,1665,326,Maya Hassan,Loyal,Email,38,Board Game,Toys,1,37.99,25,28.49,0
2025-10-01,1666,350,Ivy Walsh,Loyal,Paid Search,11,Phone Case,Electronics,2,22.01,0,44.02,0
2025-10-01,1667,380,Quinn Bauer,Champion,Referral,35,Building Blocks,Toys,2,32.84,0,65.68,0
2025-10-01,1668,409,Cole Osei,Loyal,Direct,20,Towel Set,Home,1,19.75,0,19.75,0
2025-10-01,1668,409,Cole Osei,Loyal,Direct,6,Beanie,Apparel,2,30.7,5,58.33,0
2025-10-01,1668,409,Cole Osei,Loyal,Direct,30,Water Bottle,Sports,1,46.55,0,46.55,0
2025-10-01,1668,409,Cole Osei,Loyal,Direct,16,Throw Pillow,Home,1,19.11,0,19.11,0
2025-10-01,1669,429,Jamie Okafor,Champion,Email,38,Board Game,Toys,3,37.99,25,85.48,0
2025-10-01,1669,429,Jamie Okafor,Champion,Email,35,Building Blocks,Toys,3,32.84,25,73.89,0
2025-10-01,1670,472,Noel Ibarra,Loyal,Direct,25,Sheet Mask,Beauty,1,8.59,0,8.59,0
2025-10-01,1671,492,Drew Petrov,Champion,Social,25,Sheet Mask,Beauty,1,8.59,0,8.59,0
2025-10-01,1671,492,Drew Petrov,Champion,Social,31,Resistance Bands,Sports,3,65.69,0,197.07,0
2025-10-01,1671,492,Drew Petrov,Champion,Social,22,Scented Candle,Home,1,18.98,0,18.98,0
2025-10-01,1671,492,Drew Petrov,Champion,Social,30,Water Bottle,Sports,1,46.55,5,44.22,0
2025-10-01,1672,494,Wren Fischer,Loyal,Email,34,Running Belt,Sports,1,29.4,0,29.4,0
2025-10-01,1673,516,Maya Cohen,Loyal,Email,18,LED Lamp,Home,1,50.85,25,38.14,0
2025-10-01,1673,516,Maya Cohen,Loyal,Email,36,Puzzle 500pc,Toys,1,44.86,15,38.13,0
2025-10-01,1673,516,Maya Cohen,Loyal,Email,1,Crew Tee,Apparel,2,53.87,15,91.58,0
2025-10-01,1673,516,Maya Cohen,Loyal,Email,40,Art Kit,Toys,1,53.64,10,48.28,0
2025-10-01,1674,551,Devon Fischer,Loyal,Social,27,Hand Cream,Beauty,1,18.43,10,16.59,0
2025-10-01,1675,569,Ivy Reyes,New,Paid Search,31,Resistance Bands,Sports,2,65.69,0,131.38,0
2025-10-01,1675,569,Ivy Reyes,New,Paid Search,38,Board Game,Toys,1,37.99,0,37.99,0
2025-10-01,1675,569,Ivy Reyes,New,Paid Search,34,Running Belt,Sports,1,29.4,0,29.4,0
2025-10-01,1675,569,Ivy Reyes,New,Paid Search,21,Storage Bin,Home,1,28.6,0,28.6,0
2025-10-01,1676,590,Leo Okafor,Champion,Direct,26,Shampoo Bar,Beauty,2,33.06,0,66.12,0
2025-10-01,1676,590,Leo Okafor,Champion,Direct,13,Webcam,Electronics,1,64,0,64,0
2025-10-01,1676,590,Leo Okafor,Champion,Direct,13,Webcam,Electronics,1,64,0,64,0
2025-10-01,1677,594,Jordan Ahmed,Regular,Organic,11,Phone Case,Electronics,1,22.01,0,22.01,0
2025-10-01,1677,594,Jordan Ahmed,Regular,Organic,13,Webcam,Electronics,1,64,0,64,0
2025-10-01,1678,600,Mateo Hassan,Loyal,Social,25,Sheet Mask,Beauty,1,8.59,0,8.59,0
2025-10-01,1679,652,Quinn Petrov,Loyal,Paid Search,25,Sheet Mask,Beauty,1,8.59,10,7.73,0
2025-10-01,1679,652,Quinn Petrov,Loyal,Paid Search,39,RC Car,Toys,1,33.63,0,33.63,0
2025-10-01,1679,652,Quinn Petrov,Loyal,Paid Search,20,Towel Set,Home,1,19.75,0,19.75,0
2025-10-01,1680,660,Jordan Romano,Loyal,Email,34,Running Belt,Sports,3,29.4,10,79.38,0
2025-10-01,1681,668,Hugo Romano,Regular,Email,19,Cutting Board,Home,1,53.71,0,53.71,0
2025-10-01,1681,668,Hugo Romano,Regular,Email,12,Bluetooth Speaker,Electronics,3,98.02,0,294.06,0
2025-10-01,1682,700,Owen Cohen,Champion,Social,13,Webcam,Electronics,2,64,0,128,1
2025-10-01,1682,700,Owen Cohen,Champion,Social,1,Crew Tee,Apparel,2,53.87,0,107.74,0
2025-10-01,1682,700,Owen Cohen,Champion,Social,39,RC Car,Toys,1,33.63,5,31.95,0
2025-10-01,1683,729,Casey Ahmed,Regular,Social,12,Bluetooth Speaker,Electronics,1,98.02,25,73.52,0
2025-10-01,1683,729,Casey Ahmed,Regular,Social,40,Art Kit,Toys,1,53.64,15,45.59,0
2025-10-01,1684,764,Jordan Flynn,Loyal,Referral,14,Power Bank,Electronics,3,64.37,0,193.11,0
2025-10-01,1684,764,Jordan Flynn,Loyal,Referral,29,Yoga Mat,Sports,1,24.63,5,23.4,0
2025-10-01,1684,764,Jordan Flynn,Loyal,Referral,12,Bluetooth Speaker,Electronics,1,98.02,0,98.02,0
2025-10-01,1685,799,Lila Brooks,Loyal,Referral,6,Beanie,Apparel,1,30.7,0,30.7,0
2025-10-01,1685,799,Lila Brooks,Loyal,Referral,20,Towel Set,Home,3,19.75,0,59.25,0
2025-10-01,1686,813,Nora Hassan,Loyal,Referral,29,Yoga Mat,Sports,1,24.63,10,22.17,0
2025-10-01,1687,874,Avery Marsh,Loyal,Referral,21,Storage Bin,Home,1,28.6,0,28.6,0
2025-10-01,1687,874,Avery Marsh,Loyal,Referral,22,Scented Candle,Home,2,18.98,5,36.06,0
2025-10-01,1687,874,Avery Marsh,Loyal,Referral,31,Resistance Bands,Sports,2,65.69,10,118.24,0
2025-10-01,1688,878,Noel Marsh,Loyal,Direct,32,Foam Roller,Sports,1,65.98,0,65.98,0
2025-10-01,1688,878,Noel Marsh,Loyal,Direct,13,Webcam,Electronics,1,64,0,64,0
2025-10-01,1689,915,Riley Park,Champion,Referral,6,Beanie,Apparel,1,30.7,15,26.1,0
2025-10-01,1689,915,Riley Park,Champion,Referral,18,LED Lamp,Home,2,50.85,15,86.45,1
2025-10-02,1690,15,Ezra Bauer,Loyal,Direct,27,Hand Cream,Beauty,1,18.43,5,17.51,1
2025-10-02,1691,26,Maya Reid,Regular,Paid Search,18,LED Lamp,Home,1,50.85,0,50.85,0
2025-10-02,1692,36,Iris Park,Champion,Organic,9,Wireless Earbuds,Electronics,1,94.29,0,94.29,0
2025-10-02,1692,36,Iris Park,Champion,Organic,11,Phone Case,Electronics,1,22.01,5,20.91,0
2025-10-02,1692,36,Iris Park,Champion,Organic,4,Joggers,Apparel,2,42.18,5,80.14,0
2025-10-02,1692,36,Iris Park,Champion,Organic,5,Socks 3-Pack,Apparel,1,65.81,0,65.81,0
2025-10-02,1693,110,Tessa Yamada,Loyal,Social,36,Puzzle 500pc,Toys,1,44.86,5,42.62,0
2025-10-02,1693,110,Tessa Yamada,Loyal,Social,27,Hand Cream,Beauty,1,18.43,0,18.43,0
2025-10-02,1693,110,Tessa Yamada,Loyal,Social,28,SPF 50 Lotion,Beauty,1,34.44,5,32.72,0
2025-10-02,1694,191,Tessa Ibarra,Loyal,Paid Search,34,Running Belt,Sports,3,29.4,10,79.38,0
2025-10-02,1694,191,Tessa Ibarra,Loyal,Paid Search,3,Denim Jacket,Apparel,1,65.95,10,59.36,0
2025-10-02,1694,191,Tessa Ibarra,Loyal,Paid Search,8,Chino Pants,Apparel,1,64.72,0,64.72,0
2025-10-02,1694,191,Tessa Ibarra,Loyal,Paid Search,39,RC Car,Toys,1,33.63,0,33.63,1
2025-10-02,1695,193,Nora Cohen,Loyal,Paid Search,25,Sheet Mask,Beauty,1,8.59,5,8.16,0
2025-10-02,1696,266,Wren Ahmed,Regular,Direct,4,Joggers,Apparel,1,42.18,20,33.74,0
2025-10-02,1696,266,Wren Ahmed,Regular,Direct,6,Beanie,Apparel,1,30.7,10,27.63,0
2025-10-02,1697,274,Drew Flynn,Loyal,Email,17,Ceramic Mug,Home,1,54.95,20,43.96,0
2025-10-02,1698,293,Tessa Novak,Loyal,Direct,38,Board Game,Toys,2,37.99,10,68.38,0
2025-10-02,1699,300,Quinn Sullivan,Regular,Referral,34,Running Belt,Sports,1,29.4,0,29.4,0
2025-10-02,1699,300,Quinn Sullivan,Regular,Referral,37,Plush Bear,Toys,1,15.95,0,15.95,1
2025-10-02,1700,384,Devon Brooks,New,Email,27,Hand Cream,Beauty,2,18.43,20,29.49,0
2025-10-02,1701,428,Quinn Diaz,Champion,Paid Search,26,Shampoo Bar,Beauty,1,33.06,0,33.06,0
2025-10-02,1701,428,Quinn Diaz,Champion,Paid Search,33,Jump Rope,Sports,1,33.41,0,33.41,0
2025-10-02,1702,436,Ivy Flynn,Champion,Organic,13,Webcam,Electronics,2,64,10,115.2,0
2025-10-02,1702,436,Ivy Flynn,Champion,Organic,34,Running Belt,Sports,2,29.4,0,58.8,0
2025-10-02,1703,541,Taylor Novak,Regular,Direct,16,Throw Pillow,Home,1,19.11,0,19.11,0
2025-10-02,1704,579,Lila Novak,Regular,Social,11,Phone Case,Electronics,1,22.01,15,18.71,0
2025-10-02,1705,583,Lila Diaz,Loyal,Direct,26,Shampoo Bar,Beauty,1,33.06,0,33.06,0
2025-10-02,1705,583,Lila Diaz,Loyal,Direct,28,SPF 50 Lotion,Beauty,1,34.44,5,32.72,1
2025-10-02,1705,583,Lila Diaz,Loyal,Direct,22,Scented Candle,Home,2,18.98,0,37.96,0
2025-10-02,1706,591,Noel Petrov,Regular,Email,30,Water Bottle,Sports,1,46.55,20,37.24,0
2025-10-02,1706,591,Noel Petrov,Regular,Email,35,Building Blocks,Toys,1,32.84,10,29.56,0
2025-10-02,1707,700,Owen Cohen,Champion,Social,17,Ceramic Mug,Home,1,54.95,5,52.2,0
2025-10-02,1707,700,Owen Cohen,Champion,Social,1,Crew Tee,Apparel,1,53.87,10,48.48,0
2025-10-02,1708,775,Nora Patel,Champion,Paid Search,9,Wireless Earbuds,Electronics,1,94.29,0,94.29,1
2025-10-02,1708,775,Nora Patel,Champion,Paid Search,2,Hoodie,Apparel,1,19.91,10,17.92,0
2025-10-02,1709,874,Avery Marsh,Loyal,Referral,15,Smart Plug,Electronics,1,110.18,10,99.16,0
2025-10-02,1710,883,Maya Yamada,Regular,Paid Search,19,Cutting Board,Home,1,53.71,0,53.71,0
2025-10-02,1711,921,Sasha Kowalski,Regular,Organic,2,Hoodie,Apparel,1,19.91,15,16.92,0
2025-10-02,1711,921,Sasha Kowalski,Regular,Organic,6,Beanie,Apparel,2,30.7,25,46.05,0
2025-10-02,1712,986,Hugo Sullivan,Loyal,Referral,36,Puzzle 500pc,Toys,1,44.86,0,44.86,0
2025-10-02,1712,986,Hugo Sullivan,Loyal,Referral,14,Power Bank,Electronics,2,64.37,0,128.74,0
2025-10-03,1713,36,Iris Park,Champion,Organic,34,Running Belt,Sports,2,29.4,25,44.1,0
2025-10-03,1714,50,Drew Brooks,Champion,Email,34,Running Belt,Sports,3,29.4,0,88.2,0
2025-10-03,1715,121,Kai Nguyen,Loyal,Direct,39,RC Car,Toys,1,33.63,0,33.63,0
2025-10-03,1716,202,Jamie Sullivan,New,Organic,38,Board Game,Toys,2,37.99,0,75.98,0
2025-10-03,1717,218,Taylor Patel,Champion,Paid Search,2,Hoodie,Apparel,1,19.91,5,18.91,0
2025-10-03,1717,218,Taylor Patel,Champion,Paid Search,10,USB-C Cable,Electronics,1,117.18,0,117.18,0
2025-10-03,1718,233,Wren Carter,New,Referral,32,Foam Roller,Sports,1,65.98,15,56.08,0
2025-10-03,1718,233,Wren Carter,New,Referral,20,Towel Set,Home,1,19.75,10,17.78,0
2025-10-03,1719,295,Priya Diaz,Champion,Paid Search,16,Throw Pillow,Home,1,19.11,0,19.11,0
2025-10-03,1719,295,Priya Diaz,Champion,Paid Search,7,Rain Shell,Apparel,1,23.29,5,22.13,0
2025-10-03,1720,313,Iris Hassan,Regular,Social,5,Socks 3-Pack,Apparel,2,65.81,0,131.62,0
2025-10-03,1720,313,Iris Hassan,Regular,Social,31,Resistance Bands,Sports,1,65.69,0,65.69,0
2025-10-03,1721,321,Lila Petrov,Loyal,Organic,16,Throw Pillow,Home,3,19.11,10,51.6,0
2025-10-03,1722,376,Ivy Bauer,Loyal,Paid Search,30,Water Bottle,Sports,2,46.55,10,83.79,0
2025-10-03,1722,376,Ivy Bauer,Loyal,Paid Search,38,Board Game,Toys,3,37.99,10,102.57,0
2025-10-03,1722,376,Ivy Bauer,Loyal,Paid Search,29,Yoga Mat,Sports,1,24.63,5,23.4,0
2025-10-03,1722,376,Ivy Bauer,Loyal,Paid Search,26,Shampoo Bar,Beauty,1,33.06,5,31.41,0
2025-10-03,1723,405,Tessa Kowalski,Loyal,Organic,25,Sheet Mask,Beauty,1,8.59,0,8.59,0
2025-10-03,1724,450,Lila Bauer,Loyal,Paid Search,34,Running Belt,Sports,3,29.4,0,88.2,0
2025-10-03,1724,450,Lila Bauer,Loyal,Paid Search,11,Phone Case,Electronics,1,22.01,10,19.81,0
2025-10-03,1724,450,Lila Bauer,Loyal,Paid Search,8,Chino Pants,Apparel,1,64.72,0,64.72,0
2025-10-03,1725,480,Iris Costa,Regular,Social,40,Art Kit,Toys,1,53.64,0,53.64,0
2025-10-03,1726,503,Iris Khan,Loyal,Social,18,LED Lamp,Home,1,50.85,5,48.31,0
2025-10-03,1726,503,Iris Khan,Loyal,Social,29,Yoga Mat,Sports,2,24.63,10,44.33,0
2025-10-03,1726,503,Iris Khan,Loyal,Social,40,Art Kit,Toys,1,53.64,0,53.64,0
2025-10-03,1727,510,Drew Cohen,Loyal,Email,31,Resistance Bands,Sports,2,65.69,10,118.24,0
2025-10-03,1728,511,Morgan Petrov,Regular,Direct,16,Throw Pillow,Home,2,19.11,0,38.22,0
2025-10-03,1728,511,Morgan Petrov,Regular,Direct,11,Phone Case,Electronics,1,22.01,0,22.01,0
2025-10-03,1728,511,Morgan Petrov,Regular,Direct,3,Denim Jacket,Apparel,1,65.95,0,65.95,0
2025-10-03,1728,511,Morgan Petrov,Regular,Direct,36,Puzzle 500pc,Toys,3,44.86,0,134.58,0
2025-10-03,1729,527,Jamie Fischer,Champion,Referral,1,Crew Tee,Apparel,1,53.87,0,53.87,0
2025-10-03,1730,531,Wren Carter,Loyal,Direct,16,Throw Pillow,Home,1,19.11,5,18.15,0
2025-10-03,1730,531,Wren Carter,Loyal,Direct,16,Throw Pillow,Home,1,19.11,5,18.15,0
2025-10-03,1730,531,Wren Carter,Loyal,Direct,22,Scented Candle,Home,1,18.98,5,18.03,0
2025-10-03,1731,597,Morgan Fischer,Loyal,Social,14,Power Bank,Electronics,1,64.37,10,57.93,0
2025-10-03,1732,605,Jamie Carter,Loyal,Direct,3,Denim Jacket,Apparel,1,65.95,0,65.95,0
2025-10-03,1732,605,Jamie Carter,Loyal,Direct,22,Scented Candle,Home,1,18.98,10,17.08,0
2025-10-03,1732,605,Jamie Carter,Loyal,Direct,17,Ceramic Mug,Home,1,54.95,0,54.95,0
2025-10-03,1732,605,Jamie Carter,Loyal,Direct,39,RC Car,Toys,1,33.63,0,33.63,0
2025-10-03,1733,689,Quinn Reyes,At-Risk,Referral,15,Smart Plug,Electronics,1,110.18,0,110.18,0
2025-10-03,1734,789,Harper Sullivan,Loyal,Email,4,Joggers,Apparel,1,42.18,20,33.74,0
2025-10-03,1735,805,Cole Costa,Champion,Direct,23,Vitamin C Serum,Beauty,1,32.33,0,32.33,0
2025-10-03,1736,823,Leo Brooks,Loyal,Email,1,Crew Tee,Apparel,2,53.87,10,96.97,0
2025-10-03,1736,823,Leo Brooks,Loyal,Email,25,Sheet Mask,Beauty,1,8.59,0,8.59,0
2025-10-03,1736,823,Leo Brooks,Loyal,Email,10,USB-C Cable,Electronics,1,117.18,0,117.18,0
2025-10-03,1736,823,Leo Brooks,Loyal,Email,14,Power Bank,Electronics,2,64.37,0,128.74,0
2025-10-03,1737,865,Rowan Costa,Champion,Referral,14,Power Bank,Electronics,1,64.37,5,61.15,0
2025-10-03,1738,893,Kai Sullivan,Loyal,Organic,17,Ceramic Mug,Home,2,54.95,0,109.9,0
2025-10-03,1739,914,Morgan Ibarra,At-Risk,Direct,3,Denim Jacket,Apparel,1,65.95,25,49.46,1
2025-10-03,1739,914,Morgan Ibarra,At-Risk,Direct,2,Hoodie,Apparel,1,19.91,25,14.93,1
2025-10-03,1739,914,Morgan Ibarra,At-Risk,Direct,21,Storage Bin,Home,1,28.6,10,25.74,1
2025-10-03,1739,914,Morgan Ibarra,At-Risk,Direct,19,Cutting Board,Home,2,53.71,20,85.94,0
2025-10-04,1740,33,Ivy Okafor,New,Paid Search,4,Joggers,Apparel,1,42.18,0,42.18,0
2025-10-04,1741,50,Drew Brooks,Champion,Email,13,Webcam,Electronics,1,64,10,57.6,0
2025-10-04,1742,66,Devon Reyes,Champion,Organic,33,Jump Rope,Sports,3,33.41,5,95.22,0
2025-10-04,1742,66,Devon Reyes,Champion,Organic,28,SPF 50 Lotion,Beauty,1,34.44,0,34.44,0
2025-10-04,1742,66,Devon Reyes,Champion,Organic,20,Towel Set,Home,1,19.75,0,19.75,0
2025-10-04,1743,76,Owen Flynn,Champion,Direct,20,Towel Set,Home,1,19.75,0,19.75,0
2025-10-04,1743,76,Owen Flynn,Champion,Direct,38,Board Game,Toys,2,37.99,5,72.18,0
2025-10-04,1744,128,Wren Fischer,At-Risk,Paid Search,16,Throw Pillow,Home,3,19.11,0,57.33,0
2025-10-04,1744,128,Wren Fischer,At-Risk,Paid Search,38,Board Game,Toys,1,37.99,0,37.99,0
2025-10-04,1744,128,Wren Fischer,At-Risk,Paid Search,9,Wireless Earbuds,Electronics,1,94.29,0,94.29,0
2025-10-04,1744,128,Wren Fischer,At-Risk,Paid Search,6,Beanie,Apparel,1,30.7,0,30.7,0
2025-10-04,1745,143,Wren Khan,Loyal,Paid Search,13,Webcam,Electronics,1,64,10,57.6,0
2025-10-04,1745,143,Wren Khan,Loyal,Paid Search,34,Running Belt,Sports,1,29.4,0,29.4,0
2025-10-04,1746,185,Kai Bauer,Loyal,Direct,24,Lip Balm,Beauty,1,36.1,5,34.3,0
2025-10-04,1747,193,Nora Cohen,Loyal,Paid Search,29,Yoga Mat,Sports,3,24.63,0,73.89,0
2025-10-04,1748,226,Leo Petrov,Champion,Organic,16,Throw Pillow,Home,1,19.11,10,17.2,0
2025-10-04,1749,263,Morgan Sullivan,Regular,Paid Search,19,Cutting Board,Home,1,53.71,0,53.71,0
2025-10-04,1750,276,Riley Costa,Loyal,Referral,23,Vitamin C Serum,Beauty,1,32.33,5,30.71,0
2025-10-04,1750,276,Riley Costa,Loyal,Referral,4,Joggers,Apparel,3,42.18,10,113.89,0
2025-10-04,1751,286,Leo Petrov,Champion,Referral,38,Board Game,Toys,2,37.99,0,75.98,0
2025-10-04,1751,286,Leo Petrov,Champion,Referral,21,Storage Bin,Home,1,28.6,10,25.74,0
2025-10-04,1751,286,Leo Petrov,Champion,Referral,26,Shampoo Bar,Beauty,3,33.06,0,99.18,0
2025-10-04,1752,307,Casey Ahmed,Champion,Organic,3,Denim Jacket,Apparel,1,65.95,0,65.95,0
2025-10-04,1753,344,Owen Walsh,Regular,Organic,20,Towel Set,Home,1,19.75,0,19.75,0
2025-10-04,1754,349,Avery Romano,Regular,Direct,3,Denim Jacket,Apparel,1,65.95,0,65.95,0
2025-10-04,1754,349,Avery Romano,Regular,Direct,30,Water Bottle,Sports,1,46.55,0,46.55,0
2025-10-04,1754,349,Avery Romano,Regular,Direct,25,Sheet Mask,Beauty,1,8.59,0,8.59,0
2025-10-04,1754,349,Avery Romano,Regular,Direct,20,Towel Set,Home,2,19.75,0,39.5,0
2025-10-04,1755,352,Casey Patel,Regular,Direct,4,Joggers,Apparel,1,42.18,0,42.18,0
2025-10-04,1755,352,Casey Patel,Regular,Direct,19,Cutting Board,Home,1,53.71,0,53.71,0
2025-10-04,1756,376,Ivy Bauer,Loyal,Paid Search,4,Joggers,Apparel,1,42.18,10,37.96,0
2025-10-04,1756,376,Ivy Bauer,Loyal,Paid Search,33,Jump Rope,Sports,1,33.41,0,33.41,0
2025-10-04,1756,376,Ivy Bauer,Loyal,Paid Search,31,Resistance Bands,Sports,1,65.69,0,65.69,0
2025-10-04,1756,376,Ivy Bauer,Loyal,Paid Search,10,USB-C Cable,Electronics,1,117.18,5,111.32,0
2025-10-04,1757,401,Priya Ahmed,Loyal,Referral,5,Socks 3-Pack,Apparel,1,65.81,0,65.81,0
2025-10-04,1757,401,Priya Ahmed,Loyal,Referral,20,Towel Set,Home,2,19.75,5,37.53,0
2025-10-04,1757,401,Priya Ahmed,Loyal,Referral,24,Lip Balm,Beauty,1,36.1,5,34.3,0
2025-10-04,1758,416,Ivy Larsen,Loyal,Organic,20,Towel Set,Home,1,19.75,20,15.8,0
2025-10-04,1759,436,Ivy Flynn,Champion,Organic,16,Throw Pillow,Home,1,19.11,10,17.2,0
2025-10-04,1760,505,Maya Khan,Regular,Paid Search,31,Resistance Bands,Sports,1,65.69,25,49.27,0
2025-10-04,1761,532,Sasha Yamada,Regular,Direct,35,Building Blocks,Toys,1,32.84,0,32.84,0
2025-10-04,1761,532,Sasha Yamada,Regular,Direct,4,Joggers,Apparel,1,42.18,0,42.18,0
2025-10-04,1762,550,Cole Ibarra,Champion,Organic,26,Shampoo Bar,Beauty,2,33.06,10,59.51,0
2025-10-04,1762,550,Cole Ibarra,Champion,Organic,21,Storage Bin,Home,1,28.6,0,28.6,0
2025-10-04,1762,550,Cole Ibarra,Champion,Organic,14,Power Bank,Electronics,1,64.37,0,64.37,0
2025-10-04,1762,550,Cole Ibarra,Champion,Organic,10,USB-C Cable,Electronics,1,117.18,5,111.32,0
2025-10-04,1763,609,Lila Fischer,New,Referral,21,Storage Bin,Home,2,28.6,10,51.48,0
2025-10-04,1764,635,Ezra Khan,New,Email,13,Webcam,Electronics,1,64,0,64,0
2025-10-04,1765,644,Avery Osei,Loyal,Paid Search,25,Sheet Mask,Beauty,1,8.59,0,8.59,0
2025-10-04,1765,644,Avery Osei,Loyal,Paid Search,32,Foam Roller,Sports,3,65.98,5,188.04,0
2025-10-04,1766,705,Jamie Park,Champion,Paid Search,9,Wireless Earbuds,Electronics,3,94.29,10,254.58,0
2025-10-04,1767,729,Casey Ahmed,Regular,Social,26,Shampoo Bar,Beauty,1,33.06,0,33.06,0
2025-10-04,1768,760,Kai Novak,Regular,Social,8,Chino Pants,Apparel,1,64.72,20,51.78,0
2025-10-04,1769,805,Cole Costa,Champion,Direct,18,LED Lamp,Home,1,50.85,0,50.85,0
2025-10-04,1770,863,Jamie Costa,New,Email,24,Lip Balm,Beauty,1,36.1,0,36.1,0
2025-10-04,1771,866,Leo Carter,Loyal,Organic,17,Ceramic Mug,Home,1,54.95,10,49.46,0
2025-10-04,1771,866,Leo Carter,Loyal,Organic,28,SPF 50 Lotion,Beauty,1,34.44,0,34.44,0
2025-10-04,1771,866,Leo Carter,Loyal,Organic,7,Rain Shell,Apparel,1,23.29,5,22.13,0
2025-10-04,1771,866,Leo Carter,Loyal,Organic,32,Foam Roller,Sports,1,65.98,0,65.98,0
2025-10-04,1772,889,Noel Carter,Regular,Paid Search,10,USB-C Cable,Electronics,1,117.18,15,99.6,0
2025-10-04,1773,922,Ivy Fischer,Regular,Referral,22,Scented Candle,Home,1,18.98,25,14.24,0
2025-10-04,1773,922,Ivy Fischer,Regular,Referral,26,Shampoo Bar,Beauty,1,33.06,25,24.8,0
2025-10-04,1774,931,Cole Reid,Champion,Organic,3,Denim Jacket,Apparel,1,65.95,0,65.95,0
2025-10-04,1774,931,Cole Reid,Champion,Organic,19,Cutting Board,Home,1,53.71,5,51.02,0
2025-10-04,1774,931,Cole Reid,Champion,Organic,24,Lip Balm,Beauty,1,36.1,5,34.3,0
2025-10-04,1774,931,Cole Reid,Champion,Organic,26,Shampoo Bar,Beauty,1,33.06,0,33.06,0
2025-10-04,1775,951,Nora Kowalski,Loyal,Organic,17,Ceramic Mug,Home,1,54.95,0,54.95,0
2025-10-04,1775,951,Nora Kowalski,Loyal,Organic,22,Scented Candle,Home,2,18.98,10,34.16,0
2025-10-04,1776,960,Wren Mendez,Champion,Social,17,Ceramic Mug,Home,1,54.95,0,54.95,0
2025-10-04,1776,960,Wren Mendez,Champion,Social,39,RC Car,Toys,3,33.63,5,95.85,0
2025-10-04,1777,974,Tessa Bauer,At-Risk,Paid Search,31,Resistance Bands,Sports,2,65.69,0,131.38,0
2025-10-04,1778,975,Jordan Park,Loyal,Paid Search,7,Rain Shell,Apparel,1,23.29,5,22.13,0
2025-10-04,1778,975,Jordan Park,Loyal,Paid Search,14,Power Bank,Electronics,1,64.37,0,64.37,0
2025-10-04,1778,975,Jordan Park,Loyal,Paid Search,35,Building Blocks,Toys,1,32.84,0,32.84,0
2025-10-04,1779,981,Nora Novak,New,Direct,29,Yoga Mat,Sports,2,24.63,0,49.26,0
2025-10-04,1779,981,Nora Novak,New,Direct,23,Vitamin C Serum,Beauty,2,32.33,0,64.66,0
2025-10-04,1779,981,Nora Novak,New,Direct,38,Board Game,Toys,1,37.99,0,37.99,0
2025-10-04,1779,981,Nora Novak,New,Direct,19,Cutting Board,Home,1,53.71,0,53.71,0
2025-10-05,1780,41,Iris Patel,Regular,Direct,23,Vitamin C Serum,Beauty,2,32.33,0,64.66,0
2025-10-05,1781,55,Cole Okafor,Regular,Direct,9,Wireless Earbuds,Electronics,1,94.29,20,75.43,0
2025-10-05,1781,55,Cole Okafor,Regular,Direct,25,Sheet Mask,Beauty,1,8.59,10,7.73,0
2025-10-05,1782,74,Casey Flynn,New,Organic,12,Bluetooth Speaker,Electronics,2,98.02,15,166.63,0
2025-10-05,1782,74,Casey Flynn,New,Organic,4,Joggers,Apparel,1,42.18,10,37.96,0
2025-10-05,1782,74,Casey Flynn,New,Organic,16,Throw Pillow,Home,1,19.11,20,15.29,0
2025-10-05,1783,75,Jamie Ibarra,Loyal,Email,1,Crew Tee,Apparel,3,53.87,0,161.61,0
2025-10-05,1784,101,Noel Ibarra,Loyal,Paid Search,38,Board Game,Toys,1,37.99,15,32.29,0
2025-10-05,1784,101,Noel Ibarra,Loyal,Paid Search,2,Hoodie,Apparel,1,19.91,10,17.92,1
2025-10-05,1785,109,Kai Okafor,New,Organic,8,Chino Pants,Apparel,2,64.72,0,129.44,0
2025-10-05,1785,109,Kai Okafor,New,Organic,25,Sheet Mask,Beauty,1,8.59,0,8.59,0
2025-10-05,1786,116,Wren Mendez,Champion,Email,2,Hoodie,Apparel,1,19.91,25,14.93,0
2025-10-05,1787,119,Lila Romano,Regular,Organic,29,Yoga Mat,Sports,1,24.63,0,24.63,0
2025-10-05,1787,119,Lila Romano,Regular,Organic,4,Joggers,Apparel,1,42.18,0,42.18,0
2025-10-05,1787,119,Lila Romano,Regular,Organic,37,Plush Bear,Toys,2,15.95,0,31.9,0
2025-10-05,1788,151,Harper Patel,Loyal,Social,38,Board Game,Toys,1,37.99,0,37.99,0
2025-10-05,1788,151,Harper Patel,Loyal,Social,1,Crew Tee,Apparel,1,53.87,10,48.48,0
2025-10-05,1788,151,Harper Patel,Loyal,Social,17,Ceramic Mug,Home,1,54.95,0,54.95,0
2025-10-05,1788,151,Harper Patel,Loyal,Social,17,Ceramic Mug,Home,1,54.95,5,52.2,0
2025-10-05,1789,197,Nora Carter,Regular,Direct,37,Plush Bear,Toys,1,15.95,0,15.95,0
2025-10-05,1789,197,Nora Carter,Regular,Direct,38,Board Game,Toys,2,37.99,0,75.98,0
2025-10-05,1790,204,Jamie Kowalski,Loyal,Email,36,Puzzle 500pc,Toys,2,44.86,0,89.72,0
2025-10-05,1791,258,Taylor Ahmed,Loyal,Paid Search,35,Building Blocks,Toys,1,32.84,5,31.2,0
2025-10-05,1791,258,Taylor Ahmed,Loyal,Paid Search,3,Denim Jacket,Apparel,1,65.95,10,59.36,0
2025-10-05,1792,293,Tessa Novak,Loyal,Direct,8,Chino Pants,Apparel,1,64.72,0,64.72,0
2025-10-05,1793,394,Kai Diaz,Champion,Email,40,Art Kit,Toys,2,53.64,0,107.28,0
2025-10-05,1794,431,Mateo Ibarra,Loyal,Referral,3,Denim Jacket,Apparel,1,65.95,0,65.95,0
2025-10-05,1795,482,Jordan Mendez,Loyal,Email,15,Smart Plug,Electronics,2,110.18,0,220.36,0
2025-10-05,1795,482,Jordan Mendez,Loyal,Email,35,Building Blocks,Toys,1,32.84,10,29.56,0
2025-10-05,1796,483,Drew Diaz,Regular,Email,39,RC Car,Toys,1,33.63,0,33.63,0
2025-10-05,1796,483,Drew Diaz,Regular,Email,19,Cutting Board,Home,1,53.71,0,53.71,0
2025-10-05,1797,488,Tessa Brooks,Regular,Paid Search,11,Phone Case,Electronics,2,22.01,25,33.02,0
2025-10-05,1798,531,Wren Carter,Loyal,Direct,40,Art Kit,Toys,1,53.64,10,48.28,0
2025-10-05,1798,531,Wren Carter,Loyal,Direct,11,Phone Case,Electronics,1,22.01,0,22.01,0
2025-10-05,1798,531,Wren Carter,Loyal,Direct,21,Storage Bin,Home,2,28.6,0,57.2,0
2025-10-05,1799,549,Wren Reid,Regular,Paid Search,4,Joggers,Apparel,1,42.18,15,35.85,0
2025-10-05,1800,639,Devon Yamada,Regular,Direct,27,Hand Cream,Beauty,1,18.43,0,18.43,0
2025-10-05,1801,679,Owen Park,Loyal,Paid Search,24,Lip Balm,Beauty,3,36.1,5,102.89,0
2025-10-05,1801,679,Owen Park,Loyal,Paid Search,37,Plush Bear,Toys,2,15.95,10,28.71,1
2025-10-05,1802,705,Jamie Park,Champion,Paid Search,18,LED Lamp,Home,1,50.85,0,50.85,0
2025-10-05,1803,709,Ezra Mendez,Loyal,Referral,1,Crew Tee,Apparel,1,53.87,25,40.4,0
2025-10-05,1804,716,Iris Reyes,Champion,Email,29,Yoga Mat,Sports,2,24.63,5,46.8,0
2025-10-05,1804,716,Iris Reyes,Champion,Email,7,Rain Shell,Apparel,1,23.29,0,23.29,0
2025-10-05,1804,716,Iris Reyes,Champion,Email,37,Plush Bear,Toys,1,15.95,5,15.15,0
2025-10-05,1805,729,Casey Ahmed,Regular,Social,12,Bluetooth Speaker,Electronics,1,98.02,0,98.02,0
2025-10-05,1806,735,Drew Brooks,Loyal,Social,16,Throw Pillow,Home,3,19.11,10,51.6,0
2025-10-05,1806,735,Drew Brooks,Loyal,Social,21,Storage Bin,Home,1,28.6,0,28.6,0
2025-10-05,1806,735,Drew Brooks,Loyal,Social,26,Shampoo Bar,Beauty,1,33.06,10,29.75,0
2025-10-05,1807,846,Jamie Novak,Loyal,Email,27,Hand Cream,Beauty,1,18.43,10,16.59,0
2025-10-05,1808,897,Wren Khan,Loyal,Paid Search,30,Water Bottle,Sports,1,46.55,0,46.55,0
2025-10-05,1809,934,Taylor Kowalski,Regular,Direct,15,Smart Plug,Electronics,1,110.18,0,110.18,0
2025-10-05,1809,934,Taylor Kowalski,Regular,Direct,5,Socks 3-Pack,Apparel,1,65.81,0,65.81,0
2025-10-05,1809,934,Taylor Kowalski,Regular,Direct,16,Throw Pillow,Home,1,19.11,0,19.11,0
2025-10-05,1810,937,Avery Romano,Loyal,Social,1,Crew Tee,Apparel,1,53.87,0,53.87,0
2025-10-05,1810,937,Avery Romano,Loyal,Social,21,Storage Bin,Home,1,28.6,5,27.17,0
2025-10-05,1810,937,Avery Romano,Loyal,Social,19,Cutting Board,Home,1,53.71,10,48.34,0
2025-10-05,1810,937,Avery Romano,Loyal,Social,40,Art Kit,Toys,1,53.64,0,53.64,0
2025-10-05,1811,951,Nora Kowalski,Loyal,Organic,3,Denim Jacket,Apparel,1,65.95,10,59.36,0
2025-10-05,1811,951,Nora Kowalski,Loyal,Organic,6,Beanie,Apparel,2,30.7,0,61.4,0
2025-10-05,1812,960,Wren Mendez,Champion,Social,40,Art Kit,Toys,1,53.64,5,50.96,0
2025-10-05,1812,960,Wren Mendez,Champion,Social,14,Power Bank,Electronics,2,64.37,0,128.74,0
2025-10-05,1812,960,Wren Mendez,Champion,Social,35,Building Blocks,Toys,1,32.84,0,32.84,0
2025-10-05,1813,975,Jordan Park,Loyal,Paid Search,35,Building Blocks,Toys,2,32.84,0,65.68,0
2025-10-05,1813,975,Jordan Park,Loyal,Paid Search,27,Hand Cream,Beauty,3,18.43,5,52.53,0
2025-10-05,1813,975,Jordan Park,Loyal,Paid Search,11,Phone Case,Electronics,1,22.01,0,22.01,0
2025-10-05,1814,980,Lila Bauer,Regular,Direct,10,USB-C Cable,Electronics,1,117.18,0,117.18,0
2025-10-05,1815,986,Hugo Sullivan,Loyal,Referral,12,Bluetooth Speaker,Electronics,1,98.02,5,93.12,0
2025-10-06,1816,12,Hugo Carter,Loyal,Paid Search,3,Denim Jacket,Apparel,1,65.95,0,65.95,0
2025-10-06,1817,31,Harper Ibarra,Regular,Email,19,Cutting Board,Home,1,53.71,0,53.71,0
2025-10-06,1818,110,Tessa Yamada,Loyal,Social,3,Denim Jacket,Apparel,3,65.95,10,178.07,0
2025-10-06,1818,110,Tessa Yamada,Loyal,Social,32,Foam Roller,Sports,1,65.98,0,65.98,0
2025-10-06,1819,179,Iris Yamada,New,Referral,30,Water Bottle,Sports,3,46.55,25,104.74,0
2025-10-06,1820,203,Kai Larsen,At-Risk,Social,2,Hoodie,Apparel,1,19.91,0,19.91,0
2025-10-06,1821,232,Iris Park,New,Organic,19,Cutting Board,Home,1,53.71,0,53.71,0
2025-10-06,1821,232,Iris Park,New,Organic,22,Scented Candle,Home,1,18.98,0,18.98,0
2025-10-06,1822,293,Tessa Novak,Loyal,Direct,2,Hoodie,Apparel,2,19.91,25,29.87,0
2025-10-06,1823,307,Casey Ahmed,Champion,Organic,23,Vitamin C Serum,Beauty,1,32.33,10,29.1,0
2025-10-06,1824,319,Tessa Petrov,Loyal,Paid Search,1,Crew Tee,Apparel,1,53.87,20,43.1,0
2025-10-06,1825,390,Maya Okafor,At-Risk,Paid Search,3,Denim Jacket,Apparel,2,65.95,0,131.9,0
2025-10-06,1825,390,Maya Okafor,At-Risk,Paid Search,26,Shampoo Bar,Beauty,1,33.06,0,33.06,0
2025-10-06,1825,390,Maya Okafor,At-Risk,Paid Search,12,Bluetooth Speaker,Electronics,2,98.02,0,196.04,0
2025-10-06,1826,433,Nora Marsh,Loyal,Organic,36,Puzzle 500pc,Toys,1,44.86,0,44.86,0
2025-10-06,1827,449,Leo Fischer,Regular,Social,1,Crew Tee,Apparel,1,53.87,0,53.87,0
2025-10-06,1827,449,Leo Fischer,Regular,Social,18,LED Lamp,Home,2,50.85,0,101.7,0
2025-10-06,1828,450,Lila Bauer,Loyal,Paid Search,26,Shampoo Bar,Beauty,2,33.06,0,66.12,0
2025-10-06,1828,450,Lila Bauer,Loyal,Paid Search,14,Power Bank,Electronics,2,64.37,0,128.74,0
2025-10-06,1829,492,Drew Petrov,Champion,Social,36,Puzzle 500pc,Toys,3,44.86,5,127.85,0
2025-10-06,1830,524,Tessa Diaz,Regular,Email,35,Building Blocks,Toys,1,32.84,0,32.84,0
2025-10-06,1830,524,Tessa Diaz,Regular,Email,11,Phone Case,Electronics,1,22.01,0,22.01,0
2025-10-06,1831,551,Devon Fischer,Loyal,Social,33,Jump Rope,Sports,1,33.41,0,33.41,0
2025-10-06,1831,551,Devon Fischer,Loyal,Social,19,Cutting Board,Home,1,53.71,0,53.71,0
2025-10-06,1832,630,Casey Sullivan,New,Email,30,Water Bottle,Sports,1,46.55,0,46.55,0
2025-10-06,1833,647,Jordan Fischer,Loyal,Organic,18,LED Lamp,Home,3,50.85,5,144.92,0
2025-10-06,1833,647,Jordan Fischer,Loyal,Organic,23,Vitamin C Serum,Beauty,2,32.33,5,61.43,0
2025-10-06,1833,647,Jordan Fischer,Loyal,Organic,10,USB-C Cable,Electronics,2,117.18,10,210.92,0
2025-10-06,1834,658,Leo Carter,At-Risk,Social,12,Bluetooth Speaker,Electronics,1,98.02,0,98.02,0
2025-10-06,1834,658,Leo Carter,At-Risk,Social,27,Hand Cream,Beauty,1,18.43,0,18.43,0
2025-10-06,1835,686,Leo Reyes,At-Risk,Organic,40,Art Kit,Toys,2,53.64,0,107.28,1
2025-10-06,1835,686,Leo Reyes,At-Risk,Organic,28,SPF 50 Lotion,Beauty,1,34.44,0,34.44,0
2025-10-06,1836,710,Nora Khan,Champion,Email,2,Hoodie,Apparel,1,19.91,10,17.92,0
2025-10-06,1837,819,Nora Mendez,Champion,Paid Search,13,Webcam,Electronics,1,64,0,64,0
2025-10-06,1838,833,Jamie Hassan,Loyal,Email,38,Board Game,Toys,1,37.99,0,37.99,0
2025-10-06,1838,833,Jamie Hassan,Loyal,Email,16,Throw Pillow,Home,1,19.11,10,17.2,0
2025-10-06,1838,833,Jamie Hassan,Loyal,Email,18,LED Lamp,Home,1,50.85,10,45.77,0
2025-10-06,1839,852,Sasha Ahmed,Champion,Referral,30,Water Bottle,Sports,1,46.55,5,44.22,0
2025-10-06,1839,852,Sasha Ahmed,Champion,Referral,40,Art Kit,Toys,2,53.64,5,101.92,0
2025-10-06,1840,865,Rowan Costa,Champion,Referral,33,Jump Rope,Sports,1,33.41,0,33.41,0
2025-10-06,1841,945,Jamie Novak,Champion,Email,20,Towel Set,Home,1,19.75,10,17.78,0
2025-10-06,1842,951,Nora Kowalski,Loyal,Organic,4,Joggers,Apparel,2,42.18,0,84.36,0
2025-10-06,1842,951,Nora Kowalski,Loyal,Organic,25,Sheet Mask,Beauty,1,8.59,0,8.59,0
2025-10-06,1843,968,Morgan Mendez,New,Referral,7,Rain Shell,Apparel,2,23.29,0,46.58,0
2025-10-06,1843,968,Morgan Mendez,New,Referral,29,Yoga Mat,Sports,1,24.63,0,24.63,0
2025-10-06,1843,968,Morgan Mendez,New,Referral,38,Board Game,Toys,2,37.99,0,75.98,0
2025-10-06,1844,981,Nora Novak,New,Direct,6,Beanie,Apparel,1,30.7,0,30.7,0
2025-10-07,1845,125,Reese Hassan,Regular,Email,21,Storage Bin,Home,3,28.6,10,77.22,1
2025-10-07,1845,125,Reese Hassan,Regular,Email,36,Puzzle 500pc,Toys,1,44.86,20,35.89,0
2025-10-07,1846,141,Maya Romano,Loyal,Organic,1,Crew Tee,Apparel,2,53.87,0,107.74,0
2025-10-07,1846,141,Maya Romano,Loyal,Organic,23,Vitamin C Serum,Beauty,1,32.33,5,30.71,0
2025-10-07,1847,154,Drew Novak,Champion,Paid Search,4,Joggers,Apparel,1,42.18,5,40.07,0
2025-10-07,1847,154,Drew Novak,Champion,Paid Search,17,Ceramic Mug,Home,1,54.95,0,54.95,0
2025-10-07,1847,154,Drew Novak,Champion,Paid Search,7,Rain Shell,Apparel,1,23.29,0,23.29,0
2025-10-07,1848,156,Hugo Flynn,Champion,Email,18,LED Lamp,Home,3,50.85,0,152.55,0
2025-10-07,1849,174,Drew Costa,Champion,Social,23,Vitamin C Serum,Beauty,2,32.33,0,64.66,0
2025-10-07,1849,174,Drew Costa,Champion,Social,4,Joggers,Apparel,1,42.18,10,37.96,0
2025-10-07,1850,200,Rowan Tan,Regular,Social,17,Ceramic Mug,Home,1,54.95,20,43.96,0
2025-10-07,1851,220,Reese Nguyen,Regular,Referral,30,Water Bottle,Sports,3,46.55,0,139.65,0
2025-10-07,1852,233,Wren Carter,New,Referral,17,Ceramic Mug,Home,1,54.95,0,54.95,0
2025-10-07,1853,251,Tessa Ahmed,Regular,Social,27,Hand Cream,Beauty,1,18.43,0,18.43,0
2025-10-07,1853,251,Tessa Ahmed,Regular,Social,37,Plush Bear,Toys,2,15.95,0,31.9,0
2025-10-07,1853,251,Tessa Ahmed,Regular,Social,3,Denim Jacket,Apparel,1,65.95,0,65.95,0
2025-10-07,1854,268,Cole Yamada,Loyal,Direct,21,Storage Bin,Home,1,28.6,0,28.6,0
2025-10-07,1854,268,Cole Yamada,Loyal,Direct,33,Jump Rope,Sports,1,33.41,0,33.41,0
2025-10-07,1855,307,Casey Ahmed,Champion,Organic,26,Shampoo Bar,Beauty,1,33.06,0,33.06,0
2025-10-07,1856,327,Wren Reyes,Regular,Email,8,Chino Pants,Apparel,1,64.72,0,64.72,0
2025-10-07,1857,351,Harper Costa,Loyal,Email,10,USB-C Cable,Electronics,1,117.18,0,117.18,0
2025-10-07,1857,351,Harper Costa,Loyal,Email,7,Rain Shell,Apparel,1,23.29,5,22.13,0
2025-10-07,1858,416,Ivy Larsen,Loyal,Organic,27,Hand Cream,Beauty,1,18.43,5,17.51,0
2025-10-07,1859,420,Nora Reid,Regular,Referral,5,Socks 3-Pack,Apparel,2,65.81,0,131.62,0
2025-10-07,1859,420,Nora Reid,Regular,Referral,18,LED Lamp,Home,1,50.85,0,50.85,0
2025-10-07,1859,420,Nora Reid,Regular,Referral,32,Foam Roller,Sports,1,65.98,0,65.98,0
2025-10-07,1859,420,Nora Reid,Regular,Referral,23,Vitamin C Serum,Beauty,1,32.33,0,32.33,0
2025-10-07,1860,458,Drew Brooks,New,Email,18,LED Lamp,Home,1,50.85,0,50.85,1
2025-10-07,1861,527,Jamie Fischer,Champion,Referral,13,Webcam,Electronics,1,64,5,60.8,0
2025-10-07,1861,527,Jamie Fischer,Champion,Referral,2,Hoodie,Apparel,1,19.91,10,17.92,0
2025-10-07,1861,527,Jamie Fischer,Champion,Referral,29,Yoga Mat,Sports,3,24.63,0,73.89,0
2025-10-07,1862,551,Devon Fischer,Loyal,Social,15,Smart Plug,Electronics,2,110.18,0,220.36,0
2025-10-07,1863,601,Owen Carter,Loyal,Social,11,Phone Case,Electronics,1,22.01,5,20.91,0
2025-10-07,1863,601,Owen Carter,Loyal,Social,14,Power Bank,Electronics,1,64.37,10,57.93,0
2025-10-07,1864,640,Avery Romano,Champion,Organic,28,SPF 50 Lotion,Beauty,1,34.44,20,27.55,0
2025-10-07,1864,640,Avery Romano,Champion,Organic,9,Wireless Earbuds,Electronics,1,94.29,25,70.72,0
2025-10-07,1865,647,Jordan Fischer,Loyal,Organic,17,Ceramic Mug,Home,1,54.95,5,52.2,0
2025-10-07,1866,655,Noel Cohen,At-Risk,Email,4,Joggers,Apparel,1,42.18,20,33.74,0
2025-10-07,1866,655,Noel Cohen,At-Risk,Email,4,Joggers,Apparel,1,42.18,10,37.96,0
2025-10-07,1867,705,Jamie Park,Champion,Paid Search,5,Socks 3-Pack,Apparel,2,65.81,0,131.62,0
2025-10-07,1868,748,Maya Reid,Loyal,Email,2,Hoodie,Apparel,1,19.91,5,18.91,0
2025-10-07,1868,748,Maya Reid,Loyal,Email,26,Shampoo Bar,Beauty,1,33.06,0,33.06,0
2025-10-07,1869,807,Owen Ahmed,New,Organic,28,SPF 50 Lotion,Beauty,1,34.44,0,34.44,0
2025-10-07,1869,807,Owen Ahmed,New,Organic,36,Puzzle 500pc,Toys,1,44.86,0,44.86,0
2025-10-07,1869,807,Owen Ahmed,New,Organic,8,Chino Pants,Apparel,1,64.72,0,64.72,0
2025-10-07,1870,817,Jordan Carter,Loyal,Referral,6,Beanie,Apparel,1,30.7,0,30.7,1
2025-10-07,1870,817,Jordan Carter,Loyal,Referral,20,Towel Set,Home,1,19.75,0,19.75,0
2025-10-07,1871,934,Taylor Kowalski,Regular,Direct,36,Puzzle 500pc,Toys,1,44.86,15,38.13,0
2025-10-07,1871,934,Taylor Kowalski,Regular,Direct,28,SPF 50 Lotion,Beauty,1,34.44,20,27.55,0
2025-10-07,1872,994,Ezra Ahmed,New,Social,36,Puzzle 500pc,Toys,1,44.86,25,33.64,0
2025-10-07,1872,994,Ezra Ahmed,New,Social,24,Lip Balm,Beauty,1,36.1,20,28.88,0
2025-10-08,1873,115,Cole Ahmed,Champion,Paid Search,40,Art Kit,Toys,2,53.64,0,107.28,0
2025-10-08,1873,115,Cole Ahmed,Champion,Paid Search,16,Throw Pillow,Home,1,19.11,10,17.2,0
2025-10-08,1873,115,Cole Ahmed,Champion,Paid Search,18,LED Lamp,Home,1,50.85,0,50.85,0
2025-10-08,1874,144,Nora Ibarra,New,Referral,20,Towel Set,Home,2,19.75,0,39.5,0
2025-10-08,1874,144,Nora Ibarra,New,Referral,14,Power Bank,Electronics,3,64.37,0,193.11,0
2025-10-08,1875,200,Rowan Tan,Regular,Social,21,Storage Bin,Home,1,28.6,0,28.6,0
2025-10-08,1876,327,Wren Reyes,Regular,Email,23,Vitamin C Serum,Beauty,1,32.33,15,27.48,0
2025-10-08,1876,327,Wren Reyes,Regular,Email,9,Wireless Earbuds,Electronics,1,94.29,25,70.72,0
2025-10-08,1877,351,Harper Costa,Loyal,Email,26,Shampoo Bar,Beauty,1,33.06,0,33.06,0
2025-10-08,1877,351,Harper Costa,Loyal,Email,1,Crew Tee,Apparel,1,53.87,0,53.87,0
2025-10-08,1877,351,Harper Costa,Loyal,Email,28,SPF 50 Lotion,Beauty,3,34.44,5,98.15,1
2025-10-08,1878,394,Kai Diaz,Champion,Email,34,Running Belt,Sports,2,29.4,10,52.92,0
2025-10-08,1878,394,Kai Diaz,Champion,Email,24,Lip Balm,Beauty,1,36.1,10,32.49,0
2025-10-08,1879,422,Iris Mendez,Champion,Social,3,Denim Jacket,Apparel,1,65.95,10,59.36,0
2025-10-08,1879,422,Iris Mendez,Champion,Social,30,Water Bottle,Sports,1,46.55,15,39.57,0
2025-10-08,1880,451,Casey Mendez,Regular,Referral,18,LED Lamp,Home,2,50.85,0,101.7,0
2025-10-08,1881,467,Quinn Khan,Loyal,Direct,19,Cutting Board,Home,1,53.71,0,53.71,0
2025-10-08,1882,504,Harper Osei,Loyal,Social,13,Webcam,Electronics,1,64,15,54.4,0
2025-10-08,1882,504,Harper Osei,Loyal,Social,9,Wireless Earbuds,Electronics,1,94.29,15,80.15,0
2025-10-08,1883,526,Mateo Flynn,Regular,Social,18,LED Lamp,Home,2,50.85,0,101.7,0
2025-10-08,1883,526,Mateo Flynn,Regular,Social,5,Socks 3-Pack,Apparel,1,65.81,0,65.81,0
2025-10-08,1884,531,Wren Carter,Loyal,Direct,13,Webcam,Electronics,1,64,10,57.6,0
2025-10-08,1884,531,Wren Carter,Loyal,Direct,15,Smart Plug,Electronics,1,110.18,10,99.16,0
2025-10-08,1884,531,Wren Carter,Loyal,Direct,11,Phone Case,Electronics,1,22.01,5,20.91,0
2025-10-08,1885,550,Cole Ibarra,Champion,Organic,24,Lip Balm,Beauty,1,36.1,10,32.49,0
2025-10-08,1886,651,Leo Petrov,Champion,Organic,33,Jump Rope,Sports,1,33.41,0,33.41,0
2025-10-08,1886,651,Leo Petrov,Champion,Organic,8,Chino Pants,Apparel,2,64.72,10,116.5,0
2025-10-08,1886,651,Leo Petrov,Champion,Organic,26,Shampoo Bar,Beauty,1,33.06,10,29.75,0
2025-10-08,1887,661,Mateo Ahmed,Regular,Direct,37,Plush Bear,Toys,3,15.95,0,47.85,0
2025-10-08,1888,678,Mateo Cohen,Champion,Social,5,Socks 3-Pack,Apparel,1,65.81,10,59.23,0
2025-10-08,1888,678,Mateo Cohen,Champion,Social,14,Power Bank,Electronics,1,64.37,0,64.37,0
2025-10-08,1888,678,Mateo Cohen,Champion,Social,21,Storage Bin,Home,1,28.6,0,28.6,0
2025-10-08,1888,678,Mateo Cohen,Champion,Social,11,Phone Case,Electronics,1,22.01,0,22.01,0
2025-10-08,1889,775,Nora Patel,Champion,Paid Search,14,Power Bank,Electronics,1,64.37,10,57.93,0
2025-10-08,1889,775,Nora Patel,Champion,Paid Search,37,Plush Bear,Toys,1,15.95,5,15.15,0
2025-10-08,1890,829,Morgan Reid,Loyal,Email,9,Wireless Earbuds,Electronics,1,94.29,0,94.29,0
2025-10-08,1890,829,Morgan Reid,Loyal,Email,1,Crew Tee,Apparel,3,53.87,0,161.61,0
2025-10-08,1891,843,Leo Patel,New,Direct,27,Hand Cream,Beauty,3,18.43,10,49.76,0
2025-10-08,1892,852,Sasha Ahmed,Champion,Referral,24,Lip Balm,Beauty,1,36.1,25,27.08,0
2025-10-08,1893,998,Lila Yamada,Champion,Email,27,Hand Cream,Beauty,3,18.43,5,52.53,0
2025-10-08,1894,999,Owen Novak,New,Direct,18,LED Lamp,Home,1,50.85,0,50.85,0
2025-10-09,1895,7,Wren Larsen,Loyal,Referral,27,Hand Cream,Beauty,1,18.43,0,18.43,0
2025-10-09,1896,24,Sasha Reid,Champion,Referral,10,USB-C Cable,Electronics,3,117.18,0,351.54,0
2025-10-09,1896,24,Sasha Reid,Champion,Referral,32,Foam Roller,Sports,1,65.98,5,62.68,0
2025-10-09,1896,24,Sasha Reid,Champion,Referral,33,Jump Rope,Sports,1,33.41,0,33.41,0
2025-10-09,1897,56,Taylor Carter,New,Email,5,Socks 3-Pack,Apparel,1,65.81,20,52.65,0
2025-10-09,1897,56,Taylor Carter,New,Email,18,LED Lamp,Home,3,50.85,25,114.41,0
2025-10-09,1897,56,Taylor Carter,New,Email,5,Socks 3-Pack,Apparel,1,65.81,15,55.94,0
2025-10-09,1898,103,Maya Walsh,Regular,Email,30,Water Bottle,Sports,2,46.55,0,93.1,0
2025-10-09,1898,103,Maya Walsh,Regular,Email,28,SPF 50 Lotion,Beauty,1,34.44,0,34.44,0
2025-10-09,1899,154,Drew Novak,Champion,Paid Search,20,Towel Set,Home,1,19.75,0,19.75,0
2025-10-09,1899,154,Drew Novak,Champion,Paid Search,4,Joggers,Apparel,1,42.18,10,37.96,0
2025-10-09,1900,182,Riley Patel,At-Risk,Email,8,Chino Pants,Apparel,3,64.72,0,194.16,0
2025-10-09,1900,182,Riley Patel,At-Risk,Email,1,Crew Tee,Apparel,2,53.87,0,107.74,1
2025-10-09,1900,182,Riley Patel,At-Risk,Email,17,Ceramic Mug,Home,2,54.95,0,109.9,0
2025-10-09,1900,182,Riley Patel,At-Risk,Email,36,Puzzle 500pc,Toys,1,44.86,0,44.86,0
2025-10-09,1901,245,Drew Flynn,Loyal,Direct,28,SPF 50 Lotion,Beauty,2,34.44,0,68.88,1
2025-10-09,1902,367,Sasha Kowalski,New,Email,12,Bluetooth Speaker,Electronics,1,98.02,0,98.02,0
2025-10-09,1902,367,Sasha Kowalski,New,Email,5,Socks 3-Pack,Apparel,1,65.81,0,65.81,0
2025-10-09,1902,367,Sasha Kowalski,New,Email,3,Denim Jacket,Apparel,1,65.95,0,65.95,0
2025-10-09,1903,498,Reese Walsh,Regular,Paid Search,40,Art Kit,Toys,1,53.64,0,53.64,0
2025-10-09,1903,498,Reese Walsh,Regular,Paid Search,10,USB-C Cable,Electronics,1,117.18,0,117.18,0
2025-10-09,1903,498,Reese Walsh,Regular,Paid Search,19,Cutting Board,Home,3,53.71,0,161.13,0
2025-10-09,1904,531,Wren Carter,Loyal,Direct,2,Hoodie,Apparel,3,19.91,0,59.73,0
2025-10-09,1904,531,Wren Carter,Loyal,Direct,12,Bluetooth Speaker,Electronics,2,98.02,5,186.24,0
2025-10-09,1904,531,Wren Carter,Loyal,Direct,37,Plush Bear,Toys,1,15.95,10,14.36,0
2025-10-09,1904,531,Wren Carter,Loyal,Direct,38,Board Game,Toys,1,37.99,5,36.09,0
2025-10-09,1905,599,Ezra Carter,Regular,Social,38,Board Game,Toys,2,37.99,15,64.58,0
2025-10-09,1906,625,Riley Walsh,New,Referral,1,Crew Tee,Apparel,1,53.87,0,53.87,0
2025-10-09,1907,640,Avery Romano,Champion,Organic,16,Throw Pillow,Home,1,19.11,5,18.15,0
2025-10-09,1908,705,Jamie Park,Champion,Paid Search,21,Storage Bin,Home,1,28.6,15,24.31,0
2025-10-09,1909,744,Quinn Ahmed,Loyal,Email,34,Running Belt,Sports,1,29.4,5,27.93,0
2025-10-09,1910,751,Riley Kowalski,Champion,Direct,6,Beanie,Apparel,1,30.7,15,26.1,0
2025-10-09,1911,833,Jamie Hassan,Loyal,Email,10,USB-C Cable,Electronics,1,117.18,5,111.32,0
2025-10-09,1912,872,Priya Romano,New,Paid Search,38,Board Game,Toys,1,37.99,0,37.99,0
2025-10-09,1912,872,Priya Romano,New,Paid Search,28,SPF 50 Lotion,Beauty,2,34.44,0,68.88,0
2025-10-09,1913,897,Wren Khan,Loyal,Paid Search,9,Wireless Earbuds,Electronics,3,94.29,0,282.87,0
2025-10-09,1914,902,Quinn Fischer,Regular,Referral,22,Scented Candle,Home,2,18.98,15,32.27,0
2025-10-09,1915,903,Ezra Kowalski,At-Risk,Referral,2,Hoodie,Apparel,1,19.91,0,19.91,1
2025-10-09,1916,915,Riley Park,Champion,Referral,4,Joggers,Apparel,1,42.18,0,42.18,0
2025-10-09,1917,931,Cole Reid,Champion,Organic,14,Power Bank,Electronics,2,64.37,0,128.74,0
2025-10-09,1917,931,Cole Reid,Champion,Organic,32,Foam Roller,Sports,3,65.98,10,178.15,0
2025-10-10,1918,50,Drew Brooks,Champion,Email,30,Water Bottle,Sports,1,46.55,0,46.55,0
2025-10-10,1919,63,Cole Bauer,Champion,Organic,34,Running Belt,Sports,1,29.4,0,29.4,0
2025-10-10,1920,111,Reese Hassan,New,Email,5,Socks 3-Pack,Apparel,1,65.81,10,59.23,0
2025-10-10,1920,111,Reese Hassan,New,Email,29,Yoga Mat,Sports,1,24.63,25,18.47,0
2025-10-10,1920,111,Reese Hassan,New,Email,22,Scented Candle,Home,2,18.98,10,34.16,0
2025-10-10,1920,111,Reese Hassan,New,Email,26,Shampoo Bar,Beauty,1,33.06,20,26.45,0
2025-10-10,1921,218,Taylor Patel,Champion,Paid Search,23,Vitamin C Serum,Beauty,2,32.33,10,58.19,0
2025-10-10,1922,252,Devon Mendez,Loyal,Email,24,Lip Balm,Beauty,2,36.1,10,64.98,0
2025-10-10,1923,281,Avery Reyes,Loyal,Organic,6,Beanie,Apparel,2,30.7,25,46.05,1
2025-10-10,1924,355,Tessa Park,Loyal,Direct,27,Hand Cream,Beauty,1,18.43,0,18.43,0
2025-10-10,1924,355,Tessa Park,Loyal,Direct,8,Chino Pants,Apparel,1,64.72,0,64.72,0
2025-10-10,1925,422,Iris Mendez,Champion,Social,33,Jump Rope,Sports,1,33.41,0,33.41,0
2025-10-10,1925,422,Iris Mendez,Champion,Social,12,Bluetooth Speaker,Electronics,1,98.02,0,98.02,0
2025-10-10,1926,425,Tessa Walsh,Regular,Paid Search,32,Foam Roller,Sports,2,65.98,0,131.96,0
2025-10-10,1926,425,Tessa Walsh,Regular,Paid Search,32,Foam Roller,Sports,1,65.98,0,65.98,0
2025-10-10,1927,443,Mateo Nguyen,At-Risk,Organic,26,Shampoo Bar,Beauty,1,33.06,0,33.06,0
2025-10-10,1928,450,Lila Bauer,Loyal,Paid Search,31,Resistance Bands,Sports,2,65.69,5,124.81,0
2025-10-10,1929,462,Leo Petrov,Champion,Referral,19,Cutting Board,Home,1,53.71,20,42.97,0
2025-10-10,1929,462,Leo Petrov,Champion,Referral,21,Storage Bin,Home,1,28.6,15,24.31,0
2025-10-10,1930,492,Drew Petrov,Champion,Social,8,Chino Pants,Apparel,2,64.72,10,116.5,0
2025-10-10,1930,492,Drew Petrov,Champion,Social,7,Rain Shell,Apparel,1,23.29,10,20.96,1
2025-10-10,1930,492,Drew Petrov,Champion,Social,33,Jump Rope,Sports,2,33.41,10,60.14,0
2025-10-10,1931,515,Devon Patel,Loyal,Social,40,Art Kit,Toys,1,53.64,0,53.64,0
2025-10-10,1931,515,Devon Patel,Loyal,Social,3,Denim Jacket,Apparel,2,65.95,5,125.31,0
2025-10-10,1932,567,Avery Bauer,Loyal,Organic,30,Water Bottle,Sports,2,46.55,0,93.1,0
2025-10-10,1933,600,Mateo Hassan,Loyal,Social,16,Throw Pillow,Home,1,19.11,10,17.2,0
2025-10-10,1934,651,Leo Petrov,Champion,Organic,21,Storage Bin,Home,1,28.6,0,28.6,0
2025-10-10,1935,660,Jordan Romano,Loyal,Email,34,Running Belt,Sports,1,29.4,10,26.46,0
2025-10-10,1936,672,Priya Petrov,Loyal,Organic,5,Socks 3-Pack,Apparel,1,65.81,0,65.81,0
2025-10-10,1937,680,Maya Walsh,Regular,Social,39,RC Car,Toys,2,33.63,0,67.26,0
2025-10-10,1938,696,Riley Tan,Champion,Referral,12,Bluetooth Speaker,Electronics,1,98.02,0,98.02,0
2025-10-10,1939,698,Avery Carter,Regular,Paid Search,35,Building Blocks,Toys,1,32.84,0,32.84,0
2025-10-10,1940,705,Jamie Park,Champion,Paid Search,24,Lip Balm,Beauty,2,36.1,15,61.37,1
2025-10-10,1941,754,Tessa Okafor,Regular,Social,26,Shampoo Bar,Beauty,1,33.06,0,33.06,0
2025-10-10,1941,754,Tessa Okafor,Regular,Social,22,Scented Candle,Home,1,18.98,0,18.98,1
2025-10-10,1941,754,Tessa Okafor,Regular,Social,31,Resistance Bands,Sports,1,65.69,0,65.69,0
2025-10-10,1941,754,Tessa Okafor,Regular,Social,2,Hoodie,Apparel,3,19.91,0,59.73,0
2025-10-10,1942,764,Jordan Flynn,Loyal,Referral,5,Socks 3-Pack,Apparel,2,65.81,15,111.88,0
2025-10-10,1942,764,Jordan Flynn,Loyal,Referral,24,Lip Balm,Beauty,1,36.1,20,28.88,0
2025-10-10,1942,764,Jordan Flynn,Loyal,Referral,36,Puzzle 500pc,Toys,1,44.86,10,40.37,0
2025-10-10,1943,858,Morgan Marsh,Loyal,Referral,18,LED Lamp,Home,1,50.85,0,50.85,0
2025-10-10,1944,859,Mateo Mendez,Champion,Email,7,Rain Shell,Apparel,1,23.29,0,23.29,0
2025-10-10,1944,859,Mateo Mendez,Champion,Email,16,Throw Pillow,Home,2,19.11,10,34.4,1
2025-10-10,1944,859,Mateo Mendez,Champion,Email,9,Wireless Earbuds,Electronics,1,94.29,5,89.58,0
2025-10-10,1945,865,Rowan Costa,Champion,Referral,1,Crew Tee,Apparel,1,53.87,0,53.87,0
2025-10-10,1945,865,Rowan Costa,Champion,Referral,23,Vitamin C Serum,Beauty,1,32.33,0,32.33,0
2025-10-10,1945,865,Rowan Costa,Champion,Referral,21,Storage Bin,Home,1,28.6,5,27.17,0
2025-10-10,1946,878,Noel Marsh,Loyal,Direct,30,Water Bottle,Sports,1,46.55,10,41.9,0
2025-10-10,1946,878,Noel Marsh,Loyal,Direct,8,Chino Pants,Apparel,3,64.72,5,184.45,0
2025-10-10,1946,878,Noel Marsh,Loyal,Direct,26,Shampoo Bar,Beauty,3,33.06,0,99.18,0
2025-10-10,1947,879,Tessa Patel,Regular,Referral,10,USB-C Cable,Electronics,1,117.18,0,117.18,0
2025-10-10,1947,879,Tessa Patel,Regular,Referral,27,Hand Cream,Beauty,1,18.43,0,18.43,0
2025-10-10,1948,933,Mateo Walsh,Regular,Social,34,Running Belt,Sports,1,29.4,0,29.4,0
2025-10-10,1949,976,Devon Nguyen,New,Paid Search,20,Towel Set,Home,1,19.75,0,19.75,0
2025-10-10,1950,981,Nora Novak,New,Direct,8,Chino Pants,Apparel,1,64.72,0,64.72,0
2025-10-10,1950,981,Nora Novak,New,Direct,22,Scented Candle,Home,2,18.98,0,37.96,0
2025-10-10,1951,995,Kai Tan,Champion,Organic,13,Webcam,Electronics,2,64,5,121.6,0
2025-10-11,1952,46,Priya Reid,Regular,Paid Search,11,Phone Case,Electronics,2,22.01,0,44.02,0
2025-10-11,1952,46,Priya Reid,Regular,Paid Search,31,Resistance Bands,Sports,2,65.69,0,131.38,0
2025-10-11,1952,46,Priya Reid,Regular,Paid Search,33,Jump Rope,Sports,1,33.41,0,33.41,0
2025-10-11,1953,62,Noel Novak,Loyal,Organic,12,Bluetooth Speaker,Electronics,1,98.02,5,93.12,0
2025-10-11,1953,62,Noel Novak,Loyal,Organic,19,Cutting Board,Home,1,53.71,10,48.34,0
2025-10-11,1954,76,Owen Flynn,Champion,Direct,33,Jump Rope,Sports,2,33.41,10,60.14,0
2025-10-11,1954,76,Owen Flynn,Champion,Direct,23,Vitamin C Serum,Beauty,1,32.33,5,30.71,0
2025-10-11,1954,76,Owen Flynn,Champion,Direct,9,Wireless Earbuds,Electronics,3,94.29,10,254.58,0
2025-10-11,1955,86,Priya Okafor,Champion,Email,8,Chino Pants,Apparel,1,64.72,10,58.25,0
2025-10-11,1955,86,Priya Okafor,Champion,Email,10,USB-C Cable,Electronics,2,117.18,0,234.36,0
2025-10-11,1956,140,Cole Marsh,Loyal,Email,38,Board Game,Toys,1,37.99,10,34.19,0
2025-10-11,1956,140,Cole Marsh,Loyal,Email,3,Denim Jacket,Apparel,3,65.95,20,158.28,0
2025-10-11,1956,140,Cole Marsh,Loyal,Email,1,Crew Tee,Apparel,1,53.87,15,45.79,0
2025-10-11,1956,140,Cole Marsh,Loyal,Email,6,Beanie,Apparel,2,30.7,10,55.26,0
2025-10-11,1957,150,Nora Carter,Regular,Paid Search,27,Hand Cream,Beauty,2,18.43,0,36.86,0
2025-10-11,1958,185,Kai Bauer,Loyal,Direct,20,Towel Set,Home,2,19.75,0,39.5,0
2025-10-11,1958,185,Kai Bauer,Loyal,Direct,15,Smart Plug,Electronics,1,110.18,10,99.16,1
2025-10-11,1958,185,Kai Bauer,Loyal,Direct,20,Towel Set,Home,3,19.75,5,56.29,0
2025-10-11,1959,214,Rowan Bauer,Regular,Paid Search,6,Beanie,Apparel,1,30.7,0,30.7,0
2025-10-11,1960,234,Kai Walsh,Loyal,Paid Search,18,LED Lamp,Home,1,50.85,0,50.85,0
2025-10-11,1960,234,Kai Walsh,Loyal,Paid Search,26,Shampoo Bar,Beauty,1,33.06,10,29.75,0
2025-10-11,1961,242,Sasha Hassan,Loyal,Paid Search,25,Sheet Mask,Beauty,1,8.59,0,8.59,0
2025-10-11,1962,273,Avery Flynn,Loyal,Referral,11,Phone Case,Electronics,1,22.01,10,19.81,0
2025-10-11,1963,274,Drew Flynn,Loyal,Email,16,Throw Pillow,Home,1,19.11,25,14.33,0
2025-10-11,1964,293,Tessa Novak,Loyal,Direct,36,Puzzle 500pc,Toys,2,44.86,10,80.75,0
2025-10-11,1965,301,Nora Kowalski,At-Risk,Direct,5,Socks 3-Pack,Apparel,1,65.81,0,65.81,0
2025-10-11,1965,301,Nora Kowalski,At-Risk,Direct,5,Socks 3-Pack,Apparel,2,65.81,0,131.62,0
2025-10-11,1966,418,Quinn Diaz,New,Referral,32,Foam Roller,Sports,1,65.98,0,65.98,0
2025-10-11,1967,437,Lila Marsh,Loyal,Email,8,Chino Pants,Apparel,1,64.72,10,58.25,0
2025-10-11,1968,444,Hugo Yamada,Regular,Email,40,Art Kit,Toys,1,53.64,0,53.64,0
2025-10-11,1968,444,Hugo Yamada,Regular,Email,15,Smart Plug,Electronics,2,110.18,0,220.36,0
2025-10-11,1969,469,Drew Costa,Regular,Direct,35,Building Blocks,Toys,2,32.84,0,65.68,0
2025-10-11,1969,469,Drew Costa,Regular,Direct,35,Building Blocks,Toys,1,32.84,0,32.84,0
2025-10-11,1970,630,Casey Sullivan,New,Email,18,LED Lamp,Home,1,50.85,15,43.22,0
2025-10-11,1970,630,Casey Sullivan,New,Email,16,Throw Pillow,Home,1,19.11,25,14.33,0
2025-10-11,1971,640,Avery Romano,Champion,Organic,4,Joggers,Apparel,1,42.18,0,42.18,1
2025-10-11,1971,640,Avery Romano,Champion,Organic,2,Hoodie,Apparel,1,19.91,0,19.91,0
2025-10-11,1972,667,Maya Petrov,Champion,Paid Search,28,SPF 50 Lotion,Beauty,1,34.44,0,34.44,0
2025-10-11,1973,696,Riley Tan,Champion,Referral,25,Sheet Mask,Beauty,3,8.59,0,25.77,0
2025-10-11,1974,700,Owen Cohen,Champion,Social,18,LED Lamp,Home,3,50.85,15,129.67,0
2025-10-11,1974,700,Owen Cohen,Champion,Social,33,Jump Rope,Sports,1,33.41,15,28.4,0
2025-10-11,1974,700,Owen Cohen,Champion,Social,15,Smart Plug,Electronics,1,110.18,25,82.64,0
2025-10-11,1975,718,Devon Tan,Regular,Paid Search,40,Art Kit,Toys,1,53.64,0,53.64,0
2025-10-11,1976,733,Wren Romano,At-Risk,Email,31,Resistance Bands,Sports,2,65.69,0,131.38,0
2025-10-11,1977,805,Cole Costa,Champion,Direct,34,Running Belt,Sports,1,29.4,10,26.46,0
2025-10-11,1977,805,Cole Costa,Champion,Direct,27,Hand Cream,Beauty,1,18.43,0,18.43,0
2025-10-11,1978,865,Rowan Costa,Champion,Referral,14,Power Bank,Electronics,1,64.37,0,64.37,0
2025-10-11,1978,865,Rowan Costa,Champion,Referral,31,Resistance Bands,Sports,1,65.69,10,59.12,0
2025-10-11,1979,928,Ivy Sullivan,Loyal,Referral,39,RC Car,Toys,1,33.63,10,30.27,0
2025-10-11,1979,928,Ivy Sullivan,Loyal,Referral,35,Building Blocks,Toys,3,32.84,0,98.52,0
2025-10-11,1980,953,Jamie Reid,Champion,Referral,36,Puzzle 500pc,Toys,2,44.86,0,89.72,0
2025-10-11,1981,983,Wren Park,Regular,Email,34,Running Belt,Sports,3,29.4,0,88.2,0
2025-10-11,1981,983,Wren Park,Regular,Email,33,Jump Rope,Sports,1,33.41,0,33.41,0
2025-10-11,1982,993,Hugo Cohen,Regular,Referral,25,Sheet Mask,Beauty,1,8.59,0,8.59,1
2025-10-11,1983,995,Kai Tan,Champion,Organic,2,Hoodie,Apparel,1,19.91,0,19.91,1
2025-10-11,1983,995,Kai Tan,Champion,Organic,27,Hand Cream,Beauty,3,18.43,0,55.29,0
2025-10-12,1984,84,Hugo Kowalski,Loyal,Direct,19,Cutting Board,Home,2,53.71,5,102.05,1
2025-10-12,1985,113,Priya Kowalski,New,Paid Search,25,Sheet Mask,Beauty,1,8.59,0,8.59,0
2025-10-12,1986,140,Cole Marsh,Loyal,Email,37,Plush Bear,Toys,1,15.95,0,15.95,0
2025-10-12,1987,159,Jordan Tan,Loyal,Direct,20,Towel Set,Home,1,19.75,10,17.78,0
2025-10-12,1987,159,Jordan Tan,Loyal,Direct,38,Board Game,Toys,1,37.99,10,34.19,0
2025-10-12,1988,194,Noel Kowalski,Loyal,Direct,15,Smart Plug,Electronics,1,110.18,15,93.65,0
2025-10-12,1988,194,Noel Kowalski,Loyal,Direct,13,Webcam,Electronics,1,64,20,51.2,0
2025-10-12,1988,194,Noel Kowalski,Loyal,Direct,15,Smart Plug,Electronics,2,110.18,25,165.27,1
2025-10-12,1988,194,Noel Kowalski,Loyal,Direct,24,Lip Balm,Beauty,3,36.1,10,97.47,0
2025-10-12,1989,222,Ivy Romano,Champion,Social,16,Throw Pillow,Home,1,19.11,0,19.11,0
2025-10-12,1990,226,Leo Petrov,Champion,Organic,37,Plush Bear,Toys,1,15.95,10,14.36,0
2025-10-12,1990,226,Leo Petrov,Champion,Organic,19,Cutting Board,Home,3,53.71,0,161.13,0
2025-10-12,1990,226,Leo Petrov,Champion,Organic,28,SPF 50 Lotion,Beauty,1,34.44,0,34.44,0
2025-10-12,1990,226,Leo Petrov,Champion,Organic,23,Vitamin C Serum,Beauty,1,32.33,5,30.71,0
2025-10-12,1991,263,Morgan Sullivan,Regular,Paid Search,11,Phone Case,Electronics,1,22.01,0,22.01,1
2025-10-12,1992,274,Drew Flynn,Loyal,Email,34,Running Belt,Sports,3,29.4,10,79.38,0
2025-10-12,1992,274,Drew Flynn,Loyal,Email,40,Art Kit,Toys,3,53.64,25,120.69,0
2025-10-12,1993,275,Jordan Fischer,Loyal,Referral,20,Towel Set,Home,1,19.75,20,15.8,0
2025-10-12,1993,275,Jordan Fischer,Loyal,Referral,28,SPF 50 Lotion,Beauty,1,34.44,20,27.55,0
2025-10-12,1994,276,Riley Costa,Loyal,Referral,27,Hand Cream,Beauty,1,18.43,0,18.43,0
2025-10-12,1994,276,Riley Costa,Loyal,Referral,16,Throw Pillow,Home,2,19.11,10,34.4,0
2025-10-12,1994,276,Riley Costa,Loyal,Referral,5,Socks 3-Pack,Apparel,1,65.81,0,65.81,0
2025-10-12,1995,330,Wren Cohen,At-Risk,Referral,3,Denim Jacket,Apparel,1,65.95,0,65.95,1
2025-10-12,1995,330,Wren Cohen,At-Risk,Referral,4,Joggers,Apparel,1,42.18,0,42.18,0
2025-10-12,1995,330,Wren Cohen,At-Risk,Referral,16,Throw Pillow,Home,1,19.11,0,19.11,0
2025-10-12,1996,369,Drew Park,New,Paid Search,2,Hoodie,Apparel,2,19.91,0,39.82,0
2025-10-12,1996,369,Drew Park,New,Paid Search,15,Smart Plug,Electronics,1,110.18,0,110.18,0
2025-10-12,1997,409,Cole Osei,Loyal,Direct,24,Lip Balm,Beauty,1,36.1,10,32.49,0
2025-10-12,1997,409,Cole Osei,Loyal,Direct,28,SPF 50 Lotion,Beauty,2,34.44,20,55.1,0
2025-10-12,1997,409,Cole Osei,Loyal,Direct,3,Denim Jacket,Apparel,1,65.95,15,56.06,0
2025-10-12,1997,409,Cole Osei,Loyal,Direct,10,USB-C Cable,Electronics,3,117.18,20,281.23,0
2025-10-12,1998,504,Harper Osei,Loyal,Social,2,Hoodie,Apparel,1,19.91,0,19.91,0
2025-10-12,1998,504,Harper Osei,Loyal,Social,5,Socks 3-Pack,Apparel,1,65.81,5,62.52,0
2025-10-12,1998,504,Harper Osei,Loyal,Social,22,Scented Candle,Home,2,18.98,5,36.06,0
2025-10-12,1999,534,Iris Nguyen,Regular,Social,9,Wireless Earbuds,Electronics,1,94.29,0,94.29,0
2025-10-12,1999,534,Iris Nguyen,Regular,Social,22,Scented Candle,Home,1,18.98,0,18.98,0
2025-10-12,2000,589,Kai Brooks,Regular,Email,19,Cutting Board,Home,1,53.71,0,53.71,0
2025-10-12,2000,589,Kai Brooks,Regular,Email,18,LED Lamp,Home,3,50.85,0,152.55,0
2025-10-12,2001,600,Mateo Hassan,Loyal,Social,24,Lip Balm,Beauty,1,36.1,25,27.08,0
2025-10-12,2001,600,Mateo Hassan,Loyal,Social,14,Power Bank,Electronics,2,64.37,25,96.56,0
2025-10-12,2001,600,Mateo Hassan,Loyal,Social,15,Smart Plug,Electronics,1,110.18,25,82.64,1
2025-10-12,2002,627,Hugo Sullivan,Champion,Paid Search,33,Jump Rope,Sports,2,33.41,5,63.48,0
2025-10-12,2002,627,Hugo Sullivan,Champion,Paid Search,7,Rain Shell,Apparel,1,23.29,0,23.29,0
2025-10-12,2002,627,Hugo Sullivan,Champion,Paid Search,29,Yoga Mat,Sports,2,24.63,0,49.26,0
2025-10-12,2002,627,Hugo Sullivan,Champion,Paid Search,14,Power Bank,Electronics,3,64.37,0,193.11,0
2025-10-12,2003,647,Jordan Fischer,Loyal,Organic,17,Ceramic Mug,Home,1,54.95,0,54.95,0
2025-10-12,2003,647,Jordan Fischer,Loyal,Organic,13,Webcam,Electronics,1,64,10,57.6,0
2025-10-12,2004,649,Harper Nguyen,Champion,Referral,5,Socks 3-Pack,Apparel,1,65.81,0,65.81,0
2025-10-12,2004,649,Harper Nguyen,Champion,Referral,19,Cutting Board,Home,1,53.71,10,48.34,0
2025-10-12,2004,649,Harper Nguyen,Champion,Referral,15,Smart Plug,Electronics,1,110.18,0,110.18,0
2025-10-12,2005,678,Mateo Cohen,Champion,Social,3,Denim Jacket,Apparel,3,65.95,10,178.07,0
2025-10-12,2006,679,Owen Park,Loyal,Paid Search,35,Building Blocks,Toys,2,32.84,10,59.11,1
2025-10-12,2006,679,Owen Park,Loyal,Paid Search,30,Water Bottle,Sports,1,46.55,25,34.91,0
2025-10-12,2007,711,Morgan Novak,Loyal,Direct,29,Yoga Mat,Sports,3,24.63,10,66.5,0
2025-10-12,2008,736,Wren Fischer,Regular,Organic,5,Socks 3-Pack,Apparel,1,65.81,0,65.81,0
2025-10-12,2008,736,Wren Fischer,Regular,Organic,9,Wireless Earbuds,Electronics,1,94.29,0,94.29,0
2025-10-12,2009,751,Riley Kowalski,Champion,Direct,21,Storage Bin,Home,1,28.6,0,28.6,0
2025-10-12,2010,800,Owen Novak,Loyal,Referral,31,Resistance Bands,Sports,3,65.69,10,177.36,0
2025-10-12,2011,831,Kai Bauer,Regular,Referral,12,Bluetooth Speaker,Electronics,1,98.02,0,98.02,0
2025-10-12,2012,859,Mateo Mendez,Champion,Email,10,USB-C Cable,Electronics,1,117.18,25,87.89,1
2025-10-12,2013,865,Rowan Costa,Champion,Referral,30,Water Bottle,Sports,1,46.55,0,46.55,0
2025-10-12,2014,870,Sasha Sullivan,New,Organic,38,Board Game,Toys,2,37.99,0,75.98,0
2025-10-12,2014,870,Sasha Sullivan,New,Organic,22,Scented Candle,Home,1,18.98,0,18.98,0
2025-10-12,2015,959,Ivy Larsen,Regular,Email,39,RC Car,Toys,1,33.63,0,33.63,0
2025-10-12,2015,959,Ivy Larsen,Regular,Email,20,Towel Set,Home,1,19.75,0,19.75,0
2025-10-13,2016,45,Quinn Bauer,Regular,Paid Search,13,Webcam,Electronics,1,64,0,64,0
2025-10-13,2017,142,Owen Khan,New,Social,18,LED Lamp,Home,1,50.85,0,50.85,0
2025-10-13,2018,146,Hugo Flynn,New,Email,16,Throw Pillow,Home,1,19.11,0,19.11,0
2025-10-13,2019,186,Kai Novak,Loyal,Organic,14,Power Bank,Electronics,1,64.37,0,64.37,0
2025-10-13,2019,186,Kai Novak,Loyal,Organic,14,Power Bank,Electronics,2,64.37,10,115.87,0
2025-10-13,2020,218,Taylor Patel,Champion,Paid Search,14,Power Bank,Electronics,1,64.37,0,64.37,0
2025-10-13,2021,283,Harper Costa,Regular,Email,26,Shampoo Bar,Beauty,2,33.06,0,66.12,0
2025-10-13,2021,283,Harper Costa,Regular,Email,26,Shampoo Bar,Beauty,1,33.06,0,33.06,0
2025-10-13,2022,299,Sasha Park,New,Paid Search,14,Power Bank,Electronics,2,64.37,0,128.74,0
2025-10-13,2022,299,Sasha Park,New,Paid Search,23,Vitamin C Serum,Beauty,1,32.33,0,32.33,0
2025-10-13,2023,305,Wren Park,Loyal,Social,33,Jump Rope,Sports,1,33.41,5,31.74,0
2025-10-13,2023,305,Wren Park,Loyal,Social,25,Sheet Mask,Beauty,1,8.59,0,8.59,0
2025-10-13,2024,479,Leo Ibarra,Loyal,Referral,11,Phone Case,Electronics,1,22.01,0,22.01,0
2025-10-13,2025,523,Morgan Flynn,Loyal,Social,2,Hoodie,Apparel,1,19.91,0,19.91,0
2025-10-13,2026,637,Devon Walsh,Regular,Organic,18,LED Lamp,Home,1,50.85,0,50.85,0
2025-10-13,2027,667,Maya Petrov,Champion,Paid Search,1,Crew Tee,Apparel,2,53.87,5,102.35,0
2025-10-13,2028,696,Riley Tan,Champion,Referral,15,Smart Plug,Electronics,2,110.18,20,176.29,0
2025-10-13,2028,696,Riley Tan,Champion,Referral,31,Resistance Bands,Sports,1,65.69,10,59.12,0
2025-10-13,2028,696,Riley Tan,Champion,Referral,8,Chino Pants,Apparel,2,64.72,20,103.55,0
2025-10-13,2028,696,Riley Tan,Champion,Referral,35,Building Blocks,Toys,1,32.84,10,29.56,0
2025-10-13,2029,716,Iris Reyes,Champion,Email,20,Towel Set,Home,2,19.75,0,39.5,0
2025-10-13,2029,716,Iris Reyes,Champion,Email,2,Hoodie,Apparel,1,19.91,0,19.91,0
2025-10-13,2030,791,Devon Yamada,At-Risk,Paid Search,37,Plush Bear,Toys,3,15.95,0,47.85,0
2025-10-13,2031,792,Lila Mendez,Regular,Direct,21,Storage Bin,Home,1,28.6,0,28.6,0
2025-10-13,2032,793,Hugo Osei,Champion,Social,33,Jump Rope,Sports,1,33.41,5,31.74,0
2025-10-13,2033,836,Morgan Larsen,Loyal,Social,18,LED Lamp,Home,1,50.85,0,50.85,0
2025-10-13,2033,836,Morgan Larsen,Loyal,Social,1,Crew Tee,Apparel,1,53.87,5,51.18,0
2025-10-13,2034,852,Sasha Ahmed,Champion,Referral,40,Art Kit,Toys,1,53.64,0,53.64,0
2025-10-13,2035,906,Reese Carter,Loyal,Social,2,Hoodie,Apparel,1,19.91,0,19.91,0
2025-10-13,2035,906,Reese Carter,Loyal,Social,7,Rain Shell,Apparel,1,23.29,0,23.29,0
2025-10-13,2036,921,Sasha Kowalski,Regular,Organic,18,LED Lamp,Home,3,50.85,0,152.55,0
2025-10-13,2037,933,Mateo Walsh,Regular,Social,24,Lip Balm,Beauty,1,36.1,20,28.88,0
2025-10-13,2037,933,Mateo Walsh,Regular,Social,7,Rain Shell,Apparel,1,23.29,20,18.63,0
2025-10-14,2038,51,Wren Cohen,New,Organic,10,USB-C Cable,Electronics,1,117.18,15,99.6,0
2025-10-14,2039,63,Cole Bauer,Champion,Organic,38,Board Game,Toys,1,37.99,5,36.09,0
2025-10-14,2040,123,Kai Park,New,Direct,40,Art Kit,Toys,2,53.64,0,107.28,0
2025-10-14,2041,150,Nora Carter,Regular,Paid Search,25,Sheet Mask,Beauty,2,8.59,15,14.6,0
2025-10-14,2042,156,Hugo Flynn,Champion,Email,9,Wireless Earbuds,Electronics,1,94.29,10,84.86,0
2025-10-14,2043,191,Tessa Ibarra,Loyal,Paid Search,39,RC Car,Toys,1,33.63,5,31.95,0
2025-10-14,2043,191,Tessa Ibarra,Loyal,Paid Search,22,Scented Candle,Home,1,18.98,0,18.98,0
2025-10-14,2044,284,Sasha Okafor,Regular,Social,3,Denim Jacket,Apparel,1,65.95,0,65.95,0
2025-10-14,2045,288,Owen Osei,New,Paid Search,27,Hand Cream,Beauty,1,18.43,0,18.43,0
2025-10-14,2046,303,Owen Novak,Regular,Paid Search,22,Scented Candle,Home,1,18.98,0,18.98,0
2025-10-14,2046,303,Owen Novak,Regular,Paid Search,36,Puzzle 500pc,Toys,1,44.86,0,44.86,0
2025-10-14,2046,303,Owen Novak,Regular,Paid Search,10,USB-C Cable,Electronics,1,117.18,0,117.18,0
2025-10-14,2047,344,Owen Walsh,Regular,Organic,36,Puzzle 500pc,Toys,1,44.86,0,44.86,0
2025-10-14,2047,344,Owen Walsh,Regular,Organic,29,Yoga Mat,Sports,1,24.63,0,24.63,0
2025-10-14,2048,355,Tessa Park,Loyal,Direct,18,LED Lamp,Home,3,50.85,10,137.3,0
2025-10-14,2049,554,Noel Cohen,Champion,Paid Search,20,Towel Set,Home,1,19.75,10,17.78,0
2025-10-14,2050,567,Avery Bauer,Loyal,Organic,32,Foam Roller,Sports,1,65.98,0,65.98,0
2025-10-14,2051,640,Avery Romano,Champion,Organic,36,Puzzle 500pc,Toys,1,44.86,15,38.13,0
2025-10-14,2052,698,Avery Carter,Regular,Paid Search,10,USB-C Cable,Electronics,1,117.18,0,117.18,0
2025-10-14,2053,715,Sasha Reid,Loyal,Direct,11,Phone Case,Electronics,1,22.01,10,19.81,0
2025-10-14,2053,715,Sasha Reid,Loyal,Direct,23,Vitamin C Serum,Beauty,1,32.33,0,32.33,0
2025-10-14,2053,715,Sasha Reid,Loyal,Direct,33,Jump Rope,Sports,2,33.41,0,66.82,0
2025-10-14,2053,715,Sasha Reid,Loyal,Direct,37,Plush Bear,Toys,1,15.95,0,15.95,0
2025-10-14,2054,758,Jamie Novak,At-Risk,Direct,19,Cutting Board,Home,1,53.71,0,53.71,0
2025-10-14,2055,774,Iris Ahmed,New,Paid Search,25,Sheet Mask,Beauty,1,8.59,0,8.59,0
2025-10-14,2055,774,Iris Ahmed,New,Paid Search,32,Foam Roller,Sports,3,65.98,0,197.94,0
2025-10-14,2056,783,Drew Reyes,New,Referral,11,Phone Case,Electronics,1,22.01,10,19.81,0
2025-10-14,2057,805,Cole Costa,Champion,Direct,28,SPF 50 Lotion,Beauty,2,34.44,0,68.88,0
2025-10-14,2057,805,Cole Costa,Champion,Direct,9,Wireless Earbuds,Electronics,1,94.29,0,94.29,0
2025-10-14,2057,805,Cole Costa,Champion,Direct,9,Wireless Earbuds,Electronics,1,94.29,5,89.58,0
2025-10-14,2057,805,Cole Costa,Champion,Direct,15,Smart Plug,Electronics,3,110.18,10,297.49,0
2025-10-14,2058,837,Owen Diaz,Regular,Paid Search,20,Towel Set,Home,1,19.75,0,19.75,0
2025-10-14,2059,857,Noel Osei,Champion,Referral,30,Water Bottle,Sports,1,46.55,0,46.55,1
2025-10-14,2060,884,Riley Khan,New,Direct,24,Lip Balm,Beauty,1,36.1,0,36.1,0
2025-10-14,2061,923,Drew Ibarra,Regular,Email,30,Water Bottle,Sports,1,46.55,20,37.24,0
2025-10-14,2061,923,Drew Ibarra,Regular,Email,26,Shampoo Bar,Beauty,1,33.06,25,24.8,0
2025-10-14,2062,994,Ezra Ahmed,New,Social,7,Rain Shell,Apparel,1,23.29,0,23.29,0
2025-10-14,2062,994,Ezra Ahmed,New,Social,8,Chino Pants,Apparel,1,64.72,0,64.72,0
2025-10-15,2063,27,Nora Bauer,Champion,Referral,24,Lip Balm,Beauty,1,36.1,20,28.88,0
2025-10-15,2064,54,Cole Sullivan,New,Organic,20,Towel Set,Home,1,19.75,10,17.78,0
2025-10-15,2064,54,Cole Sullivan,New,Organic,23,Vitamin C Serum,Beauty,1,32.33,10,29.1,0
2025-10-15,2064,54,Cole Sullivan,New,Organic,2,Hoodie,Apparel,1,19.91,10,17.92,0
2025-10-15,2064,54,Cole Sullivan,New,Organic,10,USB-C Cable,Electronics,1,117.18,20,93.74,0
2025-10-15,2065,76,Owen Flynn,Champion,Direct,22,Scented Candle,Home,1,18.98,0,18.98,0
2025-10-15,2065,76,Owen Flynn,Champion,Direct,38,Board Game,Toys,2,37.99,0,75.98,0
2025-10-15,2066,110,Tessa Yamada,Loyal,Social,16,Throw Pillow,Home,2,19.11,0,38.22,0
2025-10-15,2066,110,Tessa Yamada,Loyal,Social,6,Beanie,Apparel,3,30.7,0,92.1,0
2025-10-15,2067,148,Quinn Patel,New,Organic,14,Power Bank,Electronics,1,64.37,0,64.37,0
2025-10-15,2068,188,Priya Park,Loyal,Organic,18,LED Lamp,Home,1,50.85,0,50.85,0
2025-10-15,2068,188,Priya Park,Loyal,Organic,30,Water Bottle,Sports,1,46.55,5,44.22,0
2025-10-15,2069,263,Morgan Sullivan,Regular,Paid Search,9,Wireless Earbuds,Electronics,1,94.29,0,94.29,0
2025-10-15,2070,268,Cole Yamada,Loyal,Direct,11,Phone Case,Electronics,1,22.01,10,19.81,0
2025-10-15,2071,281,Avery Reyes,Loyal,Organic,29,Yoga Mat,Sports,2,24.63,0,49.26,0
2025-10-15,2071,281,Avery Reyes,Loyal,Organic,16,Throw Pillow,Home,3,19.11,0,57.33,0
2025-10-15,2071,281,Avery Reyes,Loyal,Organic,32,Foam Roller,Sports,1,65.98,5,62.68,0
2025-10-15,2072,291,Nora Fischer,Regular,Direct,25,Sheet Mask,Beauty,1,8.59,0,8.59,0
2025-10-15,2073,295,Priya Diaz,Champion,Paid Search,34,Running Belt,Sports,1,29.4,25,22.05,0
2025-10-15,2074,362,Hugo Fischer,At-Risk,Organic,3,Denim Jacket,Apparel,1,65.95,0,65.95,0
2025-10-15,2075,400,Reese Novak,Regular,Paid Search,22,Scented Candle,Home,2,18.98,20,30.37,0
2025-10-15,2075,400,Reese Novak,Regular,Paid Search,20,Towel Set,Home,1,19.75,25,14.81,0
2025-10-15,2075,400,Reese Novak,Regular,Paid Search,39,RC Car,Toys,1,33.63,25,25.22,0
2025-10-15,2076,436,Ivy Flynn,Champion,Organic,16,Throw Pillow,Home,1,19.11,0,19.11,0
2025-10-15,2077,461,Lila Tan,Loyal,Social,36,Puzzle 500pc,Toys,1,44.86,10,40.37,0
2025-10-15,2077,461,Lila Tan,Loyal,Social,3,Denim Jacket,Apparel,2,65.95,0,131.9,0
2025-10-15,2078,467,Quinn Khan,Loyal,Direct,1,Crew Tee,Apparel,1,53.87,5,51.18,0
2025-10-15,2079,481,Drew Sullivan,Regular,Social,11,Phone Case,Electronics,1,22.01,10,19.81,0
2025-10-15,2079,481,Drew Sullivan,Regular,Social,13,Webcam,Electronics,3,64,25,144,0
2025-10-15,2080,504,Harper Osei,Loyal,Social,28,SPF 50 Lotion,Beauty,3,34.44,0,103.32,0
2025-10-15,2080,504,Harper Osei,Loyal,Social,12,Bluetooth Speaker,Electronics,1,98.02,0,98.02,0
2025-10-15,2081,603,Iris Costa,Regular,Paid Search,5,Socks 3-Pack,Apparel,1,65.81,0,65.81,0
2025-10-15,2082,699,Jordan Ibarra,Regular,Organic,10,USB-C Cable,Electronics,1,117.18,0,117.18,0
2025-10-15,2083,700,Owen Cohen,Champion,Social,26,Shampoo Bar,Beauty,1,33.06,0,33.06,0
2025-10-15,2084,722,Avery Petrov,New,Paid Search,28,SPF 50 Lotion,Beauty,1,34.44,10,31,0
2025-10-15,2084,722,Avery Petrov,New,Paid Search,12,Bluetooth Speaker,Electronics,1,98.02,20,78.42,0
2025-10-15,2084,722,Avery Petrov,New,Paid Search,31,Resistance Bands,Sports,1,65.69,10,59.12,0
2025-10-15,2085,758,Jamie Novak,At-Risk,Direct,16,Throw Pillow,Home,1,19.11,0,19.11,0
2025-10-15,2085,758,Jamie Novak,At-Risk,Direct,39,RC Car,Toys,1,33.63,0,33.63,0
2025-10-15,2085,758,Jamie Novak,At-Risk,Direct,9,Wireless Earbuds,Electronics,3,94.29,0,282.87,0
2025-10-15,2086,823,Leo Brooks,Loyal,Email,30,Water Bottle,Sports,3,46.55,0,139.65,0
2025-10-15,2086,823,Leo Brooks,Loyal,Email,3,Denim Jacket,Apparel,1,65.95,10,59.36,0
2025-10-15,2087,857,Noel Osei,Champion,Referral,22,Scented Candle,Home,1,18.98,25,14.24,0
2025-10-15,2087,857,Noel Osei,Champion,Referral,10,USB-C Cable,Electronics,1,117.18,20,93.74,0
2025-10-15,2088,865,Rowan Costa,Champion,Referral,9,Wireless Earbuds,Electronics,1,94.29,10,84.86,0
2025-10-15,2088,865,Rowan Costa,Champion,Referral,29,Yoga Mat,Sports,1,24.63,0,24.63,0
2025-10-15,2088,865,Rowan Costa,Champion,Referral,1,Crew Tee,Apparel,3,53.87,10,145.45,0
2025-10-15,2089,906,Reese Carter,Loyal,Social,35,Building Blocks,Toys,1,32.84,0,32.84,0
2025-10-15,2089,906,Reese Carter,Loyal,Social,27,Hand Cream,Beauty,1,18.43,0,18.43,0
2025-10-15,2089,906,Reese Carter,Loyal,Social,17,Ceramic Mug,Home,1,54.95,5,52.2,0
2025-10-15,2090,923,Drew Ibarra,Regular,Email,15,Smart Plug,Electronics,1,110.18,15,93.65,0
2025-10-15,2090,923,Drew Ibarra,Regular,Email,18,LED Lamp,Home,1,50.85,10,45.77,0
2025-10-15,2090,923,Drew Ibarra,Regular,Email,15,Smart Plug,Electronics,2,110.18,25,165.27,0
2025-10-15,2090,923,Drew Ibarra,Regular,Email,5,Socks 3-Pack,Apparel,1,65.81,20,52.65,0
2025-10-15,2091,945,Jamie Novak,Champion,Email,9,Wireless Earbuds,Electronics,2,94.29,0,188.58,0
2025-10-15,2092,982,Wren Novak,New,Referral,25,Sheet Mask,Beauty,3,8.59,0,25.77,0
2025-10-15,2092,982,Wren Novak,New,Referral,7,Rain Shell,Apparel,1,23.29,0,23.29,0
2025-10-16,2093,62,Noel Novak,Loyal,Organic,36,Puzzle 500pc,Toys,3,44.86,0,134.58,0
2025-10-16,2094,71,Wren Mendez,New,Organic,31,Resistance Bands,Sports,2,65.69,0,131.38,0
2025-10-16,2094,71,Wren Mendez,New,Organic,40,Art Kit,Toys,2,53.64,0,107.28,0
2025-10-16,2095,107,Avery Mendez,Loyal,Organic,33,Jump Rope,Sports,1,33.41,0,33.41,0
2025-10-16,2095,107,Avery Mendez,Loyal,Organic,23,Vitamin C Serum,Beauty,2,32.33,0,64.66,0
2025-10-16,2096,145,Iris Yamada,Loyal,Direct,18,LED Lamp,Home,3,50.85,25,114.41,0
2025-10-16,2096,145,Iris Yamada,Loyal,Direct,38,Board Game,Toys,1,37.99,20,30.39,0
2025-10-16,2097,226,Leo Petrov,Champion,Organic,22,Scented Candle,Home,3,18.98,25,42.71,0
2025-10-16,2097,226,Leo Petrov,Champion,Organic,23,Vitamin C Serum,Beauty,1,32.33,25,24.25,0
2025-10-16,2098,234,Kai Walsh,Loyal,Paid Search,4,Joggers,Apparel,1,42.18,10,37.96,0
2025-10-16,2099,249,Harper Patel,Regular,Organic,9,Wireless Earbuds,Electronics,1,94.29,0,94.29,0
2025-10-16,2099,249,Harper Patel,Regular,Organic,3,Denim Jacket,Apparel,1,65.95,0,65.95,0
2025-10-16,2100,268,Cole Yamada,Loyal,Direct,39,RC Car,Toys,2,33.63,5,63.9,0
2025-10-16,2100,268,Cole Yamada,Loyal,Direct,6,Beanie,Apparel,1,30.7,10,27.63,0
2025-10-16,2101,281,Avery Reyes,Loyal,Organic,13,Webcam,Electronics,1,64,0,64,0
2025-10-16,2101,281,Avery Reyes,Loyal,Organic,5,Socks 3-Pack,Apparel,1,65.81,0,65.81,0
2025-10-16,2101,281,Avery Reyes,Loyal,Organic,27,Hand Cream,Beauty,1,18.43,0,18.43,0
2025-10-16,2101,281,Avery Reyes,Loyal,Organic,34,Running Belt,Sports,1,29.4,5,27.93,1
2025-10-16,2102,388,Owen Romano,Regular,Organic,5,Socks 3-Pack,Apparel,2,65.81,0,131.62,0
2025-10-16,2103,423,Ivy Petrov,New,Social,2,Hoodie,Apparel,1,19.91,0,19.91,0
2025-10-16,2104,492,Drew Petrov,Champion,Social,11,Phone Case,Electronics,1,22.01,10,19.81,0
2025-10-16,2105,522,Harper Romano,Champion,Referral,24,Lip Balm,Beauty,1,36.1,0,36.1,0
2025-10-16,2106,534,Iris Nguyen,Regular,Social,8,Chino Pants,Apparel,1,64.72,0,64.72,0
2025-10-16,2107,574,Ezra Sullivan,Loyal,Email,36,Puzzle 500pc,Toys,1,44.86,5,42.62,0
2025-10-16,2107,574,Ezra Sullivan,Loyal,Email,29,Yoga Mat,Sports,2,24.63,5,46.8,0
2025-10-16,2107,574,Ezra Sullivan,Loyal,Email,24,Lip Balm,Beauty,1,36.1,10,32.49,0
2025-10-16,2108,586,Tessa Carter,New,Direct,20,Towel Set,Home,1,19.75,0,19.75,0
2025-10-16,2109,609,Lila Fischer,New,Referral,30,Water Bottle,Sports,1,46.55,0,46.55,0
2025-10-16,2110,616,Riley Cohen,At-Risk,Social,1,Crew Tee,Apparel,1,53.87,15,45.79,0
2025-10-16,2111,656,Priya Tan,Regular,Social,13,Webcam,Electronics,1,64,25,48,1
2025-10-16,2111,656,Priya Tan,Regular,Social,33,Jump Rope,Sports,2,33.41,15,56.8,0
2025-10-16,2112,657,Maya Osei,Loyal,Direct,40,Art Kit,Toys,3,53.64,20,128.74,1
2025-10-16,2113,688,Devon Cohen,Regular,Organic,5,Socks 3-Pack,Apparel,3,65.81,0,197.43,0
2025-10-16,2114,694,Devon Ibarra,At-Risk,Email,13,Webcam,Electronics,1,64,0,64,0
2025-10-16,2114,694,Devon Ibarra,At-Risk,Email,31,Resistance Bands,Sports,1,65.69,0,65.69,0
2025-10-16,2114,694,Devon Ibarra,At-Risk,Email,17,Ceramic Mug,Home,1,54.95,0,54.95,0
2025-10-16,2114,694,Devon Ibarra,At-Risk,Email,28,SPF 50 Lotion,Beauty,1,34.44,0,34.44,1
2025-10-16,2115,712,Drew Carter,At-Risk,Referral,28,SPF 50 Lotion,Beauty,1,34.44,0,34.44,0
2025-10-16,2116,782,Morgan Mendez,Regular,Paid Search,17,Ceramic Mug,Home,2,54.95,0,109.9,0
2025-10-16,2116,782,Morgan Mendez,Regular,Paid Search,37,Plush Bear,Toys,2,15.95,0,31.9,0
2025-10-16,2116,782,Morgan Mendez,Regular,Paid Search,32,Foam Roller,Sports,2,65.98,0,131.96,0
2025-10-16,2117,845,Jordan Costa,Champion,Email,40,Art Kit,Toys,3,53.64,0,160.92,0
2025-10-16,2118,852,Sasha Ahmed,Champion,Referral,26,Shampoo Bar,Beauty,2,33.06,10,59.51,0
2025-10-16,2118,852,Sasha Ahmed,Champion,Referral,29,Yoga Mat,Sports,1,24.63,5,23.4,0
2025-10-16,2119,897,Wren Khan,Loyal,Paid Search,4,Joggers,Apparel,1,42.18,0,42.18,0
2025-10-16,2120,919,Quinn Ibarra,Regular,Referral,3,Denim Jacket,Apparel,1,65.95,10,59.36,0
2025-10-16,2121,930,Riley Larsen,New,Social,4,Joggers,Apparel,1,42.18,0,42.18,0
2025-10-16,2121,930,Riley Larsen,New,Social,36,Puzzle 500pc,Toys,1,44.86,0,44.86,1
2025-10-16,2121,930,Riley Larsen,New,Social,32,Foam Roller,Sports,1,65.98,0,65.98,0
2025-10-17,2122,19,Rowan Osei,Regular,Organic,2,Hoodie,Apparel,1,19.91,0,19.91,0
2025-10-17,2122,19,Rowan Osei,Regular,Organic,39,RC Car,Toys,1,33.63,0,33.63,0
2025-10-17,2123,27,Nora Bauer,Champion,Referral,19,Cutting Board,Home,1,53.71,10,48.34,0
2025-10-17,2124,33,Ivy Okafor,New,Paid Search,10,USB-C Cable,Electronics,1,117.18,0,117.18,0
2025-10-17,2125,36,Iris Park,Champion,Organic,32,Foam Roller,Sports,1,65.98,10,59.38,0
2025-10-17,2125,36,Iris Park,Champion,Organic,34,Running Belt,Sports,1,29.4,10,26.46,0
2025-10-17,2126,51,Wren Cohen,New,Organic,20,Towel Set,Home,1,19.75,20,15.8,1
2025-10-17,2127,57,Taylor Mendez,At-Risk,Paid Search,22,Scented Candle,Home,3,18.98,0,56.94,1
2025-10-17,2128,61,Hugo Cohen,Regular,Email,11,Phone Case,Electronics,1,22.01,10,19.81,0
2025-10-17,2128,61,Hugo Cohen,Regular,Email,29,Yoga Mat,Sports,1,24.63,15,20.94,0
2025-10-17,2129,63,Cole Bauer,Champion,Organic,8,Chino Pants,Apparel,1,64.72,10,58.25,0
2025-10-17,2130,83,Sasha Diaz,New,Direct,5,Socks 3-Pack,Apparel,1,65.81,0,65.81,0
2025-10-17,2131,108,Lila Flynn,Loyal,Email,17,Ceramic Mug,Home,3,54.95,0,164.85,0
2025-10-17,2132,125,Reese Hassan,Regular,Email,19,Cutting Board,Home,1,53.71,20,42.97,0
2025-10-17,2132,125,Reese Hassan,Regular,Email,1,Crew Tee,Apparel,1,53.87,25,40.4,0
2025-10-17,2133,305,Wren Park,Loyal,Social,33,Jump Rope,Sports,1,33.41,0,33.41,0
2025-10-17,2133,305,Wren Park,Loyal,Social,19,Cutting Board,Home,1,53.71,10,48.34,0
2025-10-17,2134,317,Taylor Brooks,Regular,Email,14,Power Bank,Electronics,2,64.37,0,128.74,0
2025-10-17,2134,317,Taylor Brooks,Regular,Email,33,Jump Rope,Sports,1,33.41,0,33.41,0
2025-10-17,2135,407,Drew Petrov,New,Paid Search,8,Chino Pants,Apparel,1,64.72,15,55.01,0
2025-10-17,2135,407,Drew Petrov,New,Paid Search,3,Denim Jacket,Apparel,1,65.95,15,56.06,0
2025-10-17,2136,455,Casey Ahmed,Loyal,Email,26,Shampoo Bar,Beauty,1,33.06,10,29.75,0
2025-10-17,2136,455,Casey Ahmed,Loyal,Email,4,Joggers,Apparel,1,42.18,0,42.18,0
2025-10-17,2137,492,Drew Petrov,Champion,Social,39,RC Car,Toys,1,33.63,15,28.59,0
2025-10-17,2138,527,Jamie Fischer,Champion,Referral,40,Art Kit,Toys,3,53.64,0,160.92,0
2025-10-17,2139,533,Rowan Patel,At-Risk,Social,16,Throw Pillow,Home,1,19.11,0,19.11,0
2025-10-17,2139,533,Rowan Patel,At-Risk,Social,13,Webcam,Electronics,1,64,0,64,0
2025-10-17,2140,583,Lila Diaz,Loyal,Direct,23,Vitamin C Serum,Beauty,1,32.33,0,32.33,0
2025-10-17,2141,593,Reese Osei,Regular,Social,28,SPF 50 Lotion,Beauty,1,34.44,0,34.44,0
2025-10-17,2142,628,Avery Tan,Regular,Direct,23,Vitamin C Serum,Beauty,1,32.33,0,32.33,0
2025-10-17,2142,628,Avery Tan,Regular,Direct,12,Bluetooth Speaker,Electronics,1,98.02,0,98.02,0
2025-10-17,2143,634,Taylor Park,New,Email,3,Denim Jacket,Apparel,1,65.95,0,65.95,0
2025-10-17,2143,634,Taylor Park,New,Email,37,Plush Bear,Toys,2,15.95,0,31.9,0
2025-10-17,2143,634,Taylor Park,New,Email,1,Crew Tee,Apparel,3,53.87,0,161.61,0
2025-10-17,2144,642,Ezra Costa,Regular,Email,16,Throw Pillow,Home,1,19.11,0,19.11,0
2025-10-17,2144,642,Ezra Costa,Regular,Email,16,Throw Pillow,Home,1,19.11,0,19.11,0
2025-10-17,2145,651,Leo Petrov,Champion,Organic,13,Webcam,Electronics,1,64,0,64,0
2025-10-17,2146,667,Maya Petrov,Champion,Paid Search,37,Plush Bear,Toys,1,15.95,0,15.95,0
2025-10-17,2147,678,Mateo Cohen,Champion,Social,18,LED Lamp,Home,1,50.85,5,48.31,0
2025-10-17,2147,678,Mateo Cohen,Champion,Social,23,Vitamin C Serum,Beauty,2,32.33,0,64.66,0
2025-10-17,2148,696,Riley Tan,Champion,Referral,16,Throw Pillow,Home,2,19.11,10,34.4,0
2025-10-17,2148,696,Riley Tan,Champion,Referral,39,RC Car,Toys,1,33.63,5,31.95,0
2025-10-17,2148,696,Riley Tan,Champion,Referral,32,Foam Roller,Sports,1,65.98,0,65.98,0
2025-10-17,2149,698,Avery Carter,Regular,Paid Search,28,SPF 50 Lotion,Beauty,1,34.44,0,34.44,0
2025-10-17,2150,700,Owen Cohen,Champion,Social,36,Puzzle 500pc,Toys,1,44.86,5,42.62,0
2025-10-17,2150,700,Owen Cohen,Champion,Social,23,Vitamin C Serum,Beauty,1,32.33,5,30.71,0
2025-10-17,2150,700,Owen Cohen,Champion,Social,5,Socks 3-Pack,Apparel,1,65.81,5,62.52,0
2025-10-17,2150,700,Owen Cohen,Champion,Social,1,Crew Tee,Apparel,1,53.87,5,51.18,0
2025-10-17,2151,721,Taylor Petrov,Regular,Paid Search,27,Hand Cream,Beauty,1,18.43,0,18.43,0
2025-10-17,2152,752,Nora Costa,New,Organic,8,Chino Pants,Apparel,1,64.72,0,64.72,0
2025-10-17,2152,752,Nora Costa,New,Organic,25,Sheet Mask,Beauty,1,8.59,0,8.59,0
2025-10-17,2153,799,Lila Brooks,Loyal,Referral,5,Socks 3-Pack,Apparel,3,65.81,25,148.07,0
2025-10-17,2154,841,Morgan Costa,New,Email,17,Ceramic Mug,Home,2,54.95,0,109.9,0
2025-10-17,2154,841,Morgan Costa,New,Email,38,Board Game,Toys,1,37.99,0,37.99,0
2025-10-17,2155,906,Reese Carter,Loyal,Social,32,Foam Roller,Sports,1,65.98,0,65.98,0
2025-10-17,2155,906,Reese Carter,Loyal,Social,8,Chino Pants,Apparel,1,64.72,0,64.72,0
2025-10-17,2155,906,Reese Carter,Loyal,Social,37,Plush Bear,Toys,1,15.95,10,14.36,0
2025-10-17,2156,969,Morgan Okafor,New,Referral,31,Resistance Bands,Sports,1,65.69,10,59.12,0
2025-10-17,2157,975,Jordan Park,Loyal,Paid Search,4,Joggers,Apparel,1,42.18,10,37.96,0
2025-10-18,2158,6,Tessa Walsh,Loyal,Organic,12,Bluetooth Speaker,Electronics,1,98.02,5,93.12,0
2025-10-18,2159,34,Devon Brooks,Regular,Direct,34,Running Belt,Sports,1,29.4,0,29.4,0
2025-10-18,2160,36,Iris Park,Champion,Organic,35,Building Blocks,Toys,1,32.84,5,31.2,0
2025-10-18,2161,46,Priya Reid,Regular,Paid Search,38,Board Game,Toys,1,37.99,15,32.29,0
2025-10-18,2162,107,Avery Mendez,Loyal,Organic,40,Art Kit,Toys,1,53.64,10,48.28,0
2025-10-18,2162,107,Avery Mendez,Loyal,Organic,3,Denim Jacket,Apparel,1,65.95,10,59.36,0
2025-10-18,2162,107,Avery Mendez,Loyal,Organic,13,Webcam,Electronics,2,64,5,121.6,0
2025-10-18,2163,131,Priya Cohen,Champion,Referral,16,Throw Pillow,Home,2,19.11,15,32.49,0
2025-10-18,2163,131,Priya Cohen,Champion,Referral,32,Foam Roller,Sports,1,65.98,20,52.78,0
2025-10-18,2164,164,Leo Ibarra,At-Risk,Paid Search,30,Water Bottle,Sports,1,46.55,0,46.55,0
2025-10-18,2164,164,Leo Ibarra,At-Risk,Paid Search,21,Storage Bin,Home,3,28.6,0,85.8,0
2025-10-18,2165,179,Iris Yamada,New,Referral,21,Storage Bin,Home,1,28.6,0,28.6,0
2025-10-18,2166,191,Tessa Ibarra,Loyal,Paid Search,23,Vitamin C Serum,Beauty,1,32.33,5,30.71,0
2025-10-18,2166,191,Tessa Ibarra,Loyal,Paid Search,32,Foam Roller,Sports,1,65.98,5,62.68,0
2025-10-18,2167,234,Kai Walsh,Loyal,Paid Search,30,Water Bottle,Sports,1,46.55,10,41.9,0
2025-10-18,2168,242,Sasha Hassan,Loyal,Paid Search,9,Wireless Earbuds,Electronics,1,94.29,5,89.58,0
2025-10-18,2169,321,Lila Petrov,Loyal,Organic,39,RC Car,Toys,3,33.63,0,100.89,0
2025-10-18,2169,321,Lila Petrov,Loyal,Organic,11,Phone Case,Electronics,1,22.01,10,19.81,0
2025-10-18,2169,321,Lila Petrov,Loyal,Organic,36,Puzzle 500pc,Toys,1,44.86,5,42.62,0
2025-10-18,2169,321,Lila Petrov,Loyal,Organic,7,Rain Shell,Apparel,1,23.29,5,22.13,0
2025-10-18,2170,358,Casey Carter,Champion,Organic,9,Wireless Earbuds,Electronics,1,94.29,20,75.43,0
2025-10-18,2170,358,Casey Carter,Champion,Organic,14,Power Bank,Electronics,1,64.37,20,51.5,0
2025-10-18,2171,403,Ezra Tan,Regular,Social,36,Puzzle 500pc,Toys,1,44.86,0,44.86,0
2025-10-18,2171,403,Ezra Tan,Regular,Social,29,Yoga Mat,Sports,1,24.63,0,24.63,0
2025-10-18,2171,403,Ezra Tan,Regular,Social,26,Shampoo Bar,Beauty,1,33.06,0,33.06,0
2025-10-18,2172,428,Quinn Diaz,Champion,Paid Search,39,RC Car,Toys,1,33.63,10,30.27,0
2025-10-18,2172,428,Quinn Diaz,Champion,Paid Search,6,Beanie,Apparel,1,30.7,10,27.63,0
2025-10-18,2172,428,Quinn Diaz,Champion,Paid Search,39,RC Car,Toys,1,33.63,20,26.9,0
2025-10-18,2172,428,Quinn Diaz,Champion,Paid Search,36,Puzzle 500pc,Toys,1,44.86,15,38.13,0
2025-10-18,2173,442,Drew Flynn,Loyal,Organic,25,Sheet Mask,Beauty,1,8.59,10,7.73,0
2025-10-18,2173,442,Drew Flynn,Loyal,Organic,21,Storage Bin,Home,2,28.6,0,57.2,0
2025-10-18,2174,492,Drew Petrov,Champion,Social,21,Storage Bin,Home,1,28.6,5,27.17,0
2025-10-18,2174,492,Drew Petrov,Champion,Social,12,Bluetooth Speaker,Electronics,1,98.02,5,93.12,0
2025-10-18,2174,492,Drew Petrov,Champion,Social,10,USB-C Cable,Electronics,1,117.18,5,111.32,0
2025-10-18,2175,522,Harper Romano,Champion,Referral,14,Power Bank,Electronics,1,64.37,15,54.71,0
2025-10-18,2176,535,Taylor Patel,Loyal,Referral,2,Hoodie,Apparel,2,19.91,0,39.82,0
2025-10-18,2177,576,Noel Petrov,Loyal,Paid Search,18,LED Lamp,Home,1,50.85,10,45.77,0
2025-10-18,2177,576,Noel Petrov,Loyal,Paid Search,15,Smart Plug,Electronics,1,110.18,5,104.67,0
2025-10-18,2177,576,Noel Petrov,Loyal,Paid Search,36,Puzzle 500pc,Toys,1,44.86,0,44.86,0
2025-10-18,2178,591,Noel Petrov,Regular,Email,25,Sheet Mask,Beauty,1,8.59,0,8.59,0
2025-10-18,2179,652,Quinn Petrov,Loyal,Paid Search,35,Building Blocks,Toys,3,32.84,15,83.74,0
2025-10-18,2180,667,Maya Petrov,Champion,Paid Search,39,RC Car,Toys,2,33.63,5,63.9,0
2025-10-18,2181,711,Morgan Novak,Loyal,Direct,26,Shampoo Bar,Beauty,1,33.06,25,24.8,0
2025-10-18,2182,715,Sasha Reid,Loyal,Direct,28,SPF 50 Lotion,Beauty,1,34.44,25,25.83,0
2025-10-18,2183,842,Nora Patel,New,Social,21,Storage Bin,Home,1,28.6,0,28.6,0
2025-10-18,2183,842,Nora Patel,New,Social,15,Smart Plug,Electronics,1,110.18,0,110.18,0
2025-10-18,2183,842,Nora Patel,New,Social,1,Crew Tee,Apparel,1,53.87,0,53.87,1
2025-10-18,2184,845,Jordan Costa,Champion,Email,19,Cutting Board,Home,1,53.71,0,53.71,0
2025-10-18,2184,845,Jordan Costa,Champion,Email,15,Smart Plug,Electronics,3,110.18,0,330.54,0
2025-10-19,2185,4,Leo Marsh,Regular,Social,23,Vitamin C Serum,Beauty,1,32.33,0,32.33,1
2025-10-19,2186,27,Nora Bauer,Champion,Referral,10,USB-C Cable,Electronics,1,117.18,0,117.18,0
2025-10-19,2187,90,Avery Novak,Champion,Paid Search,34,Running Belt,Sports,1,29.4,0,29.4,0
2025-10-19,2188,114,Avery Marsh,Loyal,Social,8,Chino Pants,Apparel,1,64.72,0,64.72,0
2025-10-19,2189,115,Cole Ahmed,Champion,Paid Search,37,Plush Bear,Toys,1,15.95,10,14.36,0
2025-10-19,2189,115,Cole Ahmed,Champion,Paid Search,19,Cutting Board,Home,1,53.71,10,48.34,0
2025-10-19,2190,116,Wren Mendez,Champion,Email,31,Resistance Bands,Sports,1,65.69,0,65.69,0
2025-10-19,2191,174,Drew Costa,Champion,Social,33,Jump Rope,Sports,3,33.41,0,100.23,0
2025-10-19,2192,185,Kai Bauer,Loyal,Direct,36,Puzzle 500pc,Toys,1,44.86,10,40.37,0
2025-10-19,2193,188,Priya Park,Loyal,Organic,29,Yoga Mat,Sports,1,24.63,25,18.47,0
2025-10-19,2194,218,Taylor Patel,Champion,Paid Search,8,Chino Pants,Apparel,2,64.72,20,103.55,0
2025-10-19,2195,238,Avery Reyes,Champion,Referral,13,Webcam,Electronics,1,64,5,60.8,0
2025-10-19,2196,251,Tessa Ahmed,Regular,Social,3,Denim Jacket,Apparel,1,65.95,0,65.95,0
2025-10-19,2196,251,Tessa Ahmed,Regular,Social,40,Art Kit,Toys,1,53.64,0,53.64,0
2025-10-19,2197,273,Avery Flynn,Loyal,Referral,36,Puzzle 500pc,Toys,1,44.86,10,40.37,0
2025-10-19,2198,275,Jordan Fischer,Loyal,Referral,8,Chino Pants,Apparel,3,64.72,0,194.16,0
2025-10-19,2198,275,Jordan Fischer,Loyal,Referral,40,Art Kit,Toys,1,53.64,10,48.28,0
2025-10-19,2199,307,Casey Ahmed,Champion,Organic,40,Art Kit,Toys,3,53.64,10,144.83,0
2025-10-19,2200,340,Reese Yamada,Loyal,Referral,19,Cutting Board,Home,3,53.71,0,161.13,0
2025-10-19,2201,358,Casey Carter,Champion,Organic,10,USB-C Cable,Electronics,1,117.18,10,105.46,0
2025-10-19,2201,358,Casey Carter,Champion,Organic,34,Running Belt,Sports,2,29.4,0,58.8,0
2025-10-19,2202,376,Ivy Bauer,Loyal,Paid Search,31,Resistance Bands,Sports,3,65.69,5,187.22,0
2025-10-19,2202,376,Ivy Bauer,Loyal,Paid Search,10,USB-C Cable,Electronics,2,117.18,0,234.36,0
2025-10-19,2202,376,Ivy Bauer,Loyal,Paid Search,31,Resistance Bands,Sports,2,65.69,5,124.81,0
2025-10-19,2202,376,Ivy Bauer,Loyal,Paid Search,18,LED Lamp,Home,3,50.85,0,152.55,0
2025-10-19,2203,385,Hugo Patel,Loyal,Paid Search,18,LED Lamp,Home,2,50.85,0,101.7,0
2025-10-19,2203,385,Hugo Patel,Loyal,Paid Search,25,Sheet Mask,Beauty,1,8.59,0,8.59,1
2025-10-19,2203,385,Hugo Patel,Loyal,Paid Search,33,Jump Rope,Sports,1,33.41,10,30.07,0
2025-10-19,2203,385,Hugo Patel,Loyal,Paid Search,36,Puzzle 500pc,Toys,2,44.86,10,80.75,1
2025-10-19,2204,413,Nora Park,Regular,Organic,6,Beanie,Apparel,1,30.7,0,30.7,0
2025-10-19,2204,413,Nora Park,Regular,Organic,20,Towel Set,Home,1,19.75,0,19.75,0
2025-10-19,2205,437,Lila Marsh,Loyal,Email,35,Building Blocks,Toys,1,32.84,0,32.84,0
2025-10-19,2206,477,Wren Romano,Loyal,Organic,11,Phone Case,Electronics,1,22.01,0,22.01,0
2025-10-19,2206,477,Wren Romano,Loyal,Organic,9,Wireless Earbuds,Electronics,2,94.29,5,179.15,0
2025-10-19,2207,504,Harper Osei,Loyal,Social,35,Building Blocks,Toys,1,32.84,5,31.2,0
2025-10-19,2207,504,Harper Osei,Loyal,Social,1,Crew Tee,Apparel,1,53.87,10,48.48,0
2025-10-19,2208,509,Devon Bauer,New,Paid Search,38,Board Game,Toys,3,37.99,0,113.97,0
2025-10-19,2209,531,Wren Carter,Loyal,Direct,27,Hand Cream,Beauty,3,18.43,0,55.29,0
2025-10-19,2209,531,Wren Carter,Loyal,Direct,16,Throw Pillow,Home,1,19.11,0,19.11,0
2025-10-19,2210,574,Ezra Sullivan,Loyal,Email,38,Board Game,Toys,3,37.99,0,113.97,0
2025-10-19,2210,574,Ezra Sullivan,Loyal,Email,1,Crew Tee,Apparel,1,53.87,0,53.87,0
2025-10-19,2211,672,Priya Petrov,Loyal,Organic,12,Bluetooth Speaker,Electronics,1,98.02,0,98.02,0
2025-10-19,2212,789,Harper Sullivan,Loyal,Email,35,Building Blocks,Toys,1,32.84,10,29.56,0
2025-10-19,2213,819,Nora Mendez,Champion,Paid Search,17,Ceramic Mug,Home,1,54.95,0,54.95,1
2025-10-19,2213,819,Nora Mendez,Champion,Paid Search,5,Socks 3-Pack,Apparel,1,65.81,10,59.23,0
2025-10-19,2213,819,Nora Mendez,Champion,Paid Search,3,Denim Jacket,Apparel,1,65.95,0,65.95,0
2025-10-19,2214,829,Morgan Reid,Loyal,Email,2,Hoodie,Apparel,1,19.91,5,18.91,0
2025-10-19,2215,851,Owen Walsh,New,Direct,18,LED Lamp,Home,1,50.85,0,50.85,0
2025-10-19,2216,964,Jordan Fischer,Loyal,Referral,18,LED Lamp,Home,2,50.85,5,96.62,0
2025-10-20,2217,15,Ezra Bauer,Loyal,Direct,30,Water Bottle,Sports,1,46.55,25,34.91,0
2025-10-20,2217,15,Ezra Bauer,Loyal,Direct,19,Cutting Board,Home,1,53.71,25,40.28,0
2025-10-20,2217,15,Ezra Bauer,Loyal,Direct,8,Chino Pants,Apparel,1,64.72,10,58.25,0
2025-10-20,2217,15,Ezra Bauer,Loyal,Direct,5,Socks 3-Pack,Apparel,1,65.81,20,52.65,0
2025-10-20,2218,53,Riley Yamada,At-Risk,Social,26,Shampoo Bar,Beauty,2,33.06,25,49.59,0
2025-10-20,2219,54,Cole Sullivan,New,Organic,29,Yoga Mat,Sports,1,24.63,0,24.63,0
2025-10-20,2219,54,Cole Sullivan,New,Organic,3,Denim Jacket,Apparel,1,65.95,0,65.95,0
2025-10-20,2219,54,Cole Sullivan,New,Organic,37,Plush Bear,Toys,1,15.95,0,15.95,0
2025-10-20,2219,54,Cole Sullivan,New,Organic,3,Denim Jacket,Apparel,2,65.95,0,131.9,0
2025-10-20,2220,90,Avery Novak,Champion,Paid Search,36,Puzzle 500pc,Toys,1,44.86,0,44.86,1
2025-10-20,2221,108,Lila Flynn,Loyal,Email,6,Beanie,Apparel,1,30.7,10,27.63,1
2025-10-20,2221,108,Lila Flynn,Loyal,Email,38,Board Game,Toys,1,37.99,5,36.09,0
2025-10-20,2222,189,Noel Romano,Champion,Organic,25,Sheet Mask,Beauty,1,8.59,10,7.73,0
2025-10-20,2222,189,Noel Romano,Champion,Organic,38,Board Game,Toys,3,37.99,10,102.57,0
2025-10-20,2223,193,Nora Cohen,Loyal,Paid Search,40,Art Kit,Toys,1,53.64,0,53.64,0
2025-10-20,2223,193,Nora Cohen,Loyal,Paid Search,22,Scented Candle,Home,1,18.98,0,18.98,0
2025-10-20,2223,193,Nora Cohen,Loyal,Paid Search,1,Crew Tee,Apparel,1,53.87,5,51.18,0
2025-10-20,2223,193,Nora Cohen,Loyal,Paid Search,16,Throw Pillow,Home,3,19.11,0,57.33,0
2025-10-20,2224,207,Quinn Patel,At-Risk,Paid Search,19,Cutting Board,Home,1,53.71,10,48.34,0
2025-10-20,2225,265,Ezra Okafor,Regular,Paid Search,18,LED Lamp,Home,1,50.85,0,50.85,0
2025-10-20,2225,265,Ezra Okafor,Regular,Paid Search,28,SPF 50 Lotion,Beauty,1,34.44,0,34.44,0
2025-10-20,2226,340,Reese Yamada,Loyal,Referral,35,Building Blocks,Toys,1,32.84,10,29.56,0
2025-10-20,2226,340,Reese Yamada,Loyal,Referral,2,Hoodie,Apparel,1,19.91,15,16.92,0
2025-10-20,2226,340,Reese Yamada,Loyal,Referral,35,Building Blocks,Toys,1,32.84,10,29.56,1
2025-10-20,2226,340,Reese Yamada,Loyal,Referral,19,Cutting Board,Home,1,53.71,20,42.97,0
2025-10-20,2227,371,Morgan Hassan,Regular,Paid Search,22,Scented Candle,Home,1,18.98,0,18.98,0
2025-10-20,2228,401,Priya Ahmed,Loyal,Referral,19,Cutting Board,Home,1,53.71,5,51.02,0
2025-10-20,2229,432,Wren Marsh,New,Social,35,Building Blocks,Toys,1,32.84,0,32.84,0
2025-10-20,2230,492,Drew Petrov,Champion,Social,10,USB-C Cable,Electronics,2,117.18,5,222.64,0
2025-10-20,2230,492,Drew Petrov,Champion,Social,18,LED Lamp,Home,1,50.85,5,48.31,0
2025-10-20,2231,512,Kai Petrov,Regular,Email,22,Scented Candle,Home,1,18.98,0,18.98,0
2025-10-20,2231,512,Kai Petrov,Regular,Email,5,Socks 3-Pack,Apparel,1,65.81,0,65.81,0
2025-10-20,2231,512,Kai Petrov,Regular,Email,39,RC Car,Toys,1,33.63,0,33.63,0
2025-10-20,2231,512,Kai Petrov,Regular,Email,37,Plush Bear,Toys,1,15.95,0,15.95,0
2025-10-20,2232,538,Kai Romano,New,Referral,24,Lip Balm,Beauty,2,36.1,25,54.15,0
2025-10-20,2232,538,Kai Romano,New,Referral,7,Rain Shell,Apparel,1,23.29,20,18.63,0
2025-10-20,2232,538,Kai Romano,New,Referral,8,Chino Pants,Apparel,1,64.72,20,51.78,0
2025-10-20,2232,538,Kai Romano,New,Referral,16,Throw Pillow,Home,2,19.11,20,30.58,0
2025-10-20,2233,550,Cole Ibarra,Champion,Organic,8,Chino Pants,Apparel,1,64.72,5,61.48,0
2025-10-20,2233,550,Cole Ibarra,Champion,Organic,7,Rain Shell,Apparel,1,23.29,5,22.13,0
2025-10-20,2233,550,Cole Ibarra,Champion,Organic,30,Water Bottle,Sports,1,46.55,0,46.55,0
2025-10-20,2234,556,Priya Sullivan,Regular,Referral,35,Building Blocks,Toys,3,32.84,0,98.52,0
2025-10-20,2234,556,Priya Sullivan,Regular,Referral,12,Bluetooth Speaker,Electronics,1,98.02,0,98.02,0
2025-10-20,2235,566,Drew Carter,New,Direct,11,Phone Case,Electronics,1,22.01,20,17.61,0
2025-10-20,2236,579,Lila Novak,Regular,Social,26,Shampoo Bar,Beauty,1,33.06,0,33.06,0
2025-10-20,2236,579,Lila Novak,Regular,Social,26,Shampoo Bar,Beauty,1,33.06,0,33.06,1
2025-10-20,2237,590,Leo Okafor,Champion,Direct,38,Board Game,Toys,1,37.99,0,37.99,0
2025-10-20,2238,636,Casey Petrov,Loyal,Organic,38,Board Game,Toys,1,37.99,25,28.49,0
2025-10-20,2238,636,Casey Petrov,Loyal,Organic,33,Jump Rope,Sports,1,33.41,25,25.06,0
2025-10-20,2239,652,Quinn Petrov,Loyal,Paid Search,21,Storage Bin,Home,2,28.6,0,57.2,0
2025-10-20,2239,652,Quinn Petrov,Loyal,Paid Search,25,Sheet Mask,Beauty,1,8.59,5,8.16,0
2025-10-20,2240,680,Maya Walsh,Regular,Social,28,SPF 50 Lotion,Beauty,1,34.44,0,34.44,0
2025-10-20,2240,680,Maya Walsh,Regular,Social,1,Crew Tee,Apparel,1,53.87,0,53.87,0
2025-10-20,2241,792,Lila Mendez,Regular,Direct,9,Wireless Earbuds,Electronics,1,94.29,0,94.29,0
2025-10-20,2242,890,Hugo Tan,Regular,Referral,16,Throw Pillow,Home,1,19.11,0,19.11,0
2025-10-20,2242,890,Hugo Tan,Regular,Referral,38,Board Game,Toys,1,37.99,0,37.99,0
2025-10-20,2243,945,Jamie Novak,Champion,Email,18,LED Lamp,Home,2,50.85,5,96.62,0
2025-10-20,2244,949,Quinn Okafor,Champion,Organic,21,Storage Bin,Home,3,28.6,0,85.8,0
2025-10-20,2245,983,Wren Park,Regular,Email,5,Socks 3-Pack,Apparel,1,65.81,0,65.81,0
2025-10-21,2246,16,Quinn Diaz,Regular,Organic,36,Puzzle 500pc,Toys,1,44.86,0,44.86,0
2025-10-21,2247,70,Jordan Cohen,Regular,Referral,8,Chino Pants,Apparel,1,64.72,0,64.72,0
2025-10-21,2248,76,Owen Flynn,Champion,Direct,25,Sheet Mask,Beauty,1,8.59,5,8.16,0
2025-10-21,2248,76,Owen Flynn,Champion,Direct,37,Plush Bear,Toys,1,15.95,10,14.36,0
2025-10-21,2248,76,Owen Flynn,Champion,Direct,16,Throw Pillow,Home,1,19.11,0,19.11,0
2025-10-21,2249,99,Casey Ahmed,New,Paid Search,10,USB-C Cable,Electronics,1,117.18,0,117.18,0
2025-10-21,2250,101,Noel Ibarra,Loyal,Paid Search,8,Chino Pants,Apparel,1,64.72,5,61.48,0
2025-10-21,2250,101,Noel Ibarra,Loyal,Paid Search,12,Bluetooth Speaker,Electronics,2,98.02,5,186.24,0
2025-10-21,2251,114,Avery Marsh,Loyal,Social,1,Crew Tee,Apparel,1,53.87,0,53.87,0
2025-10-21,2252,131,Priya Cohen,Champion,Referral,17,Ceramic Mug,Home,1,54.95,0,54.95,0
2025-10-21,2252,131,Priya Cohen,Champion,Referral,6,Beanie,Apparel,1,30.7,0,30.7,0
2025-10-21,2253,139,Ezra Cohen,Regular,Referral,36,Puzzle 500pc,Toys,3,44.86,0,134.58,0
2025-10-21,2253,139,Ezra Cohen,Regular,Referral,2,Hoodie,Apparel,2,19.91,0,39.82,0
2025-10-21,2253,139,Ezra Cohen,Regular,Referral,6,Beanie,Apparel,3,30.7,0,92.1,0
2025-10-21,2254,213,Ezra Kowalski,New,Organic,27,Hand Cream,Beauty,1,18.43,0,18.43,0
2025-10-21,2255,215,Kai Flynn,Regular,Referral,32,Foam Roller,Sports,1,65.98,0,65.98,0
2025-10-21,2255,215,Kai Flynn,Regular,Referral,34,Running Belt,Sports,1,29.4,0,29.4,0
2025-10-21,2256,242,Sasha Hassan,Loyal,Paid Search,25,Sheet Mask,Beauty,2,8.59,10,15.46,0
2025-10-21,2257,276,Riley Costa,Loyal,Referral,19,Cutting Board,Home,1,53.71,25,40.28,0
2025-10-21,2258,286,Leo Petrov,Champion,Referral,10,USB-C Cable,Electronics,1,117.18,5,111.32,1
2025-10-21,2258,286,Leo Petrov,Champion,Referral,4,Joggers,Apparel,1,42.18,0,42.18,0
2025-10-21,2258,286,Leo Petrov,Champion,Referral,36,Puzzle 500pc,Toys,1,44.86,0,44.86,0
2025-10-21,2258,286,Leo Petrov,Champion,Referral,30,Water Bottle,Sports,1,46.55,10,41.9,0
2025-10-21,2259,292,Cole Marsh,Champion,Direct,17,Ceramic Mug,Home,2,54.95,20,87.92,0
2025-10-21,2259,292,Cole Marsh,Champion,Direct,27,Hand Cream,Beauty,1,18.43,10,16.59,0
2025-10-21,2259,292,Cole Marsh,Champion,Direct,14,Power Bank,Electronics,1,64.37,10,57.93,0
2025-10-21,2260,325,Cole Khan,Regular,Email,19,Cutting Board,Home,1,53.71,0,53.71,0
2025-10-21,2260,325,Cole Khan,Regular,Email,35,Building Blocks,Toys,1,32.84,0,32.84,0
2025-10-21,2261,391,Leo Tan,Regular,Organic,3,Denim Jacket,Apparel,1,65.95,0,65.95,0
2025-10-21,2262,412,Riley Diaz,Regular,Email,1,Crew Tee,Apparel,1,53.87,0,53.87,0
2025-10-21,2262,412,Riley Diaz,Regular,Email,24,Lip Balm,Beauty,1,36.1,0,36.1,0
2025-10-21,2262,412,Riley Diaz,Regular,Email,25,Sheet Mask,Beauty,1,8.59,0,8.59,0
2025-10-21,2262,412,Riley Diaz,Regular,Email,9,Wireless Earbuds,Electronics,1,94.29,0,94.29,0
2025-10-21,2263,428,Quinn Diaz,Champion,Paid Search,10,USB-C Cable,Electronics,1,117.18,15,99.6,0
2025-10-21,2264,472,Noel Ibarra,Loyal,Direct,20,Towel Set,Home,1,19.75,5,18.76,0
2025-10-21,2265,476,Mateo Brooks,New,Social,1,Crew Tee,Apparel,3,53.87,15,137.37,0
2025-10-21,2266,492,Drew Petrov,Champion,Social,17,Ceramic Mug,Home,1,54.95,0,54.95,0
2025-10-21,2266,492,Drew Petrov,Champion,Social,26,Shampoo Bar,Beauty,1,33.06,5,31.41,0
2025-10-21,2267,555,Ivy Ibarra,New,Referral,19,Cutting Board,Home,1,53.71,15,45.65,0
2025-10-21,2267,555,Ivy Ibarra,New,Referral,30,Water Bottle,Sports,3,46.55,15,118.7,0
2025-10-21,2268,636,Casey Petrov,Loyal,Organic,2,Hoodie,Apparel,1,19.91,10,17.92,0
2025-10-21,2269,700,Owen Cohen,Champion,Social,32,Foam Roller,Sports,2,65.98,10,118.76,0
2025-10-21,2270,704,Owen Nguyen,Champion,Organic,12,Bluetooth Speaker,Electronics,3,98.02,0,294.06,0
2025-10-21,2270,704,Owen Nguyen,Champion,Organic,2,Hoodie,Apparel,1,19.91,0,19.91,0
2025-10-21,2270,704,Owen Nguyen,Champion,Organic,26,Shampoo Bar,Beauty,3,33.06,10,89.26,0
2025-10-21,2271,709,Ezra Mendez,Loyal,Referral,30,Water Bottle,Sports,1,46.55,10,41.9,0
2025-10-21,2271,709,Ezra Mendez,Loyal,Referral,3,Denim Jacket,Apparel,1,65.95,0,65.95,0
2025-10-21,2271,709,Ezra Mendez,Loyal,Referral,6,Beanie,Apparel,1,30.7,0,30.7,0
2025-10-21,2272,723,Tessa Khan,Regular,Email,20,Towel Set,Home,1,19.75,0,19.75,0
2025-10-21,2273,743,Riley Ahmed,Regular,Organic,34,Running Belt,Sports,1,29.4,0,29.4,0
2025-10-21,2274,748,Maya Reid,Loyal,Email,11,Phone Case,Electronics,3,22.01,10,59.43,0
2025-10-21,2274,748,Maya Reid,Loyal,Email,39,RC Car,Toys,2,33.63,0,67.26,0
2025-10-21,2275,752,Nora Costa,New,Organic,15,Smart Plug,Electronics,3,110.18,0,330.54,0
2025-10-21,2275,752,Nora Costa,New,Organic,34,Running Belt,Sports,1,29.4,0,29.4,0
2025-10-21,2275,752,Nora Costa,New,Organic,9,Wireless Earbuds,Electronics,2,94.29,0,188.58,0
2025-10-21,2276,755,Mateo Mendez,Regular,Referral,30,Water Bottle,Sports,1,46.55,0,46.55,0
2025-10-21,2276,755,Mateo Mendez,Regular,Referral,27,Hand Cream,Beauty,1,18.43,0,18.43,0
2025-10-21,2277,832,Rowan Yamada,New,Referral,27,Hand Cream,Beauty,1,18.43,0,18.43,0
2025-10-21,2278,845,Jordan Costa,Champion,Email,31,Resistance Bands,Sports,2,65.69,0,131.38,0
2025-10-21,2279,857,Noel Osei,Champion,Referral,35,Building Blocks,Toys,1,32.84,5,31.2,0
2025-10-21,2280,862,Ezra Patel,Regular,Paid Search,29,Yoga Mat,Sports,1,24.63,0,24.63,0
2025-10-21,2281,948,Devon Patel,New,Paid Search,6,Beanie,Apparel,2,30.7,0,61.4,1
2025-10-21,2281,948,Devon Patel,New,Paid Search,28,SPF 50 Lotion,Beauty,2,34.44,0,68.88,0
2025-10-21,2282,950,Reese Bauer,Loyal,Social,1,Crew Tee,Apparel,3,53.87,0,161.61,0
2025-10-21,2282,950,Reese Bauer,Loyal,Social,8,Chino Pants,Apparel,1,64.72,0,64.72,0
2025-10-21,2283,984,Devon Costa,At-Risk,Email,18,LED Lamp,Home,2,50.85,0,101.7,0
2025-10-21,2284,986,Hugo Sullivan,Loyal,Referral,9,Wireless Earbuds,Electronics,1,94.29,20,75.43,0
2025-10-21,2285,998,Lila Yamada,Champion,Email,12,Bluetooth Speaker,Electronics,1,98.02,15,83.32,0
2025-10-21,2285,998,Lila Yamada,Champion,Email,7,Rain Shell,Apparel,1,23.29,15,19.8,0
2025-10-22,2286,35,Quinn Nguyen,At-Risk,Paid Search,9,Wireless Earbuds,Electronics,1,94.29,0,94.29,0
2025-10-22,2286,35,Quinn Nguyen,At-Risk,Paid Search,8,Chino Pants,Apparel,1,64.72,0,64.72,1
2025-10-22,2286,35,Quinn Nguyen,At-Risk,Paid Search,1,Crew Tee,Apparel,1,53.87,0,53.87,0
2025-10-22,2287,63,Cole Bauer,Champion,Organic,26,Shampoo Bar,Beauty,1,33.06,10,29.75,0
2025-10-22,2288,92,Iris Ibarra,Champion,Email,20,Towel Set,Home,1,19.75,5,18.76,0
2025-10-22,2289,160,Hugo Brooks,Loyal,Paid Search,5,Socks 3-Pack,Apparel,2,65.81,20,105.3,0
2025-10-22,2289,160,Hugo Brooks,Loyal,Paid Search,11,Phone Case,Electronics,1,22.01,10,19.81,0
2025-10-22,2290,184,Kai Ahmed,Champion,Organic,13,Webcam,Electronics,1,64,0,64,0
2025-10-22,2291,271,Nora Bauer,Loyal,Email,18,LED Lamp,Home,1,50.85,0,50.85,0
2025-10-22,2291,271,Nora Bauer,Loyal,Email,20,Towel Set,Home,1,19.75,0,19.75,0
2025-10-22,2291,271,Nora Bauer,Loyal,Email,20,Towel Set,Home,2,19.75,5,37.53,0
2025-10-22,2292,296,Nora Hassan,Regular,Paid Search,28,SPF 50 Lotion,Beauty,1,34.44,0,34.44,0
2025-10-22,2292,296,Nora Hassan,Regular,Paid Search,1,Crew Tee,Apparel,2,53.87,0,107.74,0
2025-10-22,2293,305,Wren Park,Loyal,Social,39,RC Car,Toys,1,33.63,10,30.27,0
2025-10-22,2294,332,Leo Costa,Regular,Organic,36,Puzzle 500pc,Toys,1,44.86,0,44.86,0
2025-10-22,2295,365,Leo Ahmed,Regular,Paid Search,1,Crew Tee,Apparel,1,53.87,0,53.87,0
2025-10-22,2295,365,Leo Ahmed,Regular,Paid Search,1,Crew Tee,Apparel,2,53.87,0,107.74,0
2025-10-22,2296,440,Harper Nguyen,Regular,Email,27,Hand Cream,Beauty,1,18.43,0,18.43,0
2025-10-22,2297,595,Jamie Petrov,Loyal,Email,38,Board Game,Toys,2,37.99,15,64.58,0
2025-10-22,2298,615,Jamie Flynn,Regular,Organic,5,Socks 3-Pack,Apparel,1,65.81,0,65.81,0
2025-10-22,2298,615,Jamie Flynn,Regular,Organic,24,Lip Balm,Beauty,2,36.1,0,72.2,0
2025-10-22,2298,615,Jamie Flynn,Regular,Organic,16,Throw Pillow,Home,1,19.11,0,19.11,0
2025-10-22,2298,615,Jamie Flynn,Regular,Organic,18,LED Lamp,Home,1,50.85,0,50.85,0
2025-10-22,2299,711,Morgan Novak,Loyal,Direct,1,Crew Tee,Apparel,1,53.87,0,53.87,0
2025-10-22,2299,711,Morgan Novak,Loyal,Direct,24,Lip Balm,Beauty,2,36.1,5,68.59,0
2025-10-22,2299,711,Morgan Novak,Loyal,Direct,8,Chino Pants,Apparel,2,64.72,0,129.44,0
2025-10-22,2300,719,Avery Kowalski,Loyal,Email,8,Chino Pants,Apparel,2,64.72,10,116.5,0
2025-10-22,2301,751,Riley Kowalski,Champion,Direct,15,Smart Plug,Electronics,1,110.18,10,99.16,1
2025-10-22,2301,751,Riley Kowalski,Champion,Direct,17,Ceramic Mug,Home,1,54.95,0,54.95,0
2025-10-22,2301,751,Riley Kowalski,Champion,Direct,4,Joggers,Apparel,1,42.18,5,40.07,0
2025-10-22,2302,874,Avery Marsh,Loyal,Referral,34,Running Belt,Sports,1,29.4,20,23.52,1
2025-10-22,2303,909,Leo Nguyen,Regular,Paid Search,24,Lip Balm,Beauty,1,36.1,0,36.1,0
2025-10-22,2303,909,Leo Nguyen,Regular,Paid Search,8,Chino Pants,Apparel,1,64.72,0,64.72,0
2025-10-22,2304,913,Wren Osei,Regular,Direct,32,Foam Roller,Sports,3,65.98,0,197.94,0
2025-10-22,2305,937,Avery Romano,Loyal,Social,15,Smart Plug,Electronics,1,110.18,0,110.18,0
2025-10-22,2306,993,Hugo Cohen,Regular,Referral,11,Phone Case,Electronics,2,22.01,0,44.02,0
2025-10-23,2307,39,Mateo Larsen,At-Risk,Referral,25,Sheet Mask,Beauty,2,8.59,0,17.18,1
2025-10-23,2308,69,Taylor Yamada,Loyal,Email,24,Lip Balm,Beauty,1,36.1,5,34.3,0
2025-10-23,2308,69,Taylor Yamada,Loyal,Email,34,Running Belt,Sports,1,29.4,10,26.46,0
2025-10-23,2308,69,Taylor Yamada,Loyal,Email,4,Joggers,Apparel,1,42.18,0,42.18,0
2025-10-23,2309,129,Avery Ahmed,Regular,Organic,16,Throw Pillow,Home,2,19.11,0,38.22,0
2025-10-23,2310,131,Priya Cohen,Champion,Referral,8,Chino Pants,Apparel,1,64.72,0,64.72,0
2025-10-23,2310,131,Priya Cohen,Champion,Referral,23,Vitamin C Serum,Beauty,1,32.33,5,30.71,0
2025-10-23,2310,131,Priya Cohen,Champion,Referral,5,Socks 3-Pack,Apparel,3,65.81,5,187.56,0
2025-10-23,2311,140,Cole Marsh,Loyal,Email,37,Plush Bear,Toys,1,15.95,0,15.95,0
2025-10-23,2311,140,Cole Marsh,Loyal,Email,2,Hoodie,Apparel,1,19.91,10,17.92,0
2025-10-23,2311,140,Cole Marsh,Loyal,Email,24,Lip Balm,Beauty,1,36.1,0,36.1,0
2025-10-23,2311,140,Cole Marsh,Loyal,Email,19,Cutting Board,Home,2,53.71,5,102.05,0
2025-10-23,2312,141,Maya Romano,Loyal,Organic,25,Sheet Mask,Beauty,3,8.59,0,25.77,0
2025-10-23,2312,141,Maya Romano,Loyal,Organic,32,Foam Roller,Sports,2,65.98,5,125.36,0
2025-10-23,2313,254,Sasha Okafor,Regular,Email,19,Cutting Board,Home,1,53.71,0,53.71,0
2025-10-23,2314,372,Hugo Larsen,New,Email,7,Rain Shell,Apparel,2,23.29,0,46.58,0
2025-10-23,2314,372,Hugo Larsen,New,Email,37,Plush Bear,Toys,1,15.95,0,15.95,0
2025-10-23,2315,375,Taylor Bauer,Loyal,Referral,27,Hand Cream,Beauty,2,18.43,0,36.86,0
2025-10-23,2315,375,Taylor Bauer,Loyal,Referral,17,Ceramic Mug,Home,1,54.95,0,54.95,0
2025-10-23,2316,455,Casey Ahmed,Loyal,Email,20,Towel Set,Home,2,19.75,10,35.55,0
2025-10-23,2317,471,Ivy Fischer,Champion,Email,39,RC Car,Toys,3,33.63,0,100.89,0
2025-10-23,2317,471,Ivy Fischer,Champion,Email,34,Running Belt,Sports,2,29.4,5,55.86,0
2025-10-23,2317,471,Ivy Fischer,Champion,Email,5,Socks 3-Pack,Apparel,1,65.81,0,65.81,0
2025-10-23,2318,496,Tessa Kowalski,New,Email,1,Crew Tee,Apparel,1,53.87,0,53.87,0
2025-10-23,2319,528,Avery Costa,New,Direct,25,Sheet Mask,Beauty,2,8.59,0,17.18,0
2025-10-23,2320,532,Sasha Yamada,Regular,Direct,6,Beanie,Apparel,2,30.7,0,61.4,0
2025-10-23,2320,532,Sasha Yamada,Regular,Direct,15,Smart Plug,Electronics,1,110.18,0,110.18,0
2025-10-23,2321,569,Ivy Reyes,New,Paid Search,20,Towel Set,Home,1,19.75,0,19.75,0
2025-10-23,2321,569,Ivy Reyes,New,Paid Search,6,Beanie,Apparel,1,30.7,0,30.7,0
2025-10-23,2321,569,Ivy Reyes,New,Paid Search,31,Resistance Bands,Sports,1,65.69,0,65.69,0
2025-10-23,2322,597,Morgan Fischer,Loyal,Social,27,Hand Cream,Beauty,2,18.43,0,36.86,0
2025-10-23,2322,597,Morgan Fischer,Loyal,Social,11,Phone Case,Electronics,1,22.01,0,22.01,0
2025-10-23,2322,597,Morgan Fischer,Loyal,Social,4,Joggers,Apparel,1,42.18,10,37.96,0
2025-10-23,2323,651,Leo Petrov,Champion,Organic,33,Jump Rope,Sports,2,33.41,0,66.82,0
2025-10-23,2324,653,Jordan Walsh,At-Risk,Organic,16,Throw Pillow,Home,1,19.11,0,19.11,0
2025-10-23,2324,653,Jordan Walsh,At-Risk,Organic,11,Phone Case,Electronics,1,22.01,0,22.01,1
2025-10-23,2325,716,Iris Reyes,Champion,Email,38,Board Game,Toys,1,37.99,0,37.99,0
2025-10-23,2326,871,Iris Marsh,Regular,Direct,14,Power Bank,Electronics,2,64.37,20,102.99,0
2025-10-23,2326,871,Iris Marsh,Regular,Direct,32,Foam Roller,Sports,1,65.98,10,59.38,0
2025-10-23,2326,871,Iris Marsh,Regular,Direct,28,SPF 50 Lotion,Beauty,1,34.44,25,25.83,0
2025-10-23,2327,906,Reese Carter,Loyal,Social,9,Wireless Earbuds,Electronics,3,94.29,5,268.73,0
2025-10-23,2328,937,Avery Romano,Loyal,Social,17,Ceramic Mug,Home,1,54.95,10,49.46,0
2025-10-23,2328,937,Avery Romano,Loyal,Social,16,Throw Pillow,Home,1,19.11,20,15.29,0
2025-10-23,2328,937,Avery Romano,Loyal,Social,35,Building Blocks,Toys,1,32.84,10,29.56,0
2025-10-23,2328,937,Avery Romano,Loyal,Social,12,Bluetooth Speaker,Electronics,2,98.02,15,166.63,0
2025-10-23,2329,990,Hugo Reid,New,Referral,27,Hand Cream,Beauty,1,18.43,15,15.67,0
2025-10-24,2330,27,Nora Bauer,Champion,Referral,18,LED Lamp,Home,2,50.85,0,101.7,0
2025-10-24,2331,30,Ivy Khan,New,Social,22,Scented Candle,Home,1,18.98,0,18.98,0
2025-10-24,2331,30,Ivy Khan,New,Social,24,Lip Balm,Beauty,1,36.1,0,36.1,0
2025-10-24,2331,30,Ivy Khan,New,Social,28,SPF 50 Lotion,Beauty,1,34.44,0,34.44,0
2025-10-24,2332,116,Wren Mendez,Champion,Email,4,Joggers,Apparel,2,42.18,5,80.14,0
2025-10-24,2333,137,Iris Larsen,New,Email,8,Chino Pants,Apparel,2,64.72,0,129.44,0
2025-10-24,2334,156,Hugo Flynn,Champion,Email,10,USB-C Cable,Electronics,1,117.18,15,99.6,0
2025-10-24,2334,156,Hugo Flynn,Champion,Email,29,Yoga Mat,Sports,1,24.63,25,18.47,0
2025-10-24,2335,157,Cole Park,Regular,Organic,7,Rain Shell,Apparel,1,23.29,0,23.29,0
2025-10-24,2335,157,Cole Park,Regular,Organic,12,Bluetooth Speaker,Electronics,1,98.02,0,98.02,0
2025-10-24,2335,157,Cole Park,Regular,Organic,14,Power Bank,Electronics,1,64.37,0,64.37,1
2025-10-24,2336,186,Kai Novak,Loyal,Organic,30,Water Bottle,Sports,1,46.55,15,39.57,0
2025-10-24,2337,209,Tessa Romano,New,Email,10,USB-C Cable,Electronics,1,117.18,10,105.46,0
2025-10-24,2338,213,Ezra Kowalski,New,Organic,14,Power Bank,Electronics,1,64.37,0,64.37,0
2025-10-24,2338,213,Ezra Kowalski,New,Organic,25,Sheet Mask,Beauty,2,8.59,0,17.18,0
2025-10-24,2339,233,Wren Carter,New,Referral,36,Puzzle 500pc,Toys,1,44.86,0,44.86,0
2025-10-24,2340,235,Casey Okafor,Regular,Social,11,Phone Case,Electronics,1,22.01,0,22.01,0
2025-10-24,2340,235,Casey Okafor,Regular,Social,39,RC Car,Toys,2,33.63,0,67.26,0
2025-10-24,2340,235,Casey Okafor,Regular,Social,6,Beanie,Apparel,2,30.7,0,61.4,0
2025-10-24,2340,235,Casey Okafor,Regular,Social,3,Denim Jacket,Apparel,1,65.95,0,65.95,0
2025-10-24,2341,242,Sasha Hassan,Loyal,Paid Search,17,Ceramic Mug,Home,3,54.95,10,148.37,0
2025-10-24,2342,293,Tessa Novak,Loyal,Direct,20,Towel Set,Home,1,19.75,0,19.75,0
2025-10-24,2343,396,Drew Mendez,Regular,Direct,3,Denim Jacket,Apparel,2,65.95,0,131.9,0
2025-10-24,2344,421,Quinn Petrov,New,Email,10,USB-C Cable,Electronics,1,117.18,10,105.46,0
2025-10-24,2345,460,Harper Tan,Champion,Email,38,Board Game,Toys,1,37.99,0,37.99,0
2025-10-24,2346,502,Wren Larsen,New,Organic,31,Resistance Bands,Sports,1,65.69,0,65.69,0
2025-10-24,2347,531,Wren Carter,Loyal,Direct,2,Hoodie,Apparel,2,19.91,10,35.84,0
2025-10-24,2347,531,Wren Carter,Loyal,Direct,2,Hoodie,Apparel,1,19.91,0,19.91,0
2025-10-24,2348,590,Leo Okafor,Champion,Direct,36,Puzzle 500pc,Toys,1,44.86,5,42.62,0
2025-10-24,2348,590,Leo Okafor,Champion,Direct,28,SPF 50 Lotion,Beauty,1,34.44,0,34.44,0
2025-10-24,2349,660,Jordan Romano,Loyal,Email,10,USB-C Cable,Electronics,1,117.18,0,117.18,0
2025-10-24,2349,660,Jordan Romano,Loyal,Email,15,Smart Plug,Electronics,2,110.18,5,209.34,0
2025-10-24,2350,711,Morgan Novak,Loyal,Direct,21,Storage Bin,Home,2,28.6,20,45.76,0
2025-10-24,2351,775,Nora Patel,Champion,Paid Search,5,Socks 3-Pack,Apparel,1,65.81,25,49.36,0
2025-10-24,2351,775,Nora Patel,Champion,Paid Search,38,Board Game,Toys,2,37.99,10,68.38,0
2025-10-24,2351,775,Nora Patel,Champion,Paid Search,3,Denim Jacket,Apparel,1,65.95,20,52.76,0
2025-10-24,2352,778,Reese Osei,New,Email,28,SPF 50 Lotion,Beauty,1,34.44,0,34.44,0
2025-10-24,2352,778,Reese Osei,New,Email,25,Sheet Mask,Beauty,1,8.59,0,8.59,0
2025-10-24,2353,779,Hugo Ibarra,Loyal,Organic,33,Jump Rope,Sports,1,33.41,0,33.41,0
2025-10-24,2353,779,Hugo Ibarra,Loyal,Organic,26,Shampoo Bar,Beauty,1,33.06,10,29.75,0
2025-10-24,2353,779,Hugo Ibarra,Loyal,Organic,18,LED Lamp,Home,1,50.85,0,50.85,0
2025-10-24,2354,836,Morgan Larsen,Loyal,Social,13,Webcam,Electronics,1,64,0,64,0
2025-10-24,2355,881,Kai Ahmed,New,Organic,13,Webcam,Electronics,1,64,15,54.4,0
2025-10-24,2355,881,Kai Ahmed,New,Organic,29,Yoga Mat,Sports,1,24.63,20,19.7,0
2025-10-24,2355,881,Kai Ahmed,New,Organic,28,SPF 50 Lotion,Beauty,1,34.44,25,25.83,0
2025-10-24,2355,881,Kai Ahmed,New,Organic,36,Puzzle 500pc,Toys,1,44.86,25,33.64,1
2025-10-24,2356,950,Reese Bauer,Loyal,Social,16,Throw Pillow,Home,1,19.11,25,14.33,1
2025-10-24,2356,950,Reese Bauer,Loyal,Social,37,Plush Bear,Toys,1,15.95,20,12.76,0
2025-10-24,2356,950,Reese Bauer,Loyal,Social,2,Hoodie,Apparel,1,19.91,20,15.93,1
2025-10-24,2356,950,Reese Bauer,Loyal,Social,1,Crew Tee,Apparel,2,53.87,15,91.58,0
2025-10-25,2357,19,Rowan Osei,Regular,Organic,22,Scented Candle,Home,1,18.98,0,18.98,0
2025-10-25,2357,19,Rowan Osei,Regular,Organic,20,Towel Set,Home,2,19.75,0,39.5,0
2025-10-25,2357,19,Rowan Osei,Regular,Organic,37,Plush Bear,Toys,1,15.95,0,15.95,0
2025-10-25,2358,20,Ezra Romano,Regular,Email,4,Joggers,Apparel,1,42.18,0,42.18,0
2025-10-25,2358,20,Ezra Romano,Regular,Email,10,USB-C Cable,Electronics,1,117.18,0,117.18,0
2025-10-25,2358,20,Ezra Romano,Regular,Email,7,Rain Shell,Apparel,1,23.29,0,23.29,0
2025-10-25,2359,25,Morgan Petrov,Champion,Paid Search,5,Socks 3-Pack,Apparel,1,65.81,5,62.52,0
2025-10-25,2360,47,Jamie Diaz,Regular,Referral,11,Phone Case,Electronics,1,22.01,0,22.01,0
2025-10-25,2361,48,Priya Yamada,Champion,Paid Search,28,SPF 50 Lotion,Beauty,1,34.44,5,32.72,0
2025-10-25,2361,48,Priya Yamada,Champion,Paid Search,16,Throw Pillow,Home,1,19.11,10,17.2,0
2025-10-25,2362,94,Maya Diaz,Loyal,Social,9,Wireless Earbuds,Electronics,1,94.29,0,94.29,0
2025-10-25,2363,116,Wren Mendez,Champion,Email,21,Storage Bin,Home,1,28.6,0,28.6,0
2025-10-25,2364,145,Iris Yamada,Loyal,Direct,10,USB-C Cable,Electronics,3,117.18,0,351.54,0
2025-10-25,2365,156,Hugo Flynn,Champion,Email,18,LED Lamp,Home,1,50.85,5,48.31,0
2025-10-25,2365,156,Hugo Flynn,Champion,Email,33,Jump Rope,Sports,1,33.41,0,33.41,0
2025-10-25,2366,165,Reese Mendez,Regular,Paid Search,14,Power Bank,Electronics,1,64.37,0,64.37,0
2025-10-25,2367,174,Drew Costa,Champion,Social,20,Towel Set,Home,1,19.75,0,19.75,0
2025-10-25,2367,174,Drew Costa,Champion,Social,35,Building Blocks,Toys,1,32.84,10,29.56,0
2025-10-25,2368,185,Kai Bauer,Loyal,Direct,20,Towel Set,Home,2,19.75,0,39.5,0
2025-10-25,2368,185,Kai Bauer,Loyal,Direct,16,Throw Pillow,Home,1,19.11,10,17.2,0
2025-10-25,2368,185,Kai Bauer,Loyal,Direct,3,Denim Jacket,Apparel,1,65.95,0,65.95,0
2025-10-25,2369,226,Leo Petrov,Champion,Organic,24,Lip Balm,Beauty,1,36.1,0,36.1,0
2025-10-25,2369,226,Leo Petrov,Champion,Organic,40,Art Kit,Toys,1,53.64,10,48.28,0
2025-10-25,2369,226,Leo Petrov,Champion,Organic,33,Jump Rope,Sports,1,33.41,5,31.74,0
2025-10-25,2370,230,Noel Patel,Loyal,Paid Search,10,USB-C Cable,Electronics,1,117.18,10,105.46,1
2025-10-25,2370,230,Noel Patel,Loyal,Paid Search,17,Ceramic Mug,Home,2,54.95,15,93.42,0
2025-10-25,2371,238,Avery Reyes,Champion,Referral,37,Plush Bear,Toys,1,15.95,5,15.15,0
2025-10-25,2371,238,Avery Reyes,Champion,Referral,21,Storage Bin,Home,2,28.6,5,54.34,0
2025-10-25,2372,239,Wren Yamada,At-Risk,Social,38,Board Game,Toys,1,37.99,15,32.29,0
2025-10-25,2373,292,Cole Marsh,Champion,Direct,37,Plush Bear,Toys,2,15.95,10,28.71,0
2025-10-25,2374,295,Priya Diaz,Champion,Paid Search,9,Wireless Earbuds,Electronics,1,94.29,0,94.29,0
2025-10-25,2374,295,Priya Diaz,Champion,Paid Search,13,Webcam,Electronics,1,64,0,64,0
2025-10-25,2375,334,Tessa Park,Loyal,Organic,5,Socks 3-Pack,Apparel,1,65.81,10,59.23,0
2025-10-25,2376,360,Iris Costa,At-Risk,Referral,37,Plush Bear,Toys,1,15.95,0,15.95,0
2025-10-25,2377,366,Riley Okafor,Regular,Organic,14,Power Bank,Electronics,1,64.37,0,64.37,0
2025-10-25,2378,377,Nora Diaz,New,Social,10,USB-C Cable,Electronics,2,117.18,0,234.36,0
2025-10-25,2378,377,Nora Diaz,New,Social,3,Denim Jacket,Apparel,1,65.95,0,65.95,0
2025-10-25,2379,518,Casey Patel,Loyal,Referral,32,Foam Roller,Sports,1,65.98,0,65.98,0
2025-10-25,2379,518,Casey Patel,Loyal,Referral,28,SPF 50 Lotion,Beauty,1,34.44,10,31,0
2025-10-25,2380,555,Ivy Ibarra,New,Referral,3,Denim Jacket,Apparel,2,65.95,0,131.9,0
2025-10-25,2381,570,Casey Bauer,New,Email,36,Puzzle 500pc,Toys,1,44.86,0,44.86,1
2025-10-25,2382,665,Ezra Khan,Regular,Organic,10,USB-C Cable,Electronics,1,117.18,0,117.18,1
2025-10-25,2382,665,Ezra Khan,Regular,Organic,23,Vitamin C Serum,Beauty,1,32.33,0,32.33,0
2025-10-25,2382,665,Ezra Khan,Regular,Organic,4,Joggers,Apparel,1,42.18,0,42.18,0
2025-10-25,2382,665,Ezra Khan,Regular,Organic,30,Water Bottle,Sports,1,46.55,0,46.55,0
2025-10-25,2383,667,Maya Petrov,Champion,Paid Search,30,Water Bottle,Sports,1,46.55,10,41.9,0
2025-10-25,2383,667,Maya Petrov,Champion,Paid Search,11,Phone Case,Electronics,2,22.01,10,39.62,0
2025-10-25,2384,672,Priya Petrov,Loyal,Organic,4,Joggers,Apparel,1,42.18,20,33.74,0
2025-10-25,2384,672,Priya Petrov,Loyal,Organic,14,Power Bank,Electronics,1,64.37,25,48.28,0
2025-10-25,2385,700,Owen Cohen,Champion,Social,28,SPF 50 Lotion,Beauty,1,34.44,10,31,0
2025-10-25,2386,767,Harper Bauer,Loyal,Direct,5,Socks 3-Pack,Apparel,1,65.81,5,62.52,0
2025-10-25,2387,793,Hugo Osei,Champion,Social,20,Towel Set,Home,1,19.75,20,15.8,0
2025-10-25,2387,793,Hugo Osei,Champion,Social,2,Hoodie,Apparel,1,19.91,25,14.93,0
2025-10-25,2388,805,Cole Costa,Champion,Direct,20,Towel Set,Home,1,19.75,20,15.8,0
2025-10-25,2389,809,Devon Yamada,New,Social,4,Joggers,Apparel,2,42.18,0,84.36,1
2025-10-25,2389,809,Devon Yamada,New,Social,37,Plush Bear,Toys,1,15.95,0,15.95,0
2025-10-25,2389,809,Devon Yamada,New,Social,36,Puzzle 500pc,Toys,3,44.86,0,134.58,0
2025-10-25,2390,819,Nora Mendez,Champion,Paid Search,19,Cutting Board,Home,1,53.71,5,51.02,0
2025-10-25,2390,819,Nora Mendez,Champion,Paid Search,25,Sheet Mask,Beauty,2,8.59,0,17.18,0
2025-10-25,2391,849,Jordan Patel,At-Risk,Organic,20,Towel Set,Home,1,19.75,0,19.75,1
2025-10-25,2391,849,Jordan Patel,At-Risk,Organic,17,Ceramic Mug,Home,1,54.95,0,54.95,0
2025-10-25,2391,849,Jordan Patel,At-Risk,Organic,18,LED Lamp,Home,1,50.85,0,50.85,0
2025-10-25,2392,857,Noel Osei,Champion,Referral,13,Webcam,Electronics,1,64,0,64,0
2025-10-25,2392,857,Noel Osei,Champion,Referral,13,Webcam,Electronics,2,64,10,115.2,0
2025-10-25,2392,857,Noel Osei,Champion,Referral,36,Puzzle 500pc,Toys,1,44.86,5,42.62,0
2025-10-25,2393,868,Quinn Osei,Regular,Direct,17,Ceramic Mug,Home,1,54.95,0,54.95,0
2025-10-25,2394,875,Cole Larsen,Loyal,Email,7,Rain Shell,Apparel,1,23.29,10,20.96,0
2025-10-25,2395,949,Quinn Okafor,Champion,Organic,4,Joggers,Apparel,1,42.18,10,37.96,0
2025-10-25,2396,951,Nora Kowalski,Loyal,Organic,25,Sheet Mask,Beauty,1,8.59,5,8.16,0
2025-10-25,2396,951,Nora Kowalski,Loyal,Organic,8,Chino Pants,Apparel,1,64.72,10,58.25,0
2025-10-25,2397,999,Owen Novak,New,Direct,5,Socks 3-Pack,Apparel,2,65.81,0,131.62,0
2025-10-26,2398,63,Cole Bauer,Champion,Organic,22,Scented Candle,Home,1,18.98,25,14.24,0
2025-10-26,2398,63,Cole Bauer,Champion,Organic,34,Running Belt,Sports,1,29.4,20,23.52,0
2025-10-26,2398,63,Cole Bauer,Champion,Organic,40,Art Kit,Toys,3,53.64,20,128.74,0
2025-10-26,2399,70,Jordan Cohen,Regular,Referral,29,Yoga Mat,Sports,1,24.63,0,24.63,0
2025-10-26,2399,70,Jordan Cohen,Regular,Referral,3,Denim Jacket,Apparel,1,65.95,0,65.95,0
2025-10-26,2400,79,Kai Patel,Loyal,Direct,36,Puzzle 500pc,Toys,2,44.86,15,76.26,0
2025-10-26,2400,79,Kai Patel,Loyal,Direct,3,Denim Jacket,Apparel,2,65.95,10,118.71,0
2025-10-26,2401,86,Priya Okafor,Champion,Email,31,Resistance Bands,Sports,1,65.69,15,55.84,0
2025-10-26,2401,86,Priya Okafor,Champion,Email,22,Scented Candle,Home,2,18.98,20,30.37,0
2025-10-26,2401,86,Priya Okafor,Champion,Email,13,Webcam,Electronics,1,64,10,57.6,0
2025-10-26,2402,153,Reese Marsh,Loyal,Direct,37,Plush Bear,Toys,1,15.95,10,14.36,0
2025-10-26,2402,153,Reese Marsh,Loyal,Direct,21,Storage Bin,Home,1,28.6,20,22.88,0
2025-10-26,2403,178,Rowan Brooks,Loyal,Email,13,Webcam,Electronics,1,64,0,64,0
2025-10-26,2403,178,Rowan Brooks,Loyal,Email,28,SPF 50 Lotion,Beauty,1,34.44,0,34.44,0
2025-10-26,2403,178,Rowan Brooks,Loyal,Email,4,Joggers,Apparel,2,42.18,5,80.14,0
2025-10-26,2404,191,Tessa Ibarra,Loyal,Paid Search,6,Beanie,Apparel,1,30.7,10,27.63,0
2025-10-26,2405,218,Taylor Patel,Champion,Paid Search,24,Lip Balm,Beauty,3,36.1,10,97.47,0
2025-10-26,2405,218,Taylor Patel,Champion,Paid Search,26,Shampoo Bar,Beauty,1,33.06,0,33.06,0
2025-10-26,2406,268,Cole Yamada,Loyal,Direct,1,Crew Tee,Apparel,3,53.87,0,161.61,0
2025-10-26,2406,268,Cole Yamada,Loyal,Direct,8,Chino Pants,Apparel,1,64.72,0,64.72,0
2025-10-26,2407,359,Nora Reid,New,Organic,15,Smart Plug,Electronics,1,110.18,0,110.18,0
2025-10-26,2408,409,Cole Osei,Loyal,Direct,23,Vitamin C Serum,Beauty,1,32.33,25,24.25,1
2025-10-26,2409,412,Riley Diaz,Regular,Email,35,Building Blocks,Toys,1,32.84,0,32.84,0
2025-10-26,2409,412,Riley Diaz,Regular,Email,2,Hoodie,Apparel,1,19.91,0,19.91,0
2025-10-26,2410,415,Reese Hassan,Regular,Direct,8,Chino Pants,Apparel,2,64.72,0,129.44,0
2025-10-26,2411,427,Hugo Novak,Regular,Direct,10,USB-C Cable,Electronics,1,117.18,0,117.18,0
2025-10-26,2412,428,Quinn Diaz,Champion,Paid Search,3,Denim Jacket,Apparel,3,65.95,0,197.85,0
2025-10-26,2412,428,Quinn Diaz,Champion,Paid Search,15,Smart Plug,Electronics,1,110.18,0,110.18,0
2025-10-26,2412,428,Quinn Diaz,Champion,Paid Search,24,Lip Balm,Beauty,3,36.1,10,97.47,0
2025-10-26,2412,428,Quinn Diaz,Champion,Paid Search,17,Ceramic Mug,Home,1,54.95,10,49.46,0
2025-10-26,2413,429,Jamie Okafor,Champion,Email,5,Socks 3-Pack,Apparel,1,65.81,5,62.52,0
2025-10-26,2413,429,Jamie Okafor,Champion,Email,31,Resistance Bands,Sports,1,65.69,0,65.69,0
2025-10-26,2414,430,Leo Yamada,New,Direct,33,Jump Rope,Sports,1,33.41,0,33.41,0
2025-10-26,2415,471,Ivy Fischer,Champion,Email,31,Resistance Bands,Sports,1,65.69,0,65.69,0
2025-10-26,2415,471,Ivy Fischer,Champion,Email,16,Throw Pillow,Home,3,19.11,10,51.6,0
2025-10-26,2416,508,Riley Diaz,Loyal,Email,21,Storage Bin,Home,2,28.6,0,57.2,0
2025-10-26,2417,605,Jamie Carter,Loyal,Direct,35,Building Blocks,Toys,2,32.84,5,62.4,0
2025-10-26,2417,605,Jamie Carter,Loyal,Direct,26,Shampoo Bar,Beauty,1,33.06,0,33.06,0
2025-10-26,2417,605,Jamie Carter,Loyal,Direct,2,Hoodie,Apparel,2,19.91,0,39.82,0
2025-10-26,2418,644,Avery Osei,Loyal,Paid Search,39,RC Car,Toys,3,33.63,0,100.89,0
2025-10-26,2419,669,Quinn Novak,New,Organic,1,Crew Tee,Apparel,1,53.87,0,53.87,0
2025-10-26,2419,669,Quinn Novak,New,Organic,25,Sheet Mask,Beauty,1,8.59,0,8.59,0
2025-10-26,2419,669,Quinn Novak,New,Organic,17,Ceramic Mug,Home,1,54.95,0,54.95,0
2025-10-26,2420,678,Mateo Cohen,Champion,Social,10,USB-C Cable,Electronics,2,117.18,0,234.36,0
2025-10-26,2421,711,Morgan Novak,Loyal,Direct,23,Vitamin C Serum,Beauty,3,32.33,10,87.29,0
2025-10-26,2422,713,Wren Costa,Champion,Organic,11,Phone Case,Electronics,1,22.01,0,22.01,0
2025-10-26,2423,732,Devon Walsh,New,Organic,14,Power Bank,Electronics,1,64.37,0,64.37,0
2025-10-26,2423,732,Devon Walsh,New,Organic,20,Towel Set,Home,2,19.75,0,39.5,0
2025-10-26,2424,752,Nora Costa,New,Organic,32,Foam Roller,Sports,1,65.98,0,65.98,0
2025-10-26,2424,752,Nora Costa,New,Organic,32,Foam Roller,Sports,1,65.98,0,65.98,0
2025-10-26,2425,753,Tessa Mendez,Regular,Social,10,USB-C Cable,Electronics,1,117.18,0,117.18,0
2025-10-26,2425,753,Tessa Mendez,Regular,Social,15,Smart Plug,Electronics,1,110.18,0,110.18,0
2025-10-26,2426,754,Tessa Okafor,Regular,Social,7,Rain Shell,Apparel,1,23.29,0,23.29,0
2025-10-26,2427,775,Nora Patel,Champion,Paid Search,16,Throw Pillow,Home,1,19.11,0,19.11,0
2025-10-26,2427,775,Nora Patel,Champion,Paid Search,31,Resistance Bands,Sports,2,65.69,5,124.81,0
2025-10-26,2427,775,Nora Patel,Champion,Paid Search,29,Yoga Mat,Sports,2,24.63,0,49.26,0
2025-10-26,2428,850,Ivy Patel,Regular,Organic,14,Power Bank,Electronics,1,64.37,0,64.37,0
2025-10-26,2428,850,Ivy Patel,Regular,Organic,9,Wireless Earbuds,Electronics,2,94.29,0,188.58,0
2025-10-26,2428,850,Ivy Patel,Regular,Organic,15,Smart Plug,Electronics,1,110.18,0,110.18,0
2025-10-26,2429,933,Mateo Walsh,Regular,Social,11,Phone Case,Electronics,1,22.01,0,22.01,0
2025-10-26,2430,979,Wren Brooks,At-Risk,Organic,21,Storage Bin,Home,1,28.6,25,21.45,0
2025-10-26,2431,991,Reese Osei,Loyal,Referral,21,Storage Bin,Home,1,28.6,10,25.74,0
2025-10-26,2432,995,Kai Tan,Champion,Organic,19,Cutting Board,Home,1,53.71,5,51.02,0
2025-10-26,2432,995,Kai Tan,Champion,Organic,16,Throw Pillow,Home,1,19.11,0,19.11,0
2025-10-26,2432,995,Kai Tan,Champion,Organic,2,Hoodie,Apparel,2,19.91,5,37.83,0
2025-10-27,2433,7,Wren Larsen,Loyal,Referral,39,RC Car,Toys,1,33.63,5,31.95,0
2025-10-27,2433,7,Wren Larsen,Loyal,Referral,11,Phone Case,Electronics,1,22.01,0,22.01,0
2025-10-27,2433,7,Wren Larsen,Loyal,Referral,32,Foam Roller,Sports,2,65.98,0,131.96,1
2025-10-27,2433,7,Wren Larsen,Loyal,Referral,10,USB-C Cable,Electronics,2,117.18,10,210.92,0
2025-10-27,2434,19,Rowan Osei,Regular,Organic,17,Ceramic Mug,Home,1,54.95,0,54.95,0
2025-10-27,2435,24,Sasha Reid,Champion,Referral,37,Plush Bear,Toys,1,15.95,0,15.95,0
2025-10-27,2435,24,Sasha Reid,Champion,Referral,3,Denim Jacket,Apparel,1,65.95,5,62.65,0
2025-10-27,2436,43,Maya Okafor,Loyal,Organic,21,Storage Bin,Home,1,28.6,0,28.6,1
2025-10-27,2436,43,Maya Okafor,Loyal,Organic,37,Plush Bear,Toys,1,15.95,0,15.95,0
2025-10-27,2437,49,Nora Romano,Loyal,Direct,39,RC Car,Toys,2,33.63,5,63.9,0
2025-10-27,2438,110,Tessa Yamada,Loyal,Social,19,Cutting Board,Home,1,53.71,10,48.34,0
2025-10-27,2439,126,Devon Costa,New,Paid Search,21,Storage Bin,Home,1,28.6,0,28.6,0
2025-10-27,2439,126,Devon Costa,New,Paid Search,35,Building Blocks,Toys,2,32.84,0,65.68,0
2025-10-27,2440,143,Wren Khan,Loyal,Paid Search,35,Building Blocks,Toys,1,32.84,0,32.84,0
2025-10-27,2440,143,Wren Khan,Loyal,Paid Search,13,Webcam,Electronics,2,64,0,128,0
2025-10-27,2441,156,Hugo Flynn,Champion,Email,7,Rain Shell,Apparel,2,23.29,5,44.25,0
2025-10-27,2441,156,Hugo Flynn,Champion,Email,33,Jump Rope,Sports,1,33.41,0,33.41,0
2025-10-27,2441,156,Hugo Flynn,Champion,Email,39,RC Car,Toys,1,33.63,0,33.63,0
2025-10-27,2442,205,Mateo Bauer,New,Referral,1,Crew Tee,Apparel,3,53.87,10,145.45,0
2025-10-27,2442,205,Mateo Bauer,New,Referral,30,Water Bottle,Sports,1,46.55,15,39.57,0
2025-10-27,2443,226,Leo Petrov,Champion,Organic,3,Denim Jacket,Apparel,1,65.95,10,59.36,0
2025-10-27,2443,226,Leo Petrov,Champion,Organic,1,Crew Tee,Apparel,1,53.87,5,51.18,0
2025-10-27,2444,293,Tessa Novak,Loyal,Direct,25,Sheet Mask,Beauty,1,8.59,0,8.59,0
2025-10-27,2445,307,Casey Ahmed,Champion,Organic,38,Board Game,Toys,1,37.99,25,28.49,0
2025-10-27,2445,307,Casey Ahmed,Champion,Organic,38,Board Game,Toys,1,37.99,25,28.49,0
2025-10-27,2446,450,Lila Bauer,Loyal,Paid Search,20,Towel Set,Home,1,19.75,25,14.81,0
2025-10-27,2447,497,Wren Sullivan,New,Referral,1,Crew Tee,Apparel,1,53.87,0,53.87,0
2025-10-27,2448,551,Devon Fischer,Loyal,Social,40,Art Kit,Toys,1,53.64,10,48.28,0
2025-10-27,2449,578,Nora Marsh,Champion,Social,40,Art Kit,Toys,1,53.64,0,53.64,0
2025-10-27,2449,578,Nora Marsh,Champion,Social,16,Throw Pillow,Home,1,19.11,0,19.11,0
2025-10-27,2450,580,Priya Okafor,Regular,Social,6,Beanie,Apparel,1,30.7,0,30.7,0
2025-10-27,2451,597,Morgan Fischer,Loyal,Social,19,Cutting Board,Home,3,53.71,0,161.13,0
2025-10-27,2451,597,Morgan Fischer,Loyal,Social,1,Crew Tee,Apparel,1,53.87,0,53.87,0
2025-10-27,2452,721,Taylor Petrov,Regular,Paid Search,40,Art Kit,Toys,1,53.64,0,53.64,0
2025-10-27,2453,773,Ivy Yamada,Loyal,Email,36,Puzzle 500pc,Toys,1,44.86,5,42.62,0
2025-10-27,2454,799,Lila Brooks,Loyal,Referral,13,Webcam,Electronics,1,64,10,57.6,0
2025-10-27,2454,799,Lila Brooks,Loyal,Referral,2,Hoodie,Apparel,1,19.91,10,17.92,0
2025-10-27,2455,817,Jordan Carter,Loyal,Referral,18,LED Lamp,Home,2,50.85,10,91.53,1
2025-10-27,2455,817,Jordan Carter,Loyal,Referral,21,Storage Bin,Home,1,28.6,5,27.17,0
2025-10-27,2455,817,Jordan Carter,Loyal,Referral,6,Beanie,Apparel,1,30.7,10,27.63,0
2025-10-27,2456,870,Sasha Sullivan,New,Organic,9,Wireless Earbuds,Electronics,2,94.29,0,188.58,0
2025-10-27,2456,870,Sasha Sullivan,New,Organic,17,Ceramic Mug,Home,2,54.95,0,109.9,0
2025-10-27,2457,924,Rowan Larsen,New,Paid Search,9,Wireless Earbuds,Electronics,1,94.29,0,94.29,0
2025-10-27,2458,953,Jamie Reid,Champion,Referral,8,Chino Pants,Apparel,3,64.72,0,194.16,0
2025-10-27,2459,960,Wren Mendez,Champion,Social,6,Beanie,Apparel,1,30.7,0,30.7,1
2025-10-28,2460,42,Cole Reyes,Champion,Email,37,Plush Bear,Toys,1,15.95,5,15.15,0
2025-10-28,2461,75,Jamie Ibarra,Loyal,Email,24,Lip Balm,Beauty,1,36.1,10,32.49,0
2025-10-28,2461,75,Jamie Ibarra,Loyal,Email,17,Ceramic Mug,Home,3,54.95,10,148.37,0
2025-10-28,2461,75,Jamie Ibarra,Loyal,Email,8,Chino Pants,Apparel,1,64.72,0,64.72,0
2025-10-28,2461,75,Jamie Ibarra,Loyal,Email,7,Rain Shell,Apparel,2,23.29,0,46.58,0
2025-10-28,2462,76,Owen Flynn,Champion,Direct,38,Board Game,Toys,3,37.99,10,102.57,0
2025-10-28,2463,94,Maya Diaz,Loyal,Social,24,Lip Balm,Beauty,2,36.1,5,68.59,0
2025-10-28,2464,154,Drew Novak,Champion,Paid Search,13,Webcam,Electronics,3,64,0,192,0
2025-10-28,2465,178,Rowan Brooks,Loyal,Email,27,Hand Cream,Beauty,1,18.43,20,14.74,0
2025-10-28,2466,191,Tessa Ibarra,Loyal,Paid Search,28,SPF 50 Lotion,Beauty,1,34.44,5,32.72,0
2025-10-28,2467,193,Nora Cohen,Loyal,Paid Search,11,Phone Case,Electronics,2,22.01,5,41.82,0
2025-10-28,2467,193,Nora Cohen,Loyal,Paid Search,11,Phone Case,Electronics,2,22.01,5,41.82,0
2025-10-28,2468,238,Avery Reyes,Champion,Referral,14,Power Bank,Electronics,1,64.37,5,61.15,0
2025-10-28,2468,238,Avery Reyes,Champion,Referral,32,Foam Roller,Sports,1,65.98,5,62.68,0
2025-10-28,2469,352,Casey Patel,Regular,Direct,13,Webcam,Electronics,1,64,0,64,0
2025-10-28,2470,357,Morgan Okafor,Loyal,Paid Search,37,Plush Bear,Toys,1,15.95,5,15.15,0
2025-10-28,2471,565,Noel Fischer,Champion,Social,34,Running Belt,Sports,1,29.4,5,27.93,0
2025-10-28,2471,565,Noel Fischer,Champion,Social,25,Sheet Mask,Beauty,1,8.59,0,8.59,0
2025-10-28,2472,576,Noel Petrov,Loyal,Paid Search,22,Scented Candle,Home,1,18.98,20,15.18,1
2025-10-28,2472,576,Noel Petrov,Loyal,Paid Search,31,Resistance Bands,Sports,1,65.69,10,59.12,0
2025-10-28,2473,578,Nora Marsh,Champion,Social,30,Water Bottle,Sports,2,46.55,10,83.79,0
2025-10-28,2473,578,Nora Marsh,Champion,Social,5,Socks 3-Pack,Apparel,1,65.81,0,65.81,0
2025-10-28,2474,601,Owen Carter,Loyal,Social,37,Plush Bear,Toys,1,15.95,0,15.95,0
2025-10-28,2474,601,Owen Carter,Loyal,Social,38,Board Game,Toys,1,37.99,0,37.99,0
2025-10-28,2474,601,Owen Carter,Loyal,Social,21,Storage Bin,Home,3,28.6,5,81.51,0
2025-10-28,2475,649,Harper Nguyen,Champion,Referral,12,Bluetooth Speaker,Electronics,1,98.02,5,93.12,0
2025-10-28,2475,649,Harper Nguyen,Champion,Referral,14,Power Bank,Electronics,3,64.37,0,193.11,0
2025-10-28,2475,649,Harper Nguyen,Champion,Referral,18,LED Lamp,Home,1,50.85,10,45.77,0
2025-10-28,2475,649,Harper Nguyen,Champion,Referral,14,Power Bank,Electronics,1,64.37,10,57.93,0
2025-10-28,2476,667,Maya Petrov,Champion,Paid Search,23,Vitamin C Serum,Beauty,1,32.33,5,30.71,0
2025-10-28,2476,667,Maya Petrov,Champion,Paid Search,16,Throw Pillow,Home,2,19.11,0,38.22,0
2025-10-28,2476,667,Maya Petrov,Champion,Paid Search,3,Denim Jacket,Apparel,1,65.95,0,65.95,0
2025-10-28,2477,729,Casey Ahmed,Regular,Social,33,Jump Rope,Sports,1,33.41,0,33.41,0
2025-10-28,2477,729,Casey Ahmed,Regular,Social,23,Vitamin C Serum,Beauty,1,32.33,0,32.33,0
2025-10-28,2477,729,Casey Ahmed,Regular,Social,1,Crew Tee,Apparel,1,53.87,0,53.87,0
2025-10-28,2478,743,Riley Ahmed,Regular,Organic,13,Webcam,Electronics,1,64,10,57.6,0
2025-10-28,2478,743,Riley Ahmed,Regular,Organic,7,Rain Shell,Apparel,1,23.29,25,17.47,0
2025-10-28,2479,753,Tessa Mendez,Regular,Social,40,Art Kit,Toys,1,53.64,25,40.23,0
2025-10-28,2479,753,Tessa Mendez,Regular,Social,39,RC Car,Toys,1,33.63,15,28.59,0
2025-10-28,2479,753,Tessa Mendez,Regular,Social,38,Board Game,Toys,1,37.99,15,32.29,1
2025-10-28,2480,781,Jordan Hassan,New,Direct,9,Wireless Earbuds,Electronics,1,94.29,0,94.29,0
2025-10-28,2480,781,Jordan Hassan,New,Direct,8,Chino Pants,Apparel,1,64.72,0,64.72,0
2025-10-28,2480,781,Jordan Hassan,New,Direct,5,Socks 3-Pack,Apparel,1,65.81,0,65.81,0
2025-10-28,2481,838,Jamie Okafor,New,Direct,23,Vitamin C Serum,Beauty,1,32.33,0,32.33,0
2025-10-28,2482,910,Quinn Bauer,Regular,Organic,30,Water Bottle,Sports,1,46.55,0,46.55,0
2025-10-28,2483,960,Wren Mendez,Champion,Social,29,Yoga Mat,Sports,1,24.63,0,24.63,0
2025-10-28,2483,960,Wren Mendez,Champion,Social,26,Shampoo Bar,Beauty,2,33.06,0,66.12,0
2025-10-28,2484,990,Hugo Reid,New,Referral,29,Yoga Mat,Sports,1,24.63,0,24.63,0
2025-10-29,2485,36,Iris Park,Champion,Organic,27,Hand Cream,Beauty,3,18.43,0,55.29,0
2025-10-29,2486,50,Drew Brooks,Champion,Email,34,Running Belt,Sports,3,29.4,10,79.38,0
2025-10-29,2486,50,Drew Brooks,Champion,Email,15,Smart Plug,Electronics,1,110.18,0,110.18,0
2025-10-29,2486,50,Drew Brooks,Champion,Email,40,Art Kit,Toys,2,53.64,10,96.55,0
2025-10-29,2487,63,Cole Bauer,Champion,Organic,29,Yoga Mat,Sports,1,24.63,10,22.17,0
2025-10-29,2487,63,Cole Bauer,Champion,Organic,8,Chino Pants,Apparel,2,64.72,10,116.5,0
2025-10-29,2488,90,Avery Novak,Champion,Paid Search,31,Resistance Bands,Sports,2,65.69,0,131.38,0
2025-10-29,2488,90,Avery Novak,Champion,Paid Search,14,Power Bank,Electronics,1,64.37,5,61.15,0
2025-10-29,2489,92,Iris Ibarra,Champion,Email,34,Running Belt,Sports,1,29.4,10,26.46,0
2025-10-29,2490,133,Tessa Petrov,Regular,Social,18,LED Lamp,Home,1,50.85,10,45.77,0
2025-10-29,2490,133,Tessa Petrov,Regular,Social,13,Webcam,Electronics,1,64,10,57.6,0
2025-10-29,2491,238,Avery Reyes,Champion,Referral,12,Bluetooth Speaker,Electronics,2,98.02,0,196.04,1
2025-10-29,2492,242,Sasha Hassan,Loyal,Paid Search,7,Rain Shell,Apparel,3,23.29,20,55.9,0
2025-10-29,2492,242,Sasha Hassan,Loyal,Paid Search,36,Puzzle 500pc,Toys,1,44.86,25,33.64,0
2025-10-29,2492,242,Sasha Hassan,Loyal,Paid Search,19,Cutting Board,Home,2,53.71,20,85.94,0
2025-10-29,2493,270,Casey Ahmed,Loyal,Direct,5,Socks 3-Pack,Apparel,1,65.81,10,59.23,0
2025-10-29,2493,270,Casey Ahmed,Loyal,Direct,35,Building Blocks,Toys,1,32.84,10,29.56,0
2025-10-29,2493,270,Casey Ahmed,Loyal,Direct,37,Plush Bear,Toys,1,15.95,5,15.15,0
2025-10-29,2494,427,Hugo Novak,Regular,Direct,9,Wireless Earbuds,Electronics,2,94.29,0,188.58,0
2025-10-29,2495,429,Jamie Okafor,Champion,Email,6,Beanie,Apparel,3,30.7,10,82.89,0
2025-10-29,2496,436,Ivy Flynn,Champion,Organic,40,Art Kit,Toys,2,53.64,20,85.82,0
2025-10-29,2497,446,Priya Osei,Loyal,Referral,5,Socks 3-Pack,Apparel,2,65.81,0,131.62,0
2025-10-29,2497,446,Priya Osei,Loyal,Referral,8,Chino Pants,Apparel,1,64.72,0,64.72,0
2025-10-29,2497,446,Priya Osei,Loyal,Referral,16,Throw Pillow,Home,1,19.11,0,19.11,0
2025-10-29,2497,446,Priya Osei,Loyal,Referral,29,Yoga Mat,Sports,1,24.63,0,24.63,0
2025-10-29,2498,449,Leo Fischer,Regular,Social,38,Board Game,Toys,1,37.99,0,37.99,1
2025-10-29,2498,449,Leo Fischer,Regular,Social,1,Crew Tee,Apparel,3,53.87,0,161.61,0
2025-10-29,2499,490,Jamie Romano,Loyal,Organic,12,Bluetooth Speaker,Electronics,1,98.02,5,93.12,0
2025-10-29,2500,522,Harper Romano,Champion,Referral,37,Plush Bear,Toys,1,15.95,5,15.15,0
2025-10-29,2500,522,Harper Romano,Champion,Referral,2,Hoodie,Apparel,2,19.91,10,35.84,0
2025-10-29,2500,522,Harper Romano,Champion,Referral,10,USB-C Cable,Electronics,3,117.18,0,351.54,0
2025-10-29,2500,522,Harper Romano,Champion,Referral,7,Rain Shell,Apparel,3,23.29,0,69.87,0
2025-10-29,2501,531,Wren Carter,Loyal,Direct,31,Resistance Bands,Sports,1,65.69,0,65.69,1
2025-10-29,2501,531,Wren Carter,Loyal,Direct,10,USB-C Cable,Electronics,1,117.18,10,105.46,0
2025-10-29,2501,531,Wren Carter,Loyal,Direct,28,SPF 50 Lotion,Beauty,2,34.44,0,68.88,0
2025-10-29,2502,552,Noel Osei,At-Risk,Paid Search,29,Yoga Mat,Sports,1,24.63,0,24.63,0
2025-10-29,2502,552,Noel Osei,At-Risk,Paid Search,25,Sheet Mask,Beauty,1,8.59,0,8.59,0
2025-10-29,2503,554,Noel Cohen,Champion,Paid Search,11,Phone Case,Electronics,1,22.01,10,19.81,0
2025-10-29,2503,554,Noel Cohen,Champion,Paid Search,25,Sheet Mask,Beauty,1,8.59,0,8.59,0
2025-10-29,2504,577,Drew Romano,New,Referral,16,Throw Pillow,Home,1,19.11,0,19.11,0
2025-10-29,2504,577,Drew Romano,New,Referral,30,Water Bottle,Sports,1,46.55,0,46.55,0
2025-10-29,2505,599,Ezra Carter,Regular,Social,8,Chino Pants,Apparel,1,64.72,0,64.72,0
2025-10-29,2506,636,Casey Petrov,Loyal,Organic,39,RC Car,Toys,1,33.63,20,26.9,0
2025-10-29,2507,661,Mateo Ahmed,Regular,Direct,40,Art Kit,Toys,3,53.64,0,160.92,0
2025-10-29,2508,696,Riley Tan,Champion,Referral,8,Chino Pants,Apparel,2,64.72,0,129.44,0
2025-10-29,2509,710,Nora Khan,Champion,Email,24,Lip Balm,Beauty,1,36.1,5,34.3,1
2025-10-29,2510,775,Nora Patel,Champion,Paid Search,28,SPF 50 Lotion,Beauty,1,34.44,0,34.44,1
2025-10-29,2510,775,Nora Patel,Champion,Paid Search,23,Vitamin C Serum,Beauty,1,32.33,10,29.1,0
2025-10-29,2511,835,Mateo Ibarra,At-Risk,Paid Search,8,Chino Pants,Apparel,1,64.72,0,64.72,0
2025-10-29,2511,835,Mateo Ibarra,At-Risk,Paid Search,14,Power Bank,Electronics,1,64.37,0,64.37,0
2025-10-29,2512,906,Reese Carter,Loyal,Social,37,Plush Bear,Toys,1,15.95,5,15.15,0
2025-10-29,2512,906,Reese Carter,Loyal,Social,40,Art Kit,Toys,2,53.64,5,101.92,0
2025-10-29,2512,906,Reese Carter,Loyal,Social,30,Water Bottle,Sports,1,46.55,0,46.55,0
2025-10-30,2513,28,Owen Sullivan,Loyal,Organic,27,Hand Cream,Beauty,3,18.43,5,52.53,0
2025-10-30,2513,28,Owen Sullivan,Loyal,Organic,7,Rain Shell,Apparel,3,23.29,5,66.38,0
2025-10-30,2513,28,Owen Sullivan,Loyal,Organic,40,Art Kit,Toys,1,53.64,5,50.96,1
2025-10-30,2513,28,Owen Sullivan,Loyal,Organic,21,Storage Bin,Home,1,28.6,0,28.6,0
2025-10-30,2514,62,Noel Novak,Loyal,Organic,13,Webcam,Electronics,1,64,10,57.6,0
2025-10-30,2514,62,Noel Novak,Loyal,Organic,15,Smart Plug,Electronics,1,110.18,0,110.18,0
2025-10-30,2515,84,Hugo Kowalski,Loyal,Direct,26,Shampoo Bar,Beauty,1,33.06,25,24.8,0
2025-10-30,2516,114,Avery Marsh,Loyal,Social,35,Building Blocks,Toys,1,32.84,0,32.84,0
2025-10-30,2516,114,Avery Marsh,Loyal,Social,30,Water Bottle,Sports,1,46.55,0,46.55,0
2025-10-30,2517,126,Devon Costa,New,Paid Search,23,Vitamin C Serum,Beauty,2,32.33,0,64.66,0
2025-10-30,2518,154,Drew Novak,Champion,Paid Search,36,Puzzle 500pc,Toys,1,44.86,5,42.62,0
2025-10-30,2518,154,Drew Novak,Champion,Paid Search,2,Hoodie,Apparel,1,19.91,5,18.91,1
2025-10-30,2518,154,Drew Novak,Champion,Paid Search,13,Webcam,Electronics,2,64,10,115.2,0
2025-10-30,2519,231,Priya Kowalski,Loyal,Organic,37,Plush Bear,Toys,1,15.95,0,15.95,0
2025-10-30,2519,231,Priya Kowalski,Loyal,Organic,1,Crew Tee,Apparel,3,53.87,0,161.61,0
2025-10-30,2519,231,Priya Kowalski,Loyal,Organic,28,SPF 50 Lotion,Beauty,1,34.44,0,34.44,0
2025-10-30,2520,235,Casey Okafor,Regular,Social,5,Socks 3-Pack,Apparel,1,65.81,0,65.81,0
2025-10-30,2520,235,Casey Okafor,Regular,Social,32,Foam Roller,Sports,2,65.98,0,131.96,0
2025-10-30,2520,235,Casey Okafor,Regular,Social,22,Scented Candle,Home,1,18.98,0,18.98,0
2025-10-30,2521,271,Nora Bauer,Loyal,Email,35,Building Blocks,Toys,1,32.84,15,27.91,0
2025-10-30,2522,307,Casey Ahmed,Champion,Organic,38,Board Game,Toys,1,37.99,20,30.39,0
2025-10-30,2523,323,Iris Sullivan,Regular,Paid Search,2,Hoodie,Apparel,1,19.91,0,19.91,0
2025-10-30,2523,323,Iris Sullivan,Regular,Paid Search,29,Yoga Mat,Sports,1,24.63,0,24.63,0
2025-10-30,2524,324,Morgan Carter,New,Referral,33,Jump Rope,Sports,2,33.41,0,66.82,0
2025-10-30,2524,324,Morgan Carter,New,Referral,31,Resistance Bands,Sports,2,65.69,0,131.38,0
2025-10-30,2525,355,Tessa Park,Loyal,Direct,32,Foam Roller,Sports,1,65.98,10,59.38,0
2025-10-30,2526,358,Casey Carter,Champion,Organic,30,Water Bottle,Sports,1,46.55,5,44.22,0
2025-10-30,2527,405,Tessa Kowalski,Loyal,Organic,30,Water Bottle,Sports,1,46.55,5,44.22,0
2025-10-30,2528,469,Drew Costa,Regular,Direct,17,Ceramic Mug,Home,1,54.95,0,54.95,0
2025-10-30,2529,550,Cole Ibarra,Champion,Organic,26,Shampoo Bar,Beauty,1,33.06,20,26.45,0
2025-10-30,2530,574,Ezra Sullivan,Loyal,Email,12,Bluetooth Speaker,Electronics,1,98.02,10,88.22,0
2025-10-30,2531,598,Nora Petrov,New,Email,18,LED Lamp,Home,1,50.85,0,50.85,0
2025-10-30,2532,612,Reese Kowalski,At-Risk,Social,8,Chino Pants,Apparel,1,64.72,0,64.72,0
2025-10-30,2532,612,Reese Kowalski,At-Risk,Social,31,Resistance Bands,Sports,3,65.69,0,197.07,0
2025-10-30,2532,612,Reese Kowalski,At-Risk,Social,29,Yoga Mat,Sports,2,24.63,0,49.26,0
2025-10-30,2533,640,Avery Romano,Champion,Organic,23,Vitamin C Serum,Beauty,1,32.33,20,25.86,0
2025-10-30,2534,663,Noel Okafor,New,Direct,4,Joggers,Apparel,1,42.18,25,31.64,0
2025-10-30,2534,663,Noel Okafor,New,Direct,20,Towel Set,Home,1,19.75,25,14.81,0
2025-10-30,2535,678,Mateo Cohen,Champion,Social,17,Ceramic Mug,Home,1,54.95,0,54.95,0
2025-10-30,2536,679,Owen Park,Loyal,Paid Search,22,Scented Candle,Home,2,18.98,0,37.96,0
2025-10-30,2537,687,Kai Reid,Loyal,Referral,34,Running Belt,Sports,3,29.4,20,70.56,0
2025-10-30,2538,705,Jamie Park,Champion,Paid Search,26,Shampoo Bar,Beauty,1,33.06,0,33.06,0
2025-10-30,2539,748,Maya Reid,Loyal,Email,15,Smart Plug,Electronics,2,110.18,25,165.27,0
2025-10-30,2540,945,Jamie Novak,Champion,Email,3,Denim Jacket,Apparel,3,65.95,0,197.85,0
2025-10-30,2540,945,Jamie Novak,Champion,Email,22,Scented Candle,Home,1,18.98,0,18.98,0
2025-10-30,2541,960,Wren Mendez,Champion,Social,16,Throw Pillow,Home,1,19.11,0,19.11,0
2025-10-31,2542,49,Nora Romano,Loyal,Direct,23,Vitamin C Serum,Beauty,1,32.33,10,29.1,0
2025-10-31,2542,49,Nora Romano,Loyal,Direct,28,SPF 50 Lotion,Beauty,1,34.44,20,27.55,0
2025-10-31,2542,49,Nora Romano,Loyal,Direct,4,Joggers,Apparel,1,42.18,10,37.96,0
2025-10-31,2543,62,Noel Novak,Loyal,Organic,10,USB-C Cable,Electronics,1,117.18,0,117.18,0
2025-10-31,2544,90,Avery Novak,Champion,Paid Search,4,Joggers,Apparel,1,42.18,0,42.18,0
2025-10-31,2544,90,Avery Novak,Champion,Paid Search,20,Towel Set,Home,1,19.75,0,19.75,0
2025-10-31,2545,140,Cole Marsh,Loyal,Email,30,Water Bottle,Sports,1,46.55,10,41.9,1
2025-10-31,2545,140,Cole Marsh,Loyal,Email,2,Hoodie,Apparel,2,19.91,10,35.84,1
2025-10-31,2546,155,Hugo Marsh,Loyal,Email,2,Hoodie,Apparel,1,19.91,10,17.92,0
2025-10-31,2547,184,Kai Ahmed,Champion,Organic,23,Vitamin C Serum,Beauty,2,32.33,10,58.19,0
2025-10-31,2547,184,Kai Ahmed,Champion,Organic,33,Jump Rope,Sports,1,33.41,10,30.07,0
2025-10-31,2548,293,Tessa Novak,Loyal,Direct,9,Wireless Earbuds,Electronics,1,94.29,10,84.86,0
2025-10-31,2548,293,Tessa Novak,Loyal,Direct,33,Jump Rope,Sports,1,33.41,0,33.41,0
2025-10-31,2549,295,Priya Diaz,Champion,Paid Search,40,Art Kit,Toys,1,53.64,10,48.28,0
2025-10-31,2550,355,Tessa Park,Loyal,Direct,18,LED Lamp,Home,1,50.85,10,45.77,0
2025-10-31,2551,377,Nora Diaz,New,Social,12,Bluetooth Speaker,Electronics,1,98.02,20,78.42,0
2025-10-31,2551,377,Nora Diaz,New,Social,7,Rain Shell,Apparel,1,23.29,15,19.8,0
2025-10-31,2552,532,Sasha Yamada,Regular,Direct,40,Art Kit,Toys,1,53.64,0,53.64,0
2025-10-31,2552,532,Sasha Yamada,Regular,Direct,26,Shampoo Bar,Beauty,2,33.06,0,66.12,0
2025-10-31,2553,557,Drew Costa,New,Direct,7,Rain Shell,Apparel,3,23.29,0,69.87,0
2025-10-31,2553,557,Drew Costa,New,Direct,40,Art Kit,Toys,1,53.64,0,53.64,0
2025-10-31,2553,557,Drew Costa,New,Direct,24,Lip Balm,Beauty,1,36.1,0,36.1,0
2025-10-31,2554,563,Taylor Reid,New,Paid Search,24,Lip Balm,Beauty,3,36.1,20,86.64,0
2025-10-31,2555,640,Avery Romano,Champion,Organic,11,Phone Case,Electronics,2,22.01,15,37.42,0
2025-10-31,2555,640,Avery Romano,Champion,Organic,17,Ceramic Mug,Home,1,54.95,15,46.71,0
2025-10-31,2556,720,Rowan Romano,New,Referral,22,Scented Candle,Home,1,18.98,15,16.13,0
2025-10-31,2557,761,Taylor Nguyen,Regular,Email,33,Jump Rope,Sports,1,33.41,20,26.73,0
2025-10-31,2557,761,Taylor Nguyen,Regular,Email,2,Hoodie,Apparel,1,19.91,25,14.93,0
2025-10-31,2557,761,Taylor Nguyen,Regular,Email,7,Rain Shell,Apparel,1,23.29,15,19.8,0
2025-10-31,2558,805,Cole Costa,Champion,Direct,1,Crew Tee,Apparel,2,53.87,20,86.19,0
2025-10-31,2559,931,Cole Reid,Champion,Organic,9,Wireless Earbuds,Electronics,2,94.29,0,188.58,0
2025-10-31,2559,931,Cole Reid,Champion,Organic,6,Beanie,Apparel,1,30.7,10,27.63,0
2025-10-31,2559,931,Cole Reid,Champion,Organic,31,Resistance Bands,Sports,1,65.69,10,59.12,0
2025-10-31,2559,931,Cole Reid,Champion,Organic,4,Joggers,Apparel,1,42.18,5,40.07,0
2025-10-31,2560,945,Jamie Novak,Champion,Email,13,Webcam,Electronics,3,64,25,144,0
2025-10-31,2561,959,Ivy Larsen,Regular,Email,20,Towel Set,Home,1,19.75,0,19.75,0
2025-10-31,2561,959,Ivy Larsen,Regular,Email,9,Wireless Earbuds,Electronics,3,94.29,0,282.87,0
2025-10-31,2561,959,Ivy Larsen,Regular,Email,3,Denim Jacket,Apparel,1,65.95,0,65.95,0
2025-10-31,2561,959,Ivy Larsen,Regular,Email,32,Foam Roller,Sports,1,65.98,0,65.98,1
2025-11-01,2562,15,Ezra Bauer,Loyal,Direct,40,Art Kit,Toys,1,53.64,5,50.96,0
2025-11-01,2563,16,Quinn Diaz,Regular,Organic,8,Chino Pants,Apparel,1,64.72,0,64.72,0
2025-11-01,2563,16,Quinn Diaz,Regular,Organic,9,Wireless Earbuds,Electronics,1,94.29,0,94.29,0
2025-11-01,2564,62,Noel Novak,Loyal,Organic,8,Chino Pants,Apparel,1,64.72,0,64.72,0
2025-11-01,2565,90,Avery Novak,Champion,Paid Search,19,Cutting Board,Home,1,53.71,5,51.02,0
2025-11-01,2566,102,Priya Kowalski,Loyal,Referral,32,Foam Roller,Sports,3,65.98,10,178.15,0
2025-11-01,2567,107,Avery Mendez,Loyal,Organic,34,Running Belt,Sports,1,29.4,5,27.93,1
2025-11-01,2568,140,Cole Marsh,Loyal,Email,18,LED Lamp,Home,1,50.85,10,45.77,0
2025-11-01,2569,155,Hugo Marsh,Loyal,Email,17,Ceramic Mug,Home,1,54.95,5,52.2,0
2025-11-01,2569,155,Hugo Marsh,Loyal,Email,19,Cutting Board,Home,1,53.71,0,53.71,0
2025-11-01,2570,156,Hugo Flynn,Champion,Email,26,Shampoo Bar,Beauty,1,33.06,5,31.41,0
2025-11-01,2570,156,Hugo Flynn,Champion,Email,18,LED Lamp,Home,2,50.85,0,101.7,0
2025-11-01,2571,219,Quinn Marsh,Loyal,Referral,9,Wireless Earbuds,Electronics,1,94.29,0,94.29,0
2025-11-01,2572,222,Ivy Romano,Champion,Social,23,Vitamin C Serum,Beauty,2,32.33,5,61.43,0
2025-11-01,2573,247,Maya Flynn,Regular,Social,8,Chino Pants,Apparel,1,64.72,0,64.72,0
2025-11-01,2573,247,Maya Flynn,Regular,Social,39,RC Car,Toys,1,33.63,0,33.63,0
2025-11-01,2573,247,Maya Flynn,Regular,Social,32,Foam Roller,Sports,1,65.98,0,65.98,0
2025-11-01,2574,258,Taylor Ahmed,Loyal,Paid Search,26,Shampoo Bar,Beauty,1,33.06,10,29.75,0
2025-11-01,2574,258,Taylor Ahmed,Loyal,Paid Search,22,Scented Candle,Home,1,18.98,5,18.03,0
2025-11-01,2575,270,Casey Ahmed,Loyal,Direct,31,Resistance Bands,Sports,1,65.69,10,59.12,0
2025-11-01,2576,276,Riley Costa,Loyal,Referral,33,Jump Rope,Sports,1,33.41,0,33.41,0
2025-11-01,2577,295,Priya Diaz,Champion,Paid Search,5,Socks 3-Pack,Apparel,1,65.81,0,65.81,0
2025-11-01,2577,295,Priya Diaz,Champion,Paid Search,16,Throw Pillow,Home,2,19.11,10,34.4,0
2025-11-01,2577,295,Priya Diaz,Champion,Paid Search,5,Socks 3-Pack,Apparel,1,65.81,0,65.81,0
2025-11-01,2577,295,Priya Diaz,Champion,Paid Search,6,Beanie,Apparel,3,30.7,10,82.89,0
2025-11-01,2578,351,Harper Costa,Loyal,Email,25,Sheet Mask,Beauty,1,8.59,0,8.59,0
2025-11-01,2579,359,Nora Reid,New,Organic,27,Hand Cream,Beauty,1,18.43,0,18.43,1
2025-11-01,2580,361,Cole Flynn,Loyal,Email,23,Vitamin C Serum,Beauty,2,32.33,20,51.73,0
2025-11-01,2580,361,Cole Flynn,Loyal,Email,25,Sheet Mask,Beauty,1,8.59,10,7.73,0
2025-11-01,2580,361,Cole Flynn,Loyal,Email,20,Towel Set,Home,1,19.75,10,17.78,0
2025-11-01,2581,404,Taylor Reyes,Regular,Direct,22,Scented Candle,Home,1,18.98,25,14.24,0
2025-11-01,2581,404,Taylor Reyes,Regular,Direct,34,Running Belt,Sports,2,29.4,15,49.98,0
2025-11-01,2581,404,Taylor Reyes,Regular,Direct,20,Towel Set,Home,1,19.75,20,15.8,0
2025-11-01,2582,423,Ivy Petrov,New,Social,27,Hand Cream,Beauty,3,18.43,0,55.29,0
2025-11-01,2582,423,Ivy Petrov,New,Social,25,Sheet Mask,Beauty,1,8.59,0,8.59,0
2025-11-01,2582,423,Ivy Petrov,New,Social,14,Power Bank,Electronics,1,64.37,0,64.37,0
2025-11-01,2583,428,Quinn Diaz,Champion,Paid Search,36,Puzzle 500pc,Toys,1,44.86,0,44.86,0
2025-11-01,2583,428,Quinn Diaz,Champion,Paid Search,22,Scented Candle,Home,2,18.98,5,36.06,0
2025-11-01,2583,428,Quinn Diaz,Champion,Paid Search,40,Art Kit,Toys,2,53.64,10,96.55,0
2025-11-01,2583,428,Quinn Diaz,Champion,Paid Search,33,Jump Rope,Sports,2,33.41,0,66.82,0
2025-11-01,2584,436,Ivy Flynn,Champion,Organic,33,Jump Rope,Sports,1,33.41,15,28.4,0
2025-11-01,2585,442,Drew Flynn,Loyal,Organic,33,Jump Rope,Sports,2,33.41,15,56.8,0
2025-11-01,2586,445,Tessa Okafor,Regular,Referral,5,Socks 3-Pack,Apparel,1,65.81,0,65.81,0
2025-11-01,2587,472,Noel Ibarra,Loyal,Direct,15,Smart Plug,Electronics,1,110.18,10,99.16,0
2025-11-01,2588,476,Mateo Brooks,New,Social,15,Smart Plug,Electronics,2,110.18,0,220.36,0
2025-11-01,2589,479,Leo Ibarra,Loyal,Referral,29,Yoga Mat,Sports,3,24.63,10,66.5,0
2025-11-01,2590,492,Drew Petrov,Champion,Social,36,Puzzle 500pc,Toys,1,44.86,0,44.86,1
2025-11-01,2590,492,Drew Petrov,Champion,Social,34,Running Belt,Sports,1,29.4,0,29.4,0
2025-11-01,2591,576,Noel Petrov,Loyal,Paid Search,10,USB-C Cable,Electronics,1,117.18,0,117.18,1
2025-11-01,2591,576,Noel Petrov,Loyal,Paid Search,6,Beanie,Apparel,1,30.7,0,30.7,0
2025-11-01,2592,597,Morgan Fischer,Loyal,Social,19,Cutting Board,Home,1,53.71,15,45.65,0
2025-11-01,2592,597,Morgan Fischer,Loyal,Social,6,Beanie,Apparel,1,30.7,10,27.63,0
2025-11-01,2593,640,Avery Romano,Champion,Organic,17,Ceramic Mug,Home,1,54.95,10,49.46,0
2025-11-01,2593,640,Avery Romano,Champion,Organic,5,Socks 3-Pack,Apparel,1,65.81,20,52.65,0
2025-11-01,2593,640,Avery Romano,Champion,Organic,17,Ceramic Mug,Home,1,54.95,25,41.21,0
2025-11-01,2593,640,Avery Romano,Champion,Organic,18,LED Lamp,Home,1,50.85,25,38.14,0
2025-11-01,2594,644,Avery Osei,Loyal,Paid Search,15,Smart Plug,Electronics,3,110.18,10,297.49,0
2025-11-01,2594,644,Avery Osei,Loyal,Paid Search,39,RC Car,Toys,3,33.63,10,90.8,0
2025-11-01,2594,644,Avery Osei,Loyal,Paid Search,37,Plush Bear,Toys,1,15.95,20,12.76,0
2025-11-01,2594,644,Avery Osei,Loyal,Paid Search,12,Bluetooth Speaker,Electronics,2,98.02,25,147.03,0
2025-11-01,2595,662,Morgan Brooks,Regular,Organic,4,Joggers,Apparel,1,42.18,0,42.18,0
2025-11-01,2596,667,Maya Petrov,Champion,Paid Search,28,SPF 50 Lotion,Beauty,1,34.44,10,31,1
2025-11-01,2596,667,Maya Petrov,Champion,Paid Search,2,Hoodie,Apparel,1,19.91,0,19.91,0
2025-11-01,2596,667,Maya Petrov,Champion,Paid Search,21,Storage Bin,Home,1,28.6,0,28.6,0
2025-11-01,2597,695,Noel Larsen,At-Risk,Organic,34,Running Belt,Sports,1,29.4,0,29.4,0
2025-11-01,2598,696,Riley Tan,Champion,Referral,32,Foam Roller,Sports,1,65.98,0,65.98,0
2025-11-01,2599,700,Owen Cohen,Champion,Social,28,SPF 50 Lotion,Beauty,2,34.44,15,58.55,0
2025-11-01,2599,700,Owen Cohen,Champion,Social,4,Joggers,Apparel,1,42.18,10,37.96,0
2025-11-01,2599,700,Owen Cohen,Champion,Social,7,Rain Shell,Apparel,1,23.29,20,18.63,0
2025-11-01,2600,795,Jamie Reyes,Loyal,Email,26,Shampoo Bar,Beauty,1,33.06,0,33.06,0
2025-11-01,2601,816,Hugo Sullivan,Loyal,Organic,25,Sheet Mask,Beauty,2,8.59,5,16.32,0
2025-11-01,2601,816,Hugo Sullivan,Loyal,Organic,9,Wireless Earbuds,Electronics,1,94.29,10,84.86,0
2025-11-01,2602,840,Leo Bauer,Regular,Email,39,RC Car,Toys,2,33.63,0,67.26,0
2025-11-01,2602,840,Leo Bauer,Regular,Email,40,Art Kit,Toys,2,53.64,0,107.28,0
2025-11-01,2602,840,Leo Bauer,Regular,Email,29,Yoga Mat,Sports,1,24.63,0,24.63,0
2025-11-01,2602,840,Leo Bauer,Regular,Email,36,Puzzle 500pc,Toys,1,44.86,0,44.86,0
2025-11-01,2603,852,Sasha Ahmed,Champion,Referral,8,Chino Pants,Apparel,1,64.72,20,51.78,0
2025-11-01,2604,906,Reese Carter,Loyal,Social,5,Socks 3-Pack,Apparel,1,65.81,0,65.81,0
2025-11-01,2605,915,Riley Park,Champion,Referral,11,Phone Case,Electronics,1,22.01,0,22.01,0
2025-11-01,2605,915,Riley Park,Champion,Referral,39,RC Car,Toys,1,33.63,0,33.63,0
2025-11-01,2606,958,Morgan Khan,At-Risk,Social,24,Lip Balm,Beauty,1,36.1,0,36.1,0
2025-11-01,2607,971,Nora Reid,Regular,Email,39,RC Car,Toys,1,33.63,0,33.63,0
2025-11-01,2607,971,Nora Reid,Regular,Email,37,Plush Bear,Toys,1,15.95,0,15.95,0
2025-11-01,2607,971,Nora Reid,Regular,Email,10,USB-C Cable,Electronics,1,117.18,0,117.18,0
2025-11-01,2607,971,Nora Reid,Regular,Email,19,Cutting Board,Home,1,53.71,0,53.71,0
2025-11-02,2608,6,Tessa Walsh,Loyal,Organic,21,Storage Bin,Home,2,28.6,0,57.2,0
2025-11-02,2608,6,Tessa Walsh,Loyal,Organic,39,RC Car,Toys,1,33.63,0,33.63,0
2025-11-02,2608,6,Tessa Walsh,Loyal,Organic,29,Yoga Mat,Sports,1,24.63,10,22.17,0
2025-11-02,2608,6,Tessa Walsh,Loyal,Organic,18,LED Lamp,Home,1,50.85,10,45.77,0
2025-11-02,2609,7,Wren Larsen,Loyal,Referral,24,Lip Balm,Beauty,1,36.1,0,36.1,0
2025-11-02,2609,7,Wren Larsen,Loyal,Referral,40,Art Kit,Toys,1,53.64,10,48.28,0
2025-11-02,2610,15,Ezra Bauer,Loyal,Direct,12,Bluetooth Speaker,Electronics,1,98.02,0,98.02,0
2025-11-02,2610,15,Ezra Bauer,Loyal,Direct,6,Beanie,Apparel,1,30.7,10,27.63,0
2025-11-02,2611,17,Casey Khan,Loyal,Referral,37,Plush Bear,Toys,2,15.95,15,27.12,0
2025-11-02,2612,25,Morgan Petrov,Champion,Paid Search,20,Towel Set,Home,1,19.75,15,16.79,0
2025-11-02,2612,25,Morgan Petrov,Champion,Paid Search,1,Crew Tee,Apparel,1,53.87,20,43.1,0
2025-11-02,2612,25,Morgan Petrov,Champion,Paid Search,6,Beanie,Apparel,2,30.7,20,49.12,0
2025-11-02,2613,29,Nora Sullivan,New,Social,20,Towel Set,Home,1,19.75,25,14.81,0
2025-11-02,2613,29,Nora Sullivan,New,Social,31,Resistance Bands,Sports,2,65.69,20,105.1,0
2025-11-02,2613,29,Nora Sullivan,New,Social,21,Storage Bin,Home,2,28.6,25,42.9,0
2025-11-02,2614,31,Harper Ibarra,Regular,Email,6,Beanie,Apparel,3,30.7,0,92.1,0
2025-11-02,2615,48,Priya Yamada,Champion,Paid Search,5,Socks 3-Pack,Apparel,1,65.81,5,62.52,0
2025-11-02,2615,48,Priya Yamada,Champion,Paid Search,20,Towel Set,Home,1,19.75,0,19.75,1
2025-11-02,2616,50,Drew Brooks,Champion,Email,8,Chino Pants,Apparel,2,64.72,0,129.44,0
2025-11-02,2616,50,Drew Brooks,Champion,Email,1,Crew Tee,Apparel,1,53.87,0,53.87,0
2025-11-02,2617,61,Hugo Cohen,Regular,Email,25,Sheet Mask,Beauty,1,8.59,0,8.59,0
2025-11-02,2618,63,Cole Bauer,Champion,Organic,30,Water Bottle,Sports,1,46.55,5,44.22,0
2025-11-02,2619,116,Wren Mendez,Champion,Email,7,Rain Shell,Apparel,1,23.29,5,22.13,0
2025-11-02,2619,116,Wren Mendez,Champion,Email,26,Shampoo Bar,Beauty,2,33.06,0,66.12,0
2025-11-02,2619,116,Wren Mendez,Champion,Email,27,Hand Cream,Beauty,1,18.43,10,16.59,0
2025-11-02,2619,116,Wren Mendez,Champion,Email,8,Chino Pants,Apparel,1,64.72,0,64.72,0
2025-11-02,2620,120,Riley Hassan,Regular,Email,10,USB-C Cable,Electronics,1,117.18,0,117.18,0
2025-11-02,2621,122,Priya Reid,At-Risk,Social,3,Denim Jacket,Apparel,1,65.95,25,49.46,0
2025-11-02,2622,140,Cole Marsh,Loyal,Email,5,Socks 3-Pack,Apparel,2,65.81,5,125.04,0
2025-11-02,2623,151,Harper Patel,Loyal,Social,32,Foam Roller,Sports,3,65.98,0,197.94,0
2025-11-02,2623,151,Harper Patel,Loyal,Social,38,Board Game,Toys,1,37.99,0,37.99,0
2025-11-02,2624,165,Reese Mendez,Regular,Paid Search,35,Building Blocks,Toys,2,32.84,0,65.68,0
2025-11-02,2625,186,Kai Novak,Loyal,Organic,10,USB-C Cable,Electronics,1,117.18,10,105.46,0
2025-11-02,2625,186,Kai Novak,Loyal,Organic,19,Cutting Board,Home,1,53.71,0,53.71,0
2025-11-02,2625,186,Kai Novak,Loyal,Organic,3,Denim Jacket,Apparel,1,65.95,5,62.65,0
2025-11-02,2625,186,Kai Novak,Loyal,Organic,4,Joggers,Apparel,3,42.18,10,113.89,0
2025-11-02,2626,205,Mateo Bauer,New,Referral,13,Webcam,Electronics,1,64,0,64,0
2025-11-02,2626,205,Mateo Bauer,New,Referral,26,Shampoo Bar,Beauty,1,33.06,0,33.06,0
2025-11-02,2626,205,Mateo Bauer,New,Referral,39,RC Car,Toys,1,33.63,0,33.63,0
2025-11-02,2627,218,Taylor Patel,Champion,Paid Search,29,Yoga Mat,Sports,1,24.63,10,22.17,0
2025-11-02,2628,239,Wren Yamada,At-Risk,Social,14,Power Bank,Electronics,1,64.37,0,64.37,0
2025-11-02,2628,239,Wren Yamada,At-Risk,Social,6,Beanie,Apparel,1,30.7,0,30.7,0
2025-11-02,2629,326,Maya Hassan,Loyal,Email,21,Storage Bin,Home,1,28.6,0,28.6,0
2025-11-02,2629,326,Maya Hassan,Loyal,Email,12,Bluetooth Speaker,Electronics,1,98.02,10,88.22,0
2025-11-02,2630,334,Tessa Park,Loyal,Organic,33,Jump Rope,Sports,1,33.41,5,31.74,0
2025-11-02,2631,357,Morgan Okafor,Loyal,Paid Search,27,Hand Cream,Beauty,1,18.43,0,18.43,0
2025-11-02,2631,357,Morgan Okafor,Loyal,Paid Search,1,Crew Tee,Apparel,1,53.87,10,48.48,0
2025-11-02,2631,357,Morgan Okafor,Loyal,Paid Search,29,Yoga Mat,Sports,3,24.63,0,73.89,0
2025-11-02,2631,357,Morgan Okafor,Loyal,Paid Search,39,RC Car,Toys,1,33.63,10,30.27,0
2025-11-02,2632,358,Casey Carter,Champion,Organic,30,Water Bottle,Sports,1,46.55,0,46.55,0
2025-11-02,2633,386,Rowan Mendez,Loyal,Referral,19,Cutting Board,Home,1,53.71,10,48.34,0
2025-11-02,2634,396,Drew Mendez,Regular,Direct,4,Joggers,Apparel,1,42.18,10,37.96,1
2025-11-02,2634,396,Drew Mendez,Regular,Direct,19,Cutting Board,Home,3,53.71,10,145.02,0
2025-11-02,2635,420,Nora Reid,Regular,Referral,24,Lip Balm,Beauty,1,36.1,0,36.1,0
2025-11-02,2635,420,Nora Reid,Regular,Referral,19,Cutting Board,Home,3,53.71,0,161.13,0
2025-11-02,2636,428,Quinn Diaz,Champion,Paid Search,20,Towel Set,Home,1,19.75,0,19.75,0
2025-11-02,2636,428,Quinn Diaz,Champion,Paid Search,37,Plush Bear,Toys,1,15.95,10,14.36,0
2025-11-02,2636,428,Quinn Diaz,Champion,Paid Search,40,Art Kit,Toys,2,53.64,10,96.55,0
2025-11-02,2636,428,Quinn Diaz,Champion,Paid Search,36,Puzzle 500pc,Toys,1,44.86,10,40.37,0
2025-11-02,2637,462,Leo Petrov,Champion,Referral,25,Sheet Mask,Beauty,1,8.59,10,7.73,0
2025-11-02,2637,462,Leo Petrov,Champion,Referral,33,Jump Rope,Sports,1,33.41,0,33.41,0
2025-11-02,2638,482,Jordan Mendez,Loyal,Email,15,Smart Plug,Electronics,1,110.18,15,93.65,0
2025-11-02,2639,503,Iris Khan,Loyal,Social,25,Sheet Mask,Beauty,1,8.59,5,8.16,0
2025-11-02,2639,503,Iris Khan,Loyal,Social,13,Webcam,Electronics,1,64,0,64,0
2025-11-02,2639,503,Iris Khan,Loyal,Social,15,Smart Plug,Electronics,1,110.18,5,104.67,0
2025-11-02,2640,523,Morgan Flynn,Loyal,Social,17,Ceramic Mug,Home,1,54.95,0,54.95,0
2025-11-02,2640,523,Morgan Flynn,Loyal,Social,6,Beanie,Apparel,1,30.7,0,30.7,0
2025-11-02,2641,593,Reese Osei,Regular,Social,22,Scented Candle,Home,3,18.98,0,56.94,0
2025-11-02,2642,597,Morgan Fischer,Loyal,Social,6,Beanie,Apparel,1,30.7,0,30.7,0
2025-11-02,2642,597,Morgan Fischer,Loyal,Social,11,Phone Case,Electronics,2,22.01,0,44.02,0
2025-11-02,2642,597,Morgan Fischer,Loyal,Social,34,Running Belt,Sports,1,29.4,5,27.93,0
2025-11-02,2643,668,Hugo Romano,Regular,Email,10,USB-C Cable,Electronics,1,117.18,0,117.18,0
2025-11-02,2643,668,Hugo Romano,Regular,Email,16,Throw Pillow,Home,1,19.11,0,19.11,0
2025-11-02,2644,672,Priya Petrov,Loyal,Organic,15,Smart Plug,Electronics,1,110.18,5,104.67,0
2025-11-02,2645,743,Riley Ahmed,Regular,Organic,9,Wireless Earbuds,Electronics,1,94.29,15,80.15,0
2025-11-02,2646,760,Kai Novak,Regular,Social,28,SPF 50 Lotion,Beauty,1,34.44,0,34.44,0
2025-11-02,2647,775,Nora Patel,Champion,Paid Search,8,Chino Pants,Apparel,2,64.72,10,116.5,0
2025-11-02,2647,775,Nora Patel,Champion,Paid Search,36,Puzzle 500pc,Toys,2,44.86,10,80.75,0
2025-11-02,2647,775,Nora Patel,Champion,Paid Search,26,Shampoo Bar,Beauty,1,33.06,0,33.06,0
2025-11-02,2648,813,Nora Hassan,Loyal,Referral,10,USB-C Cable,Electronics,2,117.18,10,210.92,0
2025-11-02,2649,854,Jamie Marsh,New,Referral,20,Towel Set,Home,1,19.75,15,16.79,0
2025-11-02,2650,878,Noel Marsh,Loyal,Direct,23,Vitamin C Serum,Beauty,1,32.33,15,27.48,1
2025-11-02,2651,987,Jordan Sullivan,Champion,Paid Search,23,Vitamin C Serum,Beauty,1,32.33,5,30.71,0
2025-11-02,2651,987,Jordan Sullivan,Champion,Paid Search,26,Shampoo Bar,Beauty,1,33.06,5,31.41,0
2025-11-03,2652,50,Drew Brooks,Champion,Email,18,LED Lamp,Home,1,50.85,0,50.85,0
2025-11-03,2652,50,Drew Brooks,Champion,Email,24,Lip Balm,Beauty,2,36.1,10,64.98,0
2025-11-03,2652,50,Drew Brooks,Champion,Email,29,Yoga Mat,Sports,3,24.63,0,73.89,0
2025-11-03,2653,63,Cole Bauer,Champion,Organic,16,Throw Pillow,Home,2,19.11,0,38.22,0
2025-11-03,2654,97,Harper Petrov,At-Risk,Paid Search,18,LED Lamp,Home,1,50.85,0,50.85,0
2025-11-03,2654,97,Harper Petrov,At-Risk,Paid Search,18,LED Lamp,Home,1,50.85,0,50.85,0
2025-11-03,2655,111,Reese Hassan,New,Email,1,Crew Tee,Apparel,1,53.87,15,45.79,0
2025-11-03,2656,126,Devon Costa,New,Paid Search,6,Beanie,Apparel,1,30.7,0,30.7,0
2025-11-03,2656,126,Devon Costa,New,Paid Search,2,Hoodie,Apparel,1,19.91,0,19.91,0
2025-11-03,2656,126,Devon Costa,New,Paid Search,2,Hoodie,Apparel,2,19.91,0,39.82,0
2025-11-03,2657,132,Iris Ibarra,At-Risk,Email,5,Socks 3-Pack,Apparel,1,65.81,0,65.81,0
2025-11-03,2657,132,Iris Ibarra,At-Risk,Email,10,USB-C Cable,Electronics,1,117.18,0,117.18,0
2025-11-03,2658,178,Rowan Brooks,Loyal,Email,3,Denim Jacket,Apparel,1,65.95,10,59.36,0
2025-11-03,2659,223,Owen Osei,At-Risk,Paid Search,35,Building Blocks,Toys,3,32.84,0,98.52,0
2025-11-03,2660,234,Kai Walsh,Loyal,Paid Search,20,Towel Set,Home,1,19.75,0,19.75,0
2025-11-03,2661,295,Priya Diaz,Champion,Paid Search,30,Water Bottle,Sports,1,46.55,25,34.91,0
2025-11-03,2661,295,Priya Diaz,Champion,Paid Search,14,Power Bank,Electronics,1,64.37,20,51.5,0
2025-11-03,2661,295,Priya Diaz,Champion,Paid Search,15,Smart Plug,Electronics,3,110.18,20,264.43,0
2025-11-03,2662,307,Casey Ahmed,Champion,Organic,27,Hand Cream,Beauty,3,18.43,5,52.53,0
2025-11-03,2663,328,Drew Mendez,Regular,Organic,38,Board Game,Toys,1,37.99,0,37.99,0
2025-11-03,2664,332,Leo Costa,Regular,Organic,16,Throw Pillow,Home,1,19.11,0,19.11,0
2025-11-03,2665,361,Cole Flynn,Loyal,Email,2,Hoodie,Apparel,1,19.91,10,17.92,0
2025-11-03,2666,375,Taylor Bauer,Loyal,Referral,18,LED Lamp,Home,1,50.85,0,50.85,0
2025-11-03,2666,375,Taylor Bauer,Loyal,Referral,21,Storage Bin,Home,1,28.6,0,28.6,0
2025-11-03,2666,375,Taylor Bauer,Loyal,Referral,1,Crew Tee,Apparel,1,53.87,5,51.18,0
2025-11-03,2667,394,Kai Diaz,Champion,Email,37,Plush Bear,Toys,2,15.95,0,31.9,0
2025-11-03,2667,394,Kai Diaz,Champion,Email,29,Yoga Mat,Sports,1,24.63,0,24.63,0
2025-11-03,2667,394,Kai Diaz,Champion,Email,36,Puzzle 500pc,Toys,1,44.86,0,44.86,0
2025-11-03,2667,394,Kai Diaz,Champion,Email,11,Phone Case,Electronics,1,22.01,10,19.81,0
2025-11-03,2668,417,Avery Walsh,Regular,Paid Search,17,Ceramic Mug,Home,3,54.95,0,164.85,0
2025-11-03,2669,449,Leo Fischer,Regular,Social,2,Hoodie,Apparel,1,19.91,0,19.91,0
2025-11-03,2669,449,Leo Fischer,Regular,Social,13,Webcam,Electronics,2,64,0,128,0
2025-11-03,2670,539,Riley Diaz,Regular,Organic,23,Vitamin C Serum,Beauty,2,32.33,0,64.66,0
2025-11-03,2671,542,Ivy Walsh,Regular,Direct,37,Plush Bear,Toys,1,15.95,0,15.95,0
2025-11-03,2672,595,Jamie Petrov,Loyal,Email,9,Wireless Earbuds,Electronics,2,94.29,0,188.58,0
2025-11-03,2672,595,Jamie Petrov,Loyal,Email,25,Sheet Mask,Beauty,1,8.59,0,8.59,1
2025-11-03,2672,595,Jamie Petrov,Loyal,Email,40,Art Kit,Toys,1,53.64,10,48.28,0
2025-11-03,2672,595,Jamie Petrov,Loyal,Email,6,Beanie,Apparel,1,30.7,5,29.17,0
2025-11-03,2673,623,Hugo Yamada,At-Risk,Direct,4,Joggers,Apparel,1,42.18,10,37.96,0
2025-11-03,2674,646,Quinn Romano,Regular,Organic,35,Building Blocks,Toys,1,32.84,0,32.84,0
2025-11-03,2675,651,Leo Petrov,Champion,Organic,12,Bluetooth Speaker,Electronics,1,98.02,0,98.02,0
2025-11-03,2675,651,Leo Petrov,Champion,Organic,25,Sheet Mask,Beauty,1,8.59,0,8.59,0
2025-11-03,2676,657,Maya Osei,Loyal,Direct,16,Throw Pillow,Home,1,19.11,5,18.15,0
2025-11-03,2676,657,Maya Osei,Loyal,Direct,13,Webcam,Electronics,1,64,10,57.6,0
2025-11-03,2676,657,Maya Osei,Loyal,Direct,11,Phone Case,Electronics,2,22.01,5,41.82,0
2025-11-03,2676,657,Maya Osei,Loyal,Direct,4,Joggers,Apparel,1,42.18,0,42.18,0
2025-11-03,2677,683,Owen Patel,Loyal,Email,37,Plush Bear,Toys,1,15.95,0,15.95,0
2025-11-03,2678,710,Nora Khan,Champion,Email,10,USB-C Cable,Electronics,1,117.18,20,93.74,0
2025-11-03,2679,719,Avery Kowalski,Loyal,Email,32,Foam Roller,Sports,1,65.98,10,59.38,0
2025-11-03,2679,719,Avery Kowalski,Loyal,Email,15,Smart Plug,Electronics,1,110.18,10,99.16,0
2025-11-03,2680,736,Wren Fischer,Regular,Organic,13,Webcam,Electronics,1,64,0,64,0
2025-11-03,2681,745,Devon Carter,Loyal,Email,21,Storage Bin,Home,1,28.6,0,28.6,0
2025-11-03,2681,745,Devon Carter,Loyal,Email,38,Board Game,Toys,1,37.99,10,34.19,0
2025-11-03,2681,745,Devon Carter,Loyal,Email,18,LED Lamp,Home,1,50.85,0,50.85,0
2025-11-03,2682,839,Riley Khan,Loyal,Email,3,Denim Jacket,Apparel,1,65.95,0,65.95,0
2025-11-03,2683,840,Leo Bauer,Regular,Email,13,Webcam,Electronics,1,64,0,64,0
2025-11-03,2683,840,Leo Bauer,Regular,Email,6,Beanie,Apparel,1,30.7,0,30.7,0
2025-11-03,2684,857,Noel Osei,Champion,Referral,19,Cutting Board,Home,2,53.71,0,107.42,1
2025-11-03,2685,886,Ezra Khan,New,Organic,2,Hoodie,Apparel,1,19.91,0,19.91,0
2025-11-03,2686,991,Reese Osei,Loyal,Referral,23,Vitamin C Serum,Beauty,2,32.33,10,58.19,0
2025-11-03,2686,991,Reese Osei,Loyal,Referral,28,SPF 50 Lotion,Beauty,1,34.44,0,34.44,0
2025-11-03,2686,991,Reese Osei,Loyal,Referral,32,Foam Roller,Sports,2,65.98,5,125.36,0
2025-11-03,2687,1000,Iris Novak,Regular,Organic,15,Smart Plug,Electronics,2,110.18,0,220.36,0
2025-11-04,2688,15,Ezra Bauer,Loyal,Direct,16,Throw Pillow,Home,1,19.11,0,19.11,0
2025-11-04,2688,15,Ezra Bauer,Loyal,Direct,13,Webcam,Electronics,1,64,0,64,0
2025-11-04,2688,15,Ezra Bauer,Loyal,Direct,26,Shampoo Bar,Beauty,1,33.06,0,33.06,0
2025-11-04,2688,15,Ezra Bauer,Loyal,Direct,37,Plush Bear,Toys,2,15.95,5,30.3,0
2025-11-04,2689,58,Nora Reyes,New,Email,25,Sheet Mask,Beauty,1,8.59,0,8.59,0
2025-11-04,2690,71,Wren Mendez,New,Organic,35,Building Blocks,Toys,1,32.84,0,32.84,0
2025-11-04,2691,92,Iris Ibarra,Champion,Email,17,Ceramic Mug,Home,1,54.95,5,52.2,0
2025-11-04,2692,99,Casey Ahmed,New,Paid Search,27,Hand Cream,Beauty,1,18.43,15,15.67,0
2025-11-04,2692,99,Casey Ahmed,New,Paid Search,40,Art Kit,Toys,1,53.64,10,48.28,0
2025-11-04,2693,106,Morgan Khan,New,Social,10,USB-C Cable,Electronics,1,117.18,25,87.89,0
2025-11-04,2693,106,Morgan Khan,New,Social,38,Board Game,Toys,2,37.99,25,56.99,0
2025-11-04,2694,107,Avery Mendez,Loyal,Organic,11,Phone Case,Electronics,1,22.01,0,22.01,0
2025-11-04,2695,115,Cole Ahmed,Champion,Paid Search,13,Webcam,Electronics,1,64,10,57.6,0
2025-11-04,2695,115,Cole Ahmed,Champion,Paid Search,7,Rain Shell,Apparel,1,23.29,0,23.29,0
2025-11-04,2696,156,Hugo Flynn,Champion,Email,19,Cutting Board,Home,1,53.71,10,48.34,0
2025-11-04,2696,156,Hugo Flynn,Champion,Email,18,LED Lamp,Home,1,50.85,5,48.31,0
2025-11-04,2697,174,Drew Costa,Champion,Social,8,Chino Pants,Apparel,1,64.72,0,64.72,0
2025-11-04,2697,174,Drew Costa,Champion,Social,22,Scented Candle,Home,3,18.98,5,54.09,0
2025-11-04,2697,174,Drew Costa,Champion,Social,39,RC Car,Toys,1,33.63,10,30.27,1
2025-11-04,2698,226,Leo Petrov,Champion,Organic,12,Bluetooth Speaker,Electronics,1,98.02,0,98.02,0
2025-11-04,2699,230,Noel Patel,Loyal,Paid Search,19,Cutting Board,Home,2,53.71,5,102.05,0
2025-11-04,2700,233,Wren Carter,New,Referral,6,Beanie,Apparel,1,30.7,0,30.7,0
2025-11-04,2701,286,Leo Petrov,Champion,Referral,21,Storage Bin,Home,3,28.6,5,81.51,0
2025-11-04,2701,286,Leo Petrov,Champion,Referral,15,Smart Plug,Electronics,1,110.18,10,99.16,0
2025-11-04,2702,295,Priya Diaz,Champion,Paid Search,15,Smart Plug,Electronics,1,110.18,5,104.67,0
2025-11-04,2702,295,Priya Diaz,Champion,Paid Search,6,Beanie,Apparel,2,30.7,0,61.4,1
2025-11-04,2703,296,Nora Hassan,Regular,Paid Search,19,Cutting Board,Home,2,53.71,0,107.42,0
2025-11-04,2703,296,Nora Hassan,Regular,Paid Search,22,Scented Candle,Home,1,18.98,0,18.98,0
2025-11-04,2703,296,Nora Hassan,Regular,Paid Search,14,Power Bank,Electronics,3,64.37,0,193.11,0
2025-11-04,2703,296,Nora Hassan,Regular,Paid Search,2,Hoodie,Apparel,1,19.91,0,19.91,0
2025-11-04,2704,301,Nora Kowalski,At-Risk,Direct,9,Wireless Earbuds,Electronics,1,94.29,0,94.29,0
2025-11-04,2704,301,Nora Kowalski,At-Risk,Direct,25,Sheet Mask,Beauty,1,8.59,0,8.59,0
2025-11-04,2704,301,Nora Kowalski,At-Risk,Direct,9,Wireless Earbuds,Electronics,1,94.29,0,94.29,0
2025-11-04,2705,342,Devon Reyes,At-Risk,Direct,11,Phone Case,Electronics,1,22.01,0,22.01,0
2025-11-04,2705,342,Devon Reyes,At-Risk,Direct,20,Towel Set,Home,1,19.75,0,19.75,0
2025-11-04,2705,342,Devon Reyes,At-Risk,Direct,2,Hoodie,Apparel,2,19.91,0,39.82,1
2025-11-04,2705,342,Devon Reyes,At-Risk,Direct,5,Socks 3-Pack,Apparel,1,65.81,0,65.81,0
2025-11-04,2706,375,Taylor Bauer,Loyal,Referral,26,Shampoo Bar,Beauty,3,33.06,0,99.18,0
2025-11-04,2707,416,Ivy Larsen,Loyal,Organic,16,Throw Pillow,Home,1,19.11,10,17.2,0
2025-11-04,2707,416,Ivy Larsen,Loyal,Organic,6,Beanie,Apparel,1,30.7,0,30.7,0
2025-11-04,2708,462,Leo Petrov,Champion,Referral,40,Art Kit,Toys,1,53.64,5,50.96,0
2025-11-04,2708,462,Leo Petrov,Champion,Referral,2,Hoodie,Apparel,1,19.91,0,19.91,0
2025-11-04,2708,462,Leo Petrov,Champion,Referral,14,Power Bank,Electronics,1,64.37,10,57.93,0
2025-11-04,2709,503,Iris Khan,Loyal,Social,14,Power Bank,Electronics,1,64.37,10,57.93,0
2025-11-04,2709,503,Iris Khan,Loyal,Social,22,Scented Candle,Home,1,18.98,10,17.08,0
2025-11-04,2710,513,Harper Novak,Regular,Paid Search,37,Plush Bear,Toys,1,15.95,0,15.95,0
2025-11-04,2710,513,Harper Novak,Regular,Paid Search,26,Shampoo Bar,Beauty,3,33.06,0,99.18,0
2025-11-04,2710,513,Harper Novak,Regular,Paid Search,16,Throw Pillow,Home,2,19.11,0,38.22,0
2025-11-04,2711,539,Riley Diaz,Regular,Organic,35,Building Blocks,Toys,1,32.84,0,32.84,0
2025-11-04,2711,539,Riley Diaz,Regular,Organic,18,LED Lamp,Home,2,50.85,0,101.7,0
2025-11-04,2712,594,Jordan Ahmed,Regular,Organic,16,Throw Pillow,Home,1,19.11,0,19.11,0
2025-11-04,2712,594,Jordan Ahmed,Regular,Organic,31,Resistance Bands,Sports,1,65.69,0,65.69,0
2025-11-04,2712,594,Jordan Ahmed,Regular,Organic,39,RC Car,Toys,2,33.63,0,67.26,0
2025-11-04,2713,595,Jamie Petrov,Loyal,Email,23,Vitamin C Serum,Beauty,1,32.33,0,32.33,0
2025-11-04,2713,595,Jamie Petrov,Loyal,Email,23,Vitamin C Serum,Beauty,1,32.33,0,32.33,0
2025-11-04,2714,649,Harper Nguyen,Champion,Referral,27,Hand Cream,Beauty,1,18.43,0,18.43,0
2025-11-04,2714,649,Harper Nguyen,Champion,Referral,32,Foam Roller,Sports,1,65.98,10,59.38,0
2025-11-04,2715,683,Owen Patel,Loyal,Email,28,SPF 50 Lotion,Beauty,1,34.44,10,31,0
2025-11-04,2715,683,Owen Patel,Loyal,Email,14,Power Bank,Electronics,1,64.37,0,64.37,0
2025-11-04,2716,713,Wren Costa,Champion,Organic,39,RC Car,Toys,1,33.63,5,31.95,0
2025-11-04,2716,713,Wren Costa,Champion,Organic,18,LED Lamp,Home,2,50.85,0,101.7,0
2025-11-04,2717,792,Lila Mendez,Regular,Direct,34,Running Belt,Sports,3,29.4,0,88.2,0
2025-11-04,2717,792,Lila Mendez,Regular,Direct,39,RC Car,Toys,1,33.63,0,33.63,0
2025-11-04,2717,792,Lila Mendez,Regular,Direct,10,USB-C Cable,Electronics,1,117.18,0,117.18,0
2025-11-04,2718,820,Drew Cohen,Loyal,Referral,39,RC Car,Toys,2,33.63,10,60.53,0
2025-11-04,2718,820,Drew Cohen,Loyal,Referral,16,Throw Pillow,Home,2,19.11,5,36.31,0
2025-11-04,2718,820,Drew Cohen,Loyal,Referral,31,Resistance Bands,Sports,2,65.69,5,124.81,0
2025-11-04,2719,859,Mateo Mendez,Champion,Email,35,Building Blocks,Toys,1,32.84,10,29.56,0
2025-11-04,2719,859,Mateo Mendez,Champion,Email,25,Sheet Mask,Beauty,1,8.59,10,7.73,0
2025-11-04,2719,859,Mateo Mendez,Champion,Email,23,Vitamin C Serum,Beauty,2,32.33,25,48.5,0
2025-11-04,2719,859,Mateo Mendez,Champion,Email,38,Board Game,Toys,1,37.99,10,34.19,0
2025-11-04,2720,874,Avery Marsh,Loyal,Referral,13,Webcam,Electronics,1,64,15,54.4,0
2025-11-04,2720,874,Avery Marsh,Loyal,Referral,24,Lip Balm,Beauty,1,36.1,25,27.08,0
2025-11-04,2720,874,Avery Marsh,Loyal,Referral,1,Crew Tee,Apparel,2,53.87,15,91.58,0
2025-11-04,2721,909,Leo Nguyen,Regular,Paid Search,29,Yoga Mat,Sports,1,24.63,10,22.17,0
2025-11-04,2722,955,Taylor Yamada,Regular,Referral,40,Art Kit,Toys,2,53.64,0,107.28,0
2025-11-04,2722,955,Taylor Yamada,Regular,Referral,4,Joggers,Apparel,2,42.18,0,84.36,0
2025-11-04,2722,955,Taylor Yamada,Regular,Referral,3,Denim Jacket,Apparel,1,65.95,0,65.95,0
2025-11-04,2722,955,Taylor Yamada,Regular,Referral,31,Resistance Bands,Sports,1,65.69,0,65.69,0
2025-11-04,2723,985,Rowan Petrov,Loyal,Paid Search,30,Water Bottle,Sports,1,46.55,5,44.22,0
2025-11-04,2723,985,Rowan Petrov,Loyal,Paid Search,19,Cutting Board,Home,2,53.71,0,107.42,0
2025-11-04,2723,985,Rowan Petrov,Loyal,Paid Search,11,Phone Case,Electronics,2,22.01,5,41.82,0
2025-11-04,2723,985,Rowan Petrov,Loyal,Paid Search,6,Beanie,Apparel,1,30.7,5,29.17,0
2025-11-04,2724,986,Hugo Sullivan,Loyal,Referral,23,Vitamin C Serum,Beauty,2,32.33,20,51.73,0
2025-11-04,2725,991,Reese Osei,Loyal,Referral,2,Hoodie,Apparel,1,19.91,5,18.91,0
2025-11-04,2726,996,Ezra Brooks,At-Risk,Organic,30,Water Bottle,Sports,1,46.55,0,46.55,0
2025-11-04,2727,998,Lila Yamada,Champion,Email,10,USB-C Cable,Electronics,1,117.18,10,105.46,0
2025-11-05,2728,66,Devon Reyes,Champion,Organic,12,Bluetooth Speaker,Electronics,3,98.02,0,294.06,0
2025-11-05,2728,66,Devon Reyes,Champion,Organic,16,Throw Pillow,Home,1,19.11,0,19.11,0
2025-11-05,2728,66,Devon Reyes,Champion,Organic,40,Art Kit,Toys,1,53.64,0,53.64,0
2025-11-05,2728,66,Devon Reyes,Champion,Organic,39,RC Car,Toys,1,33.63,5,31.95,0
2025-11-05,2729,75,Jamie Ibarra,Loyal,Email,3,Denim Jacket,Apparel,1,65.95,5,62.65,0
2025-11-05,2730,79,Kai Patel,Loyal,Direct,34,Running Belt,Sports,2,29.4,10,52.92,0
2025-11-05,2730,79,Kai Patel,Loyal,Direct,27,Hand Cream,Beauty,1,18.43,10,16.59,0
2025-11-05,2730,79,Kai Patel,Loyal,Direct,13,Webcam,Electronics,2,64,0,128,0
2025-11-05,2731,131,Priya Cohen,Champion,Referral,31,Resistance Bands,Sports,1,65.69,10,59.12,0
2025-11-05,2732,148,Quinn Patel,New,Organic,18,LED Lamp,Home,1,50.85,0,50.85,0
2025-11-05,2733,156,Hugo Flynn,Champion,Email,5,Socks 3-Pack,Apparel,1,65.81,0,65.81,0
2025-11-05,2733,156,Hugo Flynn,Champion,Email,28,SPF 50 Lotion,Beauty,1,34.44,0,34.44,0
2025-11-05,2734,188,Priya Park,Loyal,Organic,37,Plush Bear,Toys,1,15.95,0,15.95,0
2025-11-05,2735,194,Noel Kowalski,Loyal,Direct,24,Lip Balm,Beauty,1,36.1,5,34.3,0
2025-11-05,2735,194,Noel Kowalski,Loyal,Direct,4,Joggers,Apparel,2,42.18,5,80.14,0
2025-11-05,2735,194,Noel Kowalski,Loyal,Direct,19,Cutting Board,Home,2,53.71,10,96.68,0
2025-11-05,2736,211,Leo Petrov,Regular,Organic,7,Rain Shell,Apparel,2,23.29,0,46.58,0
2025-11-05,2737,219,Quinn Marsh,Loyal,Referral,21,Storage Bin,Home,1,28.6,10,25.74,0
2025-11-05,2737,219,Quinn Marsh,Loyal,Referral,33,Jump Rope,Sports,3,33.41,0,100.23,0
2025-11-05,2737,219,Quinn Marsh,Loyal,Referral,31,Resistance Bands,Sports,1,65.69,0,65.69,0
2025-11-05,2738,307,Casey Ahmed,Champion,Organic,5,Socks 3-Pack,Apparel,1,65.81,5,62.52,0
2025-11-05,2739,321,Lila Petrov,Loyal,Organic,10,USB-C Cable,Electronics,2,117.18,5,222.64,0
2025-11-05,2740,394,Kai Diaz,Champion,Email,35,Building Blocks,Toys,1,32.84,0,32.84,0
2025-11-05,2741,412,Riley Diaz,Regular,Email,29,Yoga Mat,Sports,2,24.63,0,49.26,0
2025-11-05,2742,417,Avery Walsh,Regular,Paid Search,14,Power Bank,Electronics,1,64.37,20,51.5,0
2025-11-05,2742,417,Avery Walsh,Regular,Paid Search,8,Chino Pants,Apparel,1,64.72,10,58.25,0
2025-11-05,2743,518,Casey Patel,Loyal,Referral,26,Shampoo Bar,Beauty,1,33.06,10,29.75,0
2025-11-05,2743,518,Casey Patel,Loyal,Referral,3,Denim Jacket,Apparel,1,65.95,10,59.36,0
2025-11-05,2744,527,Jamie Fischer,Champion,Referral,38,Board Game,Toys,1,37.99,25,28.49,0
2025-11-05,2745,564,Quinn Ibarra,Regular,Organic,11,Phone Case,Electronics,1,22.01,0,22.01,0
2025-11-05,2745,564,Quinn Ibarra,Regular,Organic,10,USB-C Cable,Electronics,1,117.18,0,117.18,0
2025-11-05,2745,564,Quinn Ibarra,Regular,Organic,31,Resistance Bands,Sports,1,65.69,0,65.69,0
2025-11-05,2746,578,Nora Marsh,Champion,Social,26,Shampoo Bar,Beauty,1,33.06,0,33.06,0
2025-11-05,2747,687,Kai Reid,Loyal,Referral,40,Art Kit,Toys,2,53.64,10,96.55,0
2025-11-05,2748,722,Avery Petrov,New,Paid Search,1,Crew Tee,Apparel,1,53.87,0,53.87,0
2025-11-05,2749,729,Casey Ahmed,Regular,Social,19,Cutting Board,Home,1,53.71,15,45.65,0
2025-11-05,2749,729,Casey Ahmed,Regular,Social,26,Shampoo Bar,Beauty,3,33.06,10,89.26,0
2025-11-05,2750,735,Drew Brooks,Loyal,Social,24,Lip Balm,Beauty,1,36.1,10,32.49,0
2025-11-05,2750,735,Drew Brooks,Loyal,Social,32,Foam Roller,Sports,1,65.98,20,52.78,0
2025-11-05,2750,735,Drew Brooks,Loyal,Social,19,Cutting Board,Home,1,53.71,20,42.97,0
2025-11-05,2750,735,Drew Brooks,Loyal,Social,1,Crew Tee,Apparel,1,53.87,20,43.1,0
2025-11-05,2751,775,Nora Patel,Champion,Paid Search,13,Webcam,Electronics,2,64,5,121.6,0
2025-11-05,2751,775,Nora Patel,Champion,Paid Search,10,USB-C Cable,Electronics,1,117.18,10,105.46,0
2025-11-05,2752,793,Hugo Osei,Champion,Social,10,USB-C Cable,Electronics,1,117.18,0,117.18,0
2025-11-05,2752,793,Hugo Osei,Champion,Social,34,Running Belt,Sports,1,29.4,5,27.93,0
2025-11-05,2753,809,Devon Yamada,New,Social,25,Sheet Mask,Beauty,1,8.59,25,6.44,0
2025-11-05,2753,809,Devon Yamada,New,Social,28,SPF 50 Lotion,Beauty,1,34.44,15,29.27,0
2025-11-05,2754,813,Nora Hassan,Loyal,Referral,35,Building Blocks,Toys,1,32.84,0,32.84,0
2025-11-05,2754,813,Nora Hassan,Loyal,Referral,8,Chino Pants,Apparel,1,64.72,10,58.25,0
2025-11-05,2755,833,Jamie Hassan,Loyal,Email,20,Towel Set,Home,1,19.75,0,19.75,0
2025-11-05,2755,833,Jamie Hassan,Loyal,Email,6,Beanie,Apparel,1,30.7,5,29.17,0
2025-11-05,2755,833,Jamie Hassan,Loyal,Email,10,USB-C Cable,Electronics,1,117.18,0,117.18,0
2025-11-05,2755,833,Jamie Hassan,Loyal,Email,29,Yoga Mat,Sports,2,24.63,0,49.26,0
2025-11-05,2756,852,Sasha Ahmed,Champion,Referral,16,Throw Pillow,Home,2,19.11,25,28.67,0
2025-11-05,2756,852,Sasha Ahmed,Champion,Referral,31,Resistance Bands,Sports,3,65.69,25,147.8,0
2025-11-05,2757,882,Quinn Costa,Regular,Organic,24,Lip Balm,Beauty,1,36.1,0,36.1,0
2025-11-05,2758,883,Maya Yamada,Regular,Paid Search,19,Cutting Board,Home,1,53.71,0,53.71,0
2025-11-05,2758,883,Maya Yamada,Regular,Paid Search,1,Crew Tee,Apparel,1,53.87,0,53.87,0
2025-11-05,2759,905,Devon Fischer,Regular,Referral,36,Puzzle 500pc,Toys,2,44.86,0,89.72,0
2025-11-05,2759,905,Devon Fischer,Regular,Referral,28,SPF 50 Lotion,Beauty,2,34.44,0,68.88,0
2025-11-05,2760,906,Reese Carter,Loyal,Social,25,Sheet Mask,Beauty,1,8.59,0,8.59,0
2025-11-05,2760,906,Reese Carter,Loyal,Social,1,Crew Tee,Apparel,1,53.87,0,53.87,0
2025-11-05,2760,906,Reese Carter,Loyal,Social,2,Hoodie,Apparel,1,19.91,0,19.91,0
2025-11-05,2760,906,Reese Carter,Loyal,Social,33,Jump Rope,Sports,1,33.41,0,33.41,0
2025-11-05,2761,931,Cole Reid,Champion,Organic,1,Crew Tee,Apparel,1,53.87,0,53.87,0
2025-11-05,2762,935,Noel Romano,Regular,Social,28,SPF 50 Lotion,Beauty,2,34.44,15,58.55,0
2025-11-05,2763,960,Wren Mendez,Champion,Social,21,Storage Bin,Home,1,28.6,10,25.74,0
2025-11-05,2763,960,Wren Mendez,Champion,Social,40,Art Kit,Toys,2,53.64,0,107.28,0
2025-11-05,2763,960,Wren Mendez,Champion,Social,15,Smart Plug,Electronics,1,110.18,10,99.16,0
2025-11-06,2764,24,Sasha Reid,Champion,Referral,36,Puzzle 500pc,Toys,1,44.86,10,40.37,1
2025-11-06,2764,24,Sasha Reid,Champion,Referral,3,Denim Jacket,Apparel,1,65.95,5,62.65,0
2025-11-06,2765,25,Morgan Petrov,Champion,Paid Search,16,Throw Pillow,Home,3,19.11,20,45.86,0
2025-11-06,2765,25,Morgan Petrov,Champion,Paid Search,2,Hoodie,Apparel,2,19.91,15,33.85,0
2025-11-06,2765,25,Morgan Petrov,Champion,Paid Search,31,Resistance Bands,Sports,2,65.69,20,105.1,0
2025-11-06,2765,25,Morgan Petrov,Champion,Paid Search,9,Wireless Earbuds,Electronics,3,94.29,20,226.3,0
2025-11-06,2766,55,Cole Okafor,Regular,Direct,32,Foam Roller,Sports,1,65.98,20,52.78,0
2025-11-06,2766,55,Cole Okafor,Regular,Direct,32,Foam Roller,Sports,1,65.98,10,59.38,0
2025-11-06,2767,114,Avery Marsh,Loyal,Social,38,Board Game,Toys,2,37.99,0,75.98,0
2025-11-06,2768,140,Cole Marsh,Loyal,Email,2,Hoodie,Apparel,1,19.91,0,19.91,0
2025-11-06,2768,140,Cole Marsh,Loyal,Email,26,Shampoo Bar,Beauty,1,33.06,0,33.06,0
2025-11-06,2769,169,Owen Park,Regular,Referral,13,Webcam,Electronics,1,64,0,64,0
2025-11-06,2770,281,Avery Reyes,Loyal,Organic,16,Throw Pillow,Home,1,19.11,5,18.15,0
2025-11-06,2770,281,Avery Reyes,Loyal,Organic,17,Ceramic Mug,Home,1,54.95,5,52.2,0
2025-11-06,2771,424,Riley Marsh,New,Paid Search,3,Denim Jacket,Apparel,3,65.95,0,197.85,0
2025-11-06,2771,424,Riley Marsh,New,Paid Search,30,Water Bottle,Sports,1,46.55,0,46.55,0
2025-11-06,2771,424,Riley Marsh,New,Paid Search,2,Hoodie,Apparel,1,19.91,0,19.91,1
2025-11-06,2771,424,Riley Marsh,New,Paid Search,33,Jump Rope,Sports,1,33.41,0,33.41,0
2025-11-06,2772,452,Wren Sullivan,New,Direct,35,Building Blocks,Toys,1,32.84,0,32.84,0
2025-11-06,2773,472,Noel Ibarra,Loyal,Direct,29,Yoga Mat,Sports,1,24.63,5,23.4,0
2025-11-06,2773,472,Noel Ibarra,Loyal,Direct,18,LED Lamp,Home,3,50.85,0,152.55,0
2025-11-06,2774,492,Drew Petrov,Champion,Social,37,Plush Bear,Toys,1,15.95,10,14.36,0
2025-11-06,2775,504,Harper Osei,Loyal,Social,35,Building Blocks,Toys,2,32.84,25,49.26,0
2025-11-06,2775,504,Harper Osei,Loyal,Social,24,Lip Balm,Beauty,3,36.1,15,92.06,0
2025-11-06,2775,504,Harper Osei,Loyal,Social,32,Foam Roller,Sports,1,65.98,25,49.49,0
2025-11-06,2776,521,Reese Khan,Regular,Social,15,Smart Plug,Electronics,1,110.18,25,82.64,1
2025-11-06,2776,521,Reese Khan,Regular,Social,6,Beanie,Apparel,1,30.7,20,24.56,0
2025-11-06,2777,522,Harper Romano,Champion,Referral,35,Building Blocks,Toys,3,32.84,10,88.67,0
2025-11-06,2778,576,Noel Petrov,Loyal,Paid Search,33,Jump Rope,Sports,1,33.41,20,26.73,1
2025-11-06,2779,585,Lila Flynn,Loyal,Direct,2,Hoodie,Apparel,1,19.91,5,18.91,0
2025-11-06,2779,585,Lila Flynn,Loyal,Direct,23,Vitamin C Serum,Beauty,1,32.33,0,32.33,0
2025-11-06,2780,649,Harper Nguyen,Champion,Referral,10,USB-C Cable,Electronics,1,117.18,10,105.46,0
2025-11-06,2780,649,Harper Nguyen,Champion,Referral,18,LED Lamp,Home,1,50.85,0,50.85,0
2025-11-06,2781,657,Maya Osei,Loyal,Direct,35,Building Blocks,Toys,2,32.84,0,65.68,0
2025-11-06,2781,657,Maya Osei,Loyal,Direct,28,SPF 50 Lotion,Beauty,3,34.44,0,103.32,0
2025-11-06,2782,672,Priya Petrov,Loyal,Organic,6,Beanie,Apparel,1,30.7,5,29.17,0
2025-11-06,2782,672,Priya Petrov,Loyal,Organic,16,Throw Pillow,Home,1,19.11,0,19.11,0
2025-11-06,2783,710,Nora Khan,Champion,Email,30,Water Bottle,Sports,1,46.55,0,46.55,0
2025-11-06,2783,710,Nora Khan,Champion,Email,12,Bluetooth Speaker,Electronics,2,98.02,10,176.44,0
2025-11-06,2783,710,Nora Khan,Champion,Email,3,Denim Jacket,Apparel,1,65.95,0,65.95,0
2025-11-06,2784,713,Wren Costa,Champion,Organic,38,Board Game,Toys,1,37.99,10,34.19,0
2025-11-06,2784,713,Wren Costa,Champion,Organic,5,Socks 3-Pack,Apparel,1,65.81,5,62.52,0
2025-11-06,2785,738,Harper Ibarra,New,Referral,2,Hoodie,Apparel,1,19.91,0,19.91,0
2025-11-06,2785,738,Harper Ibarra,New,Referral,39,RC Car,Toys,1,33.63,0,33.63,0
2025-11-06,2785,738,Harper Ibarra,New,Referral,27,Hand Cream,Beauty,1,18.43,0,18.43,0
2025-11-06,2785,738,Harper Ibarra,New,Referral,38,Board Game,Toys,1,37.99,0,37.99,0
2025-11-06,2786,755,Mateo Mendez,Regular,Referral,36,Puzzle 500pc,Toys,2,44.86,0,89.72,0
2025-11-06,2786,755,Mateo Mendez,Regular,Referral,17,Ceramic Mug,Home,1,54.95,0,54.95,0
2025-11-06,2786,755,Mateo Mendez,Regular,Referral,13,Webcam,Electronics,2,64,0,128,0
2025-11-06,2787,833,Jamie Hassan,Loyal,Email,15,Smart Plug,Electronics,1,110.18,0,110.18,0
2025-11-06,2788,845,Jordan Costa,Champion,Email,17,Ceramic Mug,Home,1,54.95,25,41.21,0
2025-11-06,2788,845,Jordan Costa,Champion,Email,23,Vitamin C Serum,Beauty,3,32.33,25,72.74,0
2025-11-06,2789,935,Noel Romano,Regular,Social,28,SPF 50 Lotion,Beauty,1,34.44,0,34.44,0
2025-11-06,2790,964,Jordan Fischer,Loyal,Referral,26,Shampoo Bar,Beauty,1,33.06,5,31.41,0
2025-11-06,2790,964,Jordan Fischer,Loyal,Referral,35,Building Blocks,Toys,1,32.84,10,29.56,0
2025-11-06,2790,964,Jordan Fischer,Loyal,Referral,40,Art Kit,Toys,1,53.64,0,53.64,0
2025-11-06,2791,999,Owen Novak,New,Direct,8,Chino Pants,Apparel,2,64.72,20,103.55,0
2025-11-06,2791,999,Owen Novak,New,Direct,37,Plush Bear,Toys,2,15.95,25,23.92,0
2025-11-07,2792,12,Hugo Carter,Loyal,Paid Search,8,Chino Pants,Apparel,1,64.72,10,58.25,0
2025-11-07,2792,12,Hugo Carter,Loyal,Paid Search,12,Bluetooth Speaker,Electronics,1,98.02,0,98.02,0
2025-11-07,2793,49,Nora Romano,Loyal,Direct,13,Webcam,Electronics,2,64,5,121.6,0
2025-11-07,2794,63,Cole Bauer,Champion,Organic,21,Storage Bin,Home,3,28.6,0,85.8,0
2025-11-07,2794,63,Cole Bauer,Champion,Organic,24,Lip Balm,Beauty,2,36.1,10,64.98,0
2025-11-07,2795,70,Jordan Cohen,Regular,Referral,33,Jump Rope,Sports,2,33.41,0,66.82,0
2025-11-07,2796,86,Priya Okafor,Champion,Email,14,Power Bank,Electronics,3,64.37,10,173.8,0
2025-11-07,2797,107,Avery Mendez,Loyal,Organic,23,Vitamin C Serum,Beauty,3,32.33,10,87.29,0
2025-11-07,2798,110,Tessa Yamada,Loyal,Social,18,LED Lamp,Home,1,50.85,10,45.77,0
2025-11-07,2798,110,Tessa Yamada,Loyal,Social,40,Art Kit,Toys,1,53.64,0,53.64,0
2025-11-07,2799,151,Harper Patel,Loyal,Social,14,Power Bank,Electronics,1,64.37,10,57.93,0
2025-11-07,2800,154,Drew Novak,Champion,Paid Search,26,Shampoo Bar,Beauty,1,33.06,0,33.06,0
2025-11-07,2801,177,Kai Kowalski,New,Referral,26,Shampoo Bar,Beauty,1,33.06,20,26.45,0
2025-11-07,2802,180,Drew Reid,Regular,Organic,10,USB-C Cable,Electronics,2,117.18,0,234.36,0
2025-11-07,2802,180,Drew Reid,Regular,Organic,2,Hoodie,Apparel,3,19.91,0,59.73,0
2025-11-07,2803,210,Nora Ibarra,New,Social,3,Denim Jacket,Apparel,1,65.95,0,65.95,0
2025-11-07,2804,222,Ivy Romano,Champion,Social,12,Bluetooth Speaker,Electronics,1,98.02,10,88.22,0
2025-11-07,2804,222,Ivy Romano,Champion,Social,6,Beanie,Apparel,1,30.7,25,23.03,0
2025-11-07,2805,249,Harper Patel,Regular,Organic,26,Shampoo Bar,Beauty,1,33.06,0,33.06,0
2025-11-07,2806,285,Jamie Sullivan,New,Referral,5,Socks 3-Pack,Apparel,2,65.81,0,131.62,0
2025-11-07,2806,285,Jamie Sullivan,New,Referral,7,Rain Shell,Apparel,1,23.29,0,23.29,0
2025-11-07,2807,305,Wren Park,Loyal,Social,34,Running Belt,Sports,1,29.4,0,29.4,0
2025-11-07,2808,376,Ivy Bauer,Loyal,Paid Search,8,Chino Pants,Apparel,2,64.72,0,129.44,0
2025-11-07,2809,410,Priya Diaz,At-Risk,Referral,22,Scented Candle,Home,2,18.98,0,37.96,0
2025-11-07,2809,410,Priya Diaz,At-Risk,Referral,28,SPF 50 Lotion,Beauty,3,34.44,0,103.32,0
2025-11-07,2809,410,Priya Diaz,At-Risk,Referral,18,LED Lamp,Home,3,50.85,0,152.55,0
2025-11-07,2810,430,Leo Yamada,New,Direct,9,Wireless Earbuds,Electronics,1,94.29,15,80.15,1
2025-11-07,2810,430,Leo Yamada,New,Direct,22,Scented Candle,Home,1,18.98,20,15.18,0
2025-11-07,2811,444,Hugo Yamada,Regular,Email,9,Wireless Earbuds,Electronics,1,94.29,0,94.29,0
2025-11-07,2812,460,Harper Tan,Champion,Email,5,Socks 3-Pack,Apparel,1,65.81,5,62.52,0
2025-11-07,2812,460,Harper Tan,Champion,Email,25,Sheet Mask,Beauty,1,8.59,0,8.59,0
2025-11-07,2812,460,Harper Tan,Champion,Email,36,Puzzle 500pc,Toys,1,44.86,0,44.86,0
2025-11-07,2812,460,Harper Tan,Champion,Email,29,Yoga Mat,Sports,1,24.63,0,24.63,0
2025-11-07,2813,482,Jordan Mendez,Loyal,Email,15,Smart Plug,Electronics,3,110.18,10,297.49,0
2025-11-07,2814,507,Riley Novak,Regular,Referral,4,Joggers,Apparel,1,42.18,0,42.18,1
2025-11-07,2815,524,Tessa Diaz,Regular,Email,18,LED Lamp,Home,1,50.85,0,50.85,0
2025-11-07,2816,527,Jamie Fischer,Champion,Referral,10,USB-C Cable,Electronics,1,117.18,5,111.32,0
2025-11-07,2817,531,Wren Carter,Loyal,Direct,29,Yoga Mat,Sports,1,24.63,10,22.17,0
2025-11-07,2818,537,Ivy Okafor,Regular,Paid Search,24,Lip Balm,Beauty,1,36.1,10,32.49,0
2025-11-07,2818,537,Ivy Okafor,Regular,Paid Search,13,Webcam,Electronics,1,64,15,54.4,0
2025-11-07,2818,537,Ivy Okafor,Regular,Paid Search,29,Yoga Mat,Sports,1,24.63,25,18.47,0
2025-11-07,2818,537,Ivy Okafor,Regular,Paid Search,35,Building Blocks,Toys,1,32.84,25,24.63,0
2025-11-07,2819,592,Noel Bauer,Regular,Paid Search,10,USB-C Cable,Electronics,2,117.18,0,234.36,0
2025-11-07,2819,592,Noel Bauer,Regular,Paid Search,29,Yoga Mat,Sports,2,24.63,0,49.26,0
2025-11-07,2819,592,Noel Bauer,Regular,Paid Search,33,Jump Rope,Sports,1,33.41,0,33.41,1
2025-11-07,2820,632,Mateo Reid,Regular,Social,13,Webcam,Electronics,3,64,0,192,0
2025-11-07,2821,668,Hugo Romano,Regular,Email,2,Hoodie,Apparel,1,19.91,0,19.91,0
2025-11-07,2822,696,Riley Tan,Champion,Referral,11,Phone Case,Electronics,1,22.01,0,22.01,0
2025-11-07,2822,696,Riley Tan,Champion,Referral,18,LED Lamp,Home,3,50.85,5,144.92,0
2025-11-07,2823,713,Wren Costa,Champion,Organic,39,RC Car,Toys,1,33.63,0,33.63,0
2025-11-07,2824,751,Riley Kowalski,Champion,Direct,18,LED Lamp,Home,2,50.85,5,96.62,0
2025-11-07,2824,751,Riley Kowalski,Champion,Direct,19,Cutting Board,Home,1,53.71,0,53.71,0
2025-11-07,2825,780,Harper Cohen,New,Social,21,Storage Bin,Home,1,28.6,0,28.6,0
2025-11-07,2825,780,Harper Cohen,New,Social,22,Scented Candle,Home,1,18.98,0,18.98,0
2025-11-07,2826,823,Leo Brooks,Loyal,Email,5,Socks 3-Pack,Apparel,1,65.81,10,59.23,0
2025-11-07,2826,823,Leo Brooks,Loyal,Email,40,Art Kit,Toys,1,53.64,0,53.64,0
2025-11-07,2827,829,Morgan Reid,Loyal,Email,1,Crew Tee,Apparel,1,53.87,0,53.87,0
2025-11-07,2827,829,Morgan Reid,Loyal,Email,3,Denim Jacket,Apparel,3,65.95,0,197.85,0
2025-11-07,2827,829,Morgan Reid,Loyal,Email,27,Hand Cream,Beauty,1,18.43,10,16.59,0
2025-11-07,2827,829,Morgan Reid,Loyal,Email,6,Beanie,Apparel,3,30.7,5,87.49,0
2025-11-07,2828,945,Jamie Novak,Champion,Email,12,Bluetooth Speaker,Electronics,1,98.02,10,88.22,0
2025-11-07,2828,945,Jamie Novak,Champion,Email,28,SPF 50 Lotion,Beauty,1,34.44,0,34.44,0
2025-11-07,2828,945,Jamie Novak,Champion,Email,31,Resistance Bands,Sports,1,65.69,5,62.41,0
2025-11-07,2829,949,Quinn Okafor,Champion,Organic,13,Webcam,Electronics,1,64,0,64,0
2025-11-07,2830,959,Ivy Larsen,Regular,Email,14,Power Bank,Electronics,2,64.37,0,128.74,0
2025-11-07,2831,986,Hugo Sullivan,Loyal,Referral,25,Sheet Mask,Beauty,1,8.59,10,7.73,0
2025-11-07,2832,987,Jordan Sullivan,Champion,Paid Search,27,Hand Cream,Beauty,1,18.43,20,14.74,0
2025-11-08,2833,32,Owen Tan,Regular,Email,35,Building Blocks,Toys,1,32.84,0,32.84,0
2025-11-08,2833,32,Owen Tan,Regular,Email,6,Beanie,Apparel,3,30.7,0,92.1,0
2025-11-08,2834,49,Nora Romano,Loyal,Direct,1,Crew Tee,Apparel,1,53.87,0,53.87,0
2025-11-08,2834,49,Nora Romano,Loyal,Direct,3,Denim Jacket,Apparel,1,65.95,0,65.95,0
2025-11-08,2834,49,Nora Romano,Loyal,Direct,17,Ceramic Mug,Home,2,54.95,5,104.41,0
2025-11-08,2835,107,Avery Mendez,Loyal,Organic,7,Rain Shell,Apparel,1,23.29,10,20.96,0
2025-11-08,2835,107,Avery Mendez,Loyal,Organic,31,Resistance Bands,Sports,1,65.69,10,59.12,0
2025-11-08,2836,121,Kai Nguyen,Loyal,Direct,20,Towel Set,Home,1,19.75,5,18.76,0
2025-11-08,2836,121,Kai Nguyen,Loyal,Direct,16,Throw Pillow,Home,2,19.11,5,36.31,0
2025-11-08,2836,121,Kai Nguyen,Loyal,Direct,16,Throw Pillow,Home,1,19.11,0,19.11,0
2025-11-08,2836,121,Kai Nguyen,Loyal,Direct,23,Vitamin C Serum,Beauty,1,32.33,10,29.1,0
2025-11-08,2837,125,Reese Hassan,Regular,Email,25,Sheet Mask,Beauty,3,8.59,0,25.77,0
2025-11-08,2837,125,Reese Hassan,Regular,Email,18,LED Lamp,Home,1,50.85,0,50.85,0
2025-11-08,2837,125,Reese Hassan,Regular,Email,21,Storage Bin,Home,1,28.6,0,28.6,1
2025-11-08,2837,125,Reese Hassan,Regular,Email,40,Art Kit,Toys,2,53.64,0,107.28,0
2025-11-08,2838,131,Priya Cohen,Champion,Referral,14,Power Bank,Electronics,2,64.37,0,128.74,0
2025-11-08,2839,140,Cole Marsh,Loyal,Email,27,Hand Cream,Beauty,1,18.43,0,18.43,0
2025-11-08,2839,140,Cole Marsh,Loyal,Email,12,Bluetooth Speaker,Electronics,1,98.02,0,98.02,0
2025-11-08,2839,140,Cole Marsh,Loyal,Email,15,Smart Plug,Electronics,2,110.18,0,220.36,0
2025-11-08,2840,154,Drew Novak,Champion,Paid Search,32,Foam Roller,Sports,1,65.98,5,62.68,0
2025-11-08,2841,159,Jordan Tan,Loyal,Direct,29,Yoga Mat,Sports,3,24.63,5,70.2,0
2025-11-08,2841,159,Jordan Tan,Loyal,Direct,39,RC Car,Toys,1,33.63,0,33.63,0
2025-11-08,2842,187,Owen Osei,Regular,Direct,22,Scented Candle,Home,2,18.98,0,37.96,0
2025-11-08,2842,187,Owen Osei,Regular,Direct,4,Joggers,Apparel,2,42.18,0,84.36,0
2025-11-08,2843,219,Quinn Marsh,Loyal,Referral,31,Resistance Bands,Sports,2,65.69,5,124.81,0
2025-11-08,2844,250,Iris Walsh,New,Paid Search,28,SPF 50 Lotion,Beauty,1,34.44,25,25.83,0
2025-11-08,2844,250,Iris Walsh,New,Paid Search,5,Socks 3-Pack,Apparel,3,65.81,25,148.07,1
2025-11-08,2845,256,Quinn Okafor,New,Social,9,Wireless Earbuds,Electronics,1,94.29,25,70.72,0
2025-11-08,2846,286,Leo Petrov,Champion,Referral,17,Ceramic Mug,Home,3,54.95,0,164.85,0
2025-11-08,2847,305,Wren Park,Loyal,Social,30,Water Bottle,Sports,3,46.55,0,139.65,0
2025-11-08,2848,370,Kai Brooks,New,Social,19,Cutting Board,Home,1,53.71,15,45.65,0
2025-11-08,2849,380,Quinn Bauer,Champion,Referral,7,Rain Shell,Apparel,2,23.29,5,44.25,0
2025-11-08,2850,479,Leo Ibarra,Loyal,Referral,29,Yoga Mat,Sports,1,24.63,5,23.4,0
2025-11-08,2850,479,Leo Ibarra,Loyal,Referral,11,Phone Case,Electronics,1,22.01,0,22.01,0
2025-11-08,2850,479,Leo Ibarra,Loyal,Referral,6,Beanie,Apparel,3,30.7,5,87.49,0
2025-11-08,2851,490,Jamie Romano,Loyal,Organic,25,Sheet Mask,Beauty,1,8.59,15,7.3,0
2025-11-08,2852,531,Wren Carter,Loyal,Direct,35,Building Blocks,Toys,1,32.84,0,32.84,0
2025-11-08,2853,549,Wren Reid,Regular,Paid Search,7,Rain Shell,Apparel,1,23.29,0,23.29,0
2025-11-08,2854,564,Quinn Ibarra,Regular,Organic,1,Crew Tee,Apparel,2,53.87,0,107.74,0
2025-11-08,2855,565,Noel Fischer,Champion,Social,32,Foam Roller,Sports,1,65.98,0,65.98,0
2025-11-08,2855,565,Noel Fischer,Champion,Social,22,Scented Candle,Home,3,18.98,0,56.94,1
2025-11-08,2856,627,Hugo Sullivan,Champion,Paid Search,6,Beanie,Apparel,3,30.7,25,69.07,0
2025-11-08,2856,627,Hugo Sullivan,Champion,Paid Search,16,Throw Pillow,Home,3,19.11,15,48.73,0
2025-11-08,2857,640,Avery Romano,Champion,Organic,18,LED Lamp,Home,2,50.85,10,91.53,0
2025-11-08,2857,640,Avery Romano,Champion,Organic,3,Denim Jacket,Apparel,3,65.95,0,197.85,0
2025-11-08,2858,687,Kai Reid,Loyal,Referral,32,Foam Roller,Sports,2,65.98,0,131.96,0
2025-11-08,2858,687,Kai Reid,Loyal,Referral,23,Vitamin C Serum,Beauty,1,32.33,10,29.1,0
2025-11-08,2858,687,Kai Reid,Loyal,Referral,15,Smart Plug,Electronics,3,110.18,0,330.54,0
2025-11-08,2858,687,Kai Reid,Loyal,Referral,33,Jump Rope,Sports,1,33.41,0,33.41,0
2025-11-08,2859,716,Iris Reyes,Champion,Email,39,RC Car,Toys,1,33.63,0,33.63,0
2025-11-08,2860,719,Avery Kowalski,Loyal,Email,30,Water Bottle,Sports,3,46.55,25,104.74,0
2025-11-08,2860,719,Avery Kowalski,Loyal,Email,3,Denim Jacket,Apparel,3,65.95,10,178.07,0
2025-11-08,2861,736,Wren Fischer,Regular,Organic,32,Foam Roller,Sports,1,65.98,0,65.98,0
2025-11-08,2862,754,Tessa Okafor,Regular,Social,35,Building Blocks,Toys,2,32.84,25,49.26,0
2025-11-08,2862,754,Tessa Okafor,Regular,Social,26,Shampoo Bar,Beauty,1,33.06,25,24.8,0
2025-11-08,2862,754,Tessa Okafor,Regular,Social,32,Foam Roller,Sports,3,65.98,20,158.35,0
2025-11-08,2863,758,Jamie Novak,At-Risk,Direct,10,USB-C Cable,Electronics,2,117.18,25,175.77,0
2025-11-08,2864,773,Ivy Yamada,Loyal,Email,30,Water Bottle,Sports,1,46.55,10,41.9,0
2025-11-08,2864,773,Ivy Yamada,Loyal,Email,27,Hand Cream,Beauty,1,18.43,0,18.43,0
2025-11-08,2865,775,Nora Patel,Champion,Paid Search,13,Webcam,Electronics,2,64,10,115.2,0
2025-11-08,2865,775,Nora Patel,Champion,Paid Search,15,Smart Plug,Electronics,2,110.18,0,220.36,1
2025-11-08,2865,775,Nora Patel,Champion,Paid Search,16,Throw Pillow,Home,1,19.11,10,17.2,0
2025-11-08,2866,783,Drew Reyes,New,Referral,32,Foam Roller,Sports,1,65.98,0,65.98,0
2025-11-08,2867,792,Lila Mendez,Regular,Direct,13,Webcam,Electronics,1,64,0,64,0
2025-11-08,2868,793,Hugo Osei,Champion,Social,40,Art Kit,Toys,1,53.64,0,53.64,0
2025-11-08,2868,793,Hugo Osei,Champion,Social,29,Yoga Mat,Sports,2,24.63,0,49.26,0
2025-11-08,2868,793,Hugo Osei,Champion,Social,8,Chino Pants,Apparel,2,64.72,0,129.44,0
2025-11-08,2869,828,Sasha Walsh,At-Risk,Direct,3,Denim Jacket,Apparel,1,65.95,15,56.06,0
2025-11-08,2870,848,Sasha Carter,Loyal,Paid Search,17,Ceramic Mug,Home,1,54.95,0,54.95,0
2025-11-08,2871,866,Leo Carter,Loyal,Organic,13,Webcam,Electronics,1,64,0,64,0
2025-11-08,2872,897,Wren Khan,Loyal,Paid Search,31,Resistance Bands,Sports,1,65.69,0,65.69,0
2025-11-08,2872,897,Wren Khan,Loyal,Paid Search,26,Shampoo Bar,Beauty,1,33.06,5,31.41,0
2025-11-08,2873,905,Devon Fischer,Regular,Referral,11,Phone Case,Electronics,1,22.01,0,22.01,0
2025-11-08,2874,920,Taylor Brooks,New,Direct,34,Running Belt,Sports,1,29.4,0,29.4,0
2025-11-08,2875,931,Cole Reid,Champion,Organic,9,Wireless Earbuds,Electronics,1,94.29,10,84.86,0
2025-11-08,2875,931,Cole Reid,Champion,Organic,7,Rain Shell,Apparel,3,23.29,0,69.87,0
2025-11-08,2875,931,Cole Reid,Champion,Organic,24,Lip Balm,Beauty,1,36.1,0,36.1,0
2025-11-08,2875,931,Cole Reid,Champion,Organic,12,Bluetooth Speaker,Electronics,1,98.02,5,93.12,0
2025-11-08,2876,938,Mateo Bauer,At-Risk,Paid Search,7,Rain Shell,Apparel,1,23.29,20,18.63,0
2025-11-08,2876,938,Mateo Bauer,At-Risk,Paid Search,19,Cutting Board,Home,1,53.71,15,45.65,0
2025-11-08,2876,938,Mateo Bauer,At-Risk,Paid Search,35,Building Blocks,Toys,1,32.84,15,27.91,0
2025-11-08,2877,945,Jamie Novak,Champion,Email,28,SPF 50 Lotion,Beauty,1,34.44,0,34.44,0
2025-11-08,2878,998,Lila Yamada,Champion,Email,35,Building Blocks,Toys,3,32.84,5,93.59,0
2025-11-09,2879,7,Wren Larsen,Loyal,Referral,6,Beanie,Apparel,1,30.7,10,27.63,0
2025-11-09,2880,11,Cole Marsh,Regular,Referral,37,Plush Bear,Toys,1,15.95,0,15.95,0
2025-11-09,2880,11,Cole Marsh,Regular,Referral,40,Art Kit,Toys,1,53.64,0,53.64,0
2025-11-09,2880,11,Cole Marsh,Regular,Referral,28,SPF 50 Lotion,Beauty,1,34.44,0,34.44,0
2025-11-09,2881,12,Hugo Carter,Loyal,Paid Search,1,Crew Tee,Apparel,1,53.87,5,51.18,0
2025-11-09,2881,12,Hugo Carter,Loyal,Paid Search,17,Ceramic Mug,Home,1,54.95,0,54.95,0
2025-11-09,2882,27,Nora Bauer,Champion,Referral,8,Chino Pants,Apparel,1,64.72,10,58.25,0
2025-11-09,2882,27,Nora Bauer,Champion,Referral,22,Scented Candle,Home,2,18.98,5,36.06,0
2025-11-09,2883,34,Devon Brooks,Regular,Direct,11,Phone Case,Electronics,1,22.01,10,19.81,0
2025-11-09,2883,34,Devon Brooks,Regular,Direct,2,Hoodie,Apparel,1,19.91,20,15.93,0
2025-11-09,2884,36,Iris Park,Champion,Organic,28,SPF 50 Lotion,Beauty,1,34.44,0,34.44,0
2025-11-09,2885,61,Hugo Cohen,Regular,Email,35,Building Blocks,Toys,1,32.84,0,32.84,0
2025-11-09,2885,61,Hugo Cohen,Regular,Email,30,Water Bottle,Sports,1,46.55,0,46.55,1
2025-11-09,2885,61,Hugo Cohen,Regular,Email,29,Yoga Mat,Sports,1,24.63,0,24.63,0
2025-11-09,2886,116,Wren Mendez,Champion,Email,35,Building Blocks,Toys,1,32.84,0,32.84,0
2025-11-09,2886,116,Wren Mendez,Champion,Email,12,Bluetooth Speaker,Electronics,1,98.02,10,88.22,0
2025-11-09,2887,141,Maya Romano,Loyal,Organic,5,Socks 3-Pack,Apparel,2,65.81,20,105.3,0
2025-11-09,2888,145,Iris Yamada,Loyal,Direct,14,Power Bank,Electronics,1,64.37,25,48.28,0
2025-11-09,2888,145,Iris Yamada,Loyal,Direct,17,Ceramic Mug,Home,2,54.95,25,82.43,0
2025-11-09,2888,145,Iris Yamada,Loyal,Direct,24,Lip Balm,Beauty,2,36.1,25,54.15,0
2025-11-09,2889,174,Drew Costa,Champion,Social,12,Bluetooth Speaker,Electronics,1,98.02,10,88.22,0
2025-11-09,2890,203,Kai Larsen,At-Risk,Social,4,Joggers,Apparel,2,42.18,20,67.49,0
2025-11-09,2891,219,Quinn Marsh,Loyal,Referral,24,Lip Balm,Beauty,1,36.1,0,36.1,0
2025-11-09,2891,219,Quinn Marsh,Loyal,Referral,30,Water Bottle,Sports,2,46.55,10,83.79,1
2025-11-09,2892,222,Ivy Romano,Champion,Social,25,Sheet Mask,Beauty,2,8.59,5,16.32,0
2025-11-09,2892,222,Ivy Romano,Champion,Social,36,Puzzle 500pc,Toys,2,44.86,0,89.72,0
2025-11-09,2892,222,Ivy Romano,Champion,Social,37,Plush Bear,Toys,1,15.95,5,15.15,0
2025-11-09,2893,226,Leo Petrov,Champion,Organic,5,Socks 3-Pack,Apparel,1,65.81,0,65.81,0
2025-11-09,2894,254,Sasha Okafor,Regular,Email,27,Hand Cream,Beauty,1,18.43,0,18.43,0
2025-11-09,2894,254,Sasha Okafor,Regular,Email,19,Cutting Board,Home,3,53.71,0,161.13,0
2025-11-09,2894,254,Sasha Okafor,Regular,Email,1,Crew Tee,Apparel,2,53.87,0,107.74,0
2025-11-09,2895,292,Cole Marsh,Champion,Direct,28,SPF 50 Lotion,Beauty,2,34.44,0,68.88,0
2025-11-09,2895,292,Cole Marsh,Champion,Direct,33,Jump Rope,Sports,1,33.41,10,30.07,0
2025-11-09,2896,317,Taylor Brooks,Regular,Email,9,Wireless Earbuds,Electronics,2,94.29,0,188.58,0
2025-11-09,2897,347,Jordan Brooks,At-Risk,Social,36,Puzzle 500pc,Toys,2,44.86,20,71.78,0
2025-11-09,2898,394,Kai Diaz,Champion,Email,1,Crew Tee,Apparel,1,53.87,10,48.48,0
2025-11-09,2898,394,Kai Diaz,Champion,Email,18,LED Lamp,Home,2,50.85,0,101.7,0
2025-11-09,2899,401,Priya Ahmed,Loyal,Referral,4,Joggers,Apparel,1,42.18,0,42.18,0
2025-11-09,2899,401,Priya Ahmed,Loyal,Referral,16,Throw Pillow,Home,3,19.11,10,51.6,0
2025-11-09,2899,401,Priya Ahmed,Loyal,Referral,38,Board Game,Toys,3,37.99,0,113.97,1
2025-11-09,2900,409,Cole Osei,Loyal,Direct,16,Throw Pillow,Home,1,19.11,10,17.2,0
2025-11-09,2901,459,Hugo Romano,New,Direct,3,Denim Jacket,Apparel,1,65.95,0,65.95,0
2025-11-09,2902,494,Wren Fischer,Loyal,Email,8,Chino Pants,Apparel,1,64.72,5,61.48,0
2025-11-09,2902,494,Wren Fischer,Loyal,Email,28,SPF 50 Lotion,Beauty,1,34.44,5,32.72,0
2025-11-09,2903,515,Devon Patel,Loyal,Social,11,Phone Case,Electronics,1,22.01,10,19.81,0
2025-11-09,2903,515,Devon Patel,Loyal,Social,31,Resistance Bands,Sports,3,65.69,5,187.22,0
2025-11-09,2903,515,Devon Patel,Loyal,Social,37,Plush Bear,Toys,1,15.95,0,15.95,0
2025-11-09,2904,522,Harper Romano,Champion,Referral,5,Socks 3-Pack,Apparel,1,65.81,10,59.23,0
2025-11-09,2905,538,Kai Romano,New,Referral,28,SPF 50 Lotion,Beauty,1,34.44,10,31,0
2025-11-09,2905,538,Kai Romano,New,Referral,30,Water Bottle,Sports,3,46.55,15,118.7,0
2025-11-09,2906,549,Wren Reid,Regular,Paid Search,4,Joggers,Apparel,1,42.18,0,42.18,0
2025-11-09,2907,589,Kai Brooks,Regular,Email,29,Yoga Mat,Sports,1,24.63,0,24.63,1
2025-11-09,2908,597,Morgan Fischer,Loyal,Social,27,Hand Cream,Beauty,1,18.43,15,15.67,0
2025-11-09,2908,597,Morgan Fischer,Loyal,Social,13,Webcam,Electronics,1,64,10,57.6,0
2025-11-09,2909,721,Taylor Petrov,Regular,Paid Search,27,Hand Cream,Beauty,1,18.43,0,18.43,0
2025-11-09,2909,721,Taylor Petrov,Regular,Paid Search,39,RC Car,Toys,1,33.63,0,33.63,0
2025-11-09,2910,757,Jamie Mendez,Regular,Referral,11,Phone Case,Electronics,1,22.01,0,22.01,0
2025-11-09,2910,757,Jamie Mendez,Regular,Referral,9,Wireless Earbuds,Electronics,2,94.29,0,188.58,0
2025-11-09,2910,757,Jamie Mendez,Regular,Referral,28,SPF 50 Lotion,Beauty,1,34.44,0,34.44,0
2025-11-09,2911,772,Ivy Fischer,Regular,Email,33,Jump Rope,Sports,1,33.41,0,33.41,0
2025-11-09,2912,795,Jamie Reyes,Loyal,Email,21,Storage Bin,Home,2,28.6,20,45.76,0
2025-11-09,2912,795,Jamie Reyes,Loyal,Email,6,Beanie,Apparel,1,30.7,10,27.63,0
2025-11-09,2913,817,Jordan Carter,Loyal,Referral,31,Resistance Bands,Sports,3,65.69,10,177.36,0
2025-11-09,2913,817,Jordan Carter,Loyal,Referral,10,USB-C Cable,Electronics,2,117.18,0,234.36,0
2025-11-09,2913,817,Jordan Carter,Loyal,Referral,11,Phone Case,Electronics,1,22.01,5,20.91,0
2025-11-09,2914,819,Nora Mendez,Champion,Paid Search,19,Cutting Board,Home,1,53.71,10,48.34,0
2025-11-09,2914,819,Nora Mendez,Champion,Paid Search,28,SPF 50 Lotion,Beauty,1,34.44,10,31,0
2025-11-09,2915,820,Drew Cohen,Loyal,Referral,5,Socks 3-Pack,Apparel,1,65.81,10,59.23,0
2025-11-09,2916,851,Owen Walsh,New,Direct,38,Board Game,Toys,1,37.99,0,37.99,0
2025-11-09,2916,851,Owen Walsh,New,Direct,12,Bluetooth Speaker,Electronics,1,98.02,0,98.02,0
2025-11-09,2917,865,Rowan Costa,Champion,Referral,30,Water Bottle,Sports,2,46.55,20,74.48,0
2025-11-09,2918,878,Noel Marsh,Loyal,Direct,13,Webcam,Electronics,1,64,10,57.6,0
2025-11-10,2919,6,Tessa Walsh,Loyal,Organic,11,Phone Case,Electronics,1,22.01,0,22.01,0
2025-11-10,2919,6,Tessa Walsh,Loyal,Organic,6,Beanie,Apparel,1,30.7,5,29.17,0
2025-11-10,2920,7,Wren Larsen,Loyal,Referral,14,Power Bank,Electronics,1,64.37,5,61.15,0
2025-11-10,2921,10,Maya Okafor,Loyal,Paid Search,39,RC Car,Toys,1,33.63,20,26.9,1
2025-11-10,2921,10,Maya Okafor,Loyal,Paid Search,2,Hoodie,Apparel,1,19.91,25,14.93,0
2025-11-10,2922,42,Cole Reyes,Champion,Email,33,Jump Rope,Sports,2,33.41,0,66.82,0
2025-11-10,2923,47,Jamie Diaz,Regular,Referral,3,Denim Jacket,Apparel,1,65.95,15,56.06,0
2025-11-10,2923,47,Jamie Diaz,Regular,Referral,27,Hand Cream,Beauty,2,18.43,10,33.17,0
2025-11-10,2923,47,Jamie Diaz,Regular,Referral,21,Storage Bin,Home,1,28.6,25,21.45,0
2025-11-10,2924,50,Drew Brooks,Champion,Email,39,RC Car,Toys,1,33.63,5,31.95,0
2025-11-10,2924,50,Drew Brooks,Champion,Email,28,SPF 50 Lotion,Beauty,2,34.44,5,65.44,0
2025-11-10,2925,66,Devon Reyes,Champion,Organic,21,Storage Bin,Home,2,28.6,10,51.48,0
2025-11-10,2926,134,Kai Flynn,At-Risk,Paid Search,24,Lip Balm,Beauty,1,36.1,0,36.1,0
2025-11-10,2926,134,Kai Flynn,At-Risk,Paid Search,28,SPF 50 Lotion,Beauty,2,34.44,0,68.88,0
2025-11-10,2926,134,Kai Flynn,At-Risk,Paid Search,28,SPF 50 Lotion,Beauty,1,34.44,0,34.44,0
2025-11-10,2926,134,Kai Flynn,At-Risk,Paid Search,28,SPF 50 Lotion,Beauty,1,34.44,0,34.44,1
2025-11-10,2927,142,Owen Khan,New,Social,3,Denim Jacket,Apparel,1,65.95,0,65.95,0
2025-11-10,2927,142,Owen Khan,New,Social,29,Yoga Mat,Sports,1,24.63,0,24.63,0
2025-11-10,2927,142,Owen Khan,New,Social,8,Chino Pants,Apparel,1,64.72,0,64.72,1
2025-11-10,2927,142,Owen Khan,New,Social,20,Towel Set,Home,1,19.75,0,19.75,0
2025-11-10,2928,184,Kai Ahmed,Champion,Organic,17,Ceramic Mug,Home,1,54.95,0,54.95,0
2025-11-10,2928,184,Kai Ahmed,Champion,Organic,6,Beanie,Apparel,1,30.7,10,27.63,0
2025-11-10,2928,184,Kai Ahmed,Champion,Organic,24,Lip Balm,Beauty,1,36.1,0,36.1,0
2025-11-10,2928,184,Kai Ahmed,Champion,Organic,37,Plush Bear,Toys,1,15.95,10,14.36,0
2025-11-10,2929,185,Kai Bauer,Loyal,Direct,37,Plush Bear,Toys,1,15.95,0,15.95,0
2025-11-10,2929,185,Kai Bauer,Loyal,Direct,39,RC Car,Toys,1,33.63,5,31.95,0
2025-11-10,2930,228,Priya Reid,Regular,Email,19,Cutting Board,Home,1,53.71,15,45.65,0
2025-11-10,2931,285,Jamie Sullivan,New,Referral,1,Crew Tee,Apparel,2,53.87,0,107.74,1
2025-11-10,2932,309,Leo Cohen,Loyal,Organic,36,Puzzle 500pc,Toys,1,44.86,0,44.86,0
2025-11-10,2933,326,Maya Hassan,Loyal,Email,14,Power Bank,Electronics,1,64.37,5,61.15,0
2025-11-10,2934,385,Hugo Patel,Loyal,Paid Search,1,Crew Tee,Apparel,3,53.87,10,145.45,0
2025-11-10,2935,409,Cole Osei,Loyal,Direct,6,Beanie,Apparel,2,30.7,25,46.05,1
2025-11-10,2936,411,Nora Hassan,Regular,Social,7,Rain Shell,Apparel,1,23.29,10,20.96,0
2025-11-10,2936,411,Nora Hassan,Regular,Social,2,Hoodie,Apparel,1,19.91,25,14.93,0
2025-11-10,2936,411,Nora Hassan,Regular,Social,10,USB-C Cable,Electronics,1,117.18,25,87.89,0
2025-11-10,2937,436,Ivy Flynn,Champion,Organic,39,RC Car,Toys,1,33.63,0,33.63,0
2025-11-10,2938,442,Drew Flynn,Loyal,Organic,32,Foam Roller,Sports,1,65.98,15,56.08,0
2025-11-10,2939,446,Priya Osei,Loyal,Referral,1,Crew Tee,Apparel,3,53.87,5,153.53,0
2025-11-10,2939,446,Priya Osei,Loyal,Referral,32,Foam Roller,Sports,1,65.98,0,65.98,0
2025-11-10,2940,460,Harper Tan,Champion,Email,10,USB-C Cable,Electronics,3,117.18,0,351.54,1
2025-11-10,2940,460,Harper Tan,Champion,Email,34,Running Belt,Sports,1,29.4,0,29.4,0
2025-11-10,2940,460,Harper Tan,Champion,Email,25,Sheet Mask,Beauty,1,8.59,10,7.73,0
2025-11-10,2941,472,Noel Ibarra,Loyal,Direct,13,Webcam,Electronics,3,64,0,192,0
2025-11-10,2941,472,Noel Ibarra,Loyal,Direct,11,Phone Case,Electronics,2,22.01,5,41.82,0
2025-11-10,2942,564,Quinn Ibarra,Regular,Organic,31,Resistance Bands,Sports,1,65.69,20,52.55,0
2025-11-10,2943,578,Nora Marsh,Champion,Social,37,Plush Bear,Toys,1,15.95,15,13.56,1
2025-11-10,2943,578,Nora Marsh,Champion,Social,12,Bluetooth Speaker,Electronics,1,98.02,25,73.52,0
2025-11-10,2943,578,Nora Marsh,Champion,Social,3,Denim Jacket,Apparel,1,65.95,10,59.36,0
2025-11-10,2944,580,Priya Okafor,Regular,Social,30,Water Bottle,Sports,1,46.55,0,46.55,0
2025-11-10,2944,580,Priya Okafor,Regular,Social,2,Hoodie,Apparel,1,19.91,0,19.91,0
2025-11-10,2944,580,Priya Okafor,Regular,Social,5,Socks 3-Pack,Apparel,2,65.81,0,131.62,0
2025-11-10,2945,585,Lila Flynn,Loyal,Direct,25,Sheet Mask,Beauty,1,8.59,5,8.16,0
2025-11-10,2945,585,Lila Flynn,Loyal,Direct,30,Water Bottle,Sports,1,46.55,0,46.55,0
2025-11-10,2946,649,Harper Nguyen,Champion,Referral,14,Power Bank,Electronics,1,64.37,0,64.37,0
2025-11-10,2947,654,Devon Diaz,Regular,Social,25,Sheet Mask,Beauty,2,8.59,0,17.18,0
2025-11-10,2947,654,Devon Diaz,Regular,Social,15,Smart Plug,Electronics,1,110.18,0,110.18,0
2025-11-10,2947,654,Devon Diaz,Regular,Social,17,Ceramic Mug,Home,3,54.95,0,164.85,0
2025-11-10,2948,665,Ezra Khan,Regular,Organic,17,Ceramic Mug,Home,2,54.95,0,109.9,0
2025-11-10,2949,729,Casey Ahmed,Regular,Social,5,Socks 3-Pack,Apparel,2,65.81,0,131.62,0
2025-11-10,2950,746,Ezra Ahmed,At-Risk,Email,8,Chino Pants,Apparel,1,64.72,20,51.78,0
2025-11-10,2950,746,Ezra Ahmed,At-Risk,Email,24,Lip Balm,Beauty,1,36.1,10,32.49,0
2025-11-10,2951,761,Taylor Nguyen,Regular,Email,11,Phone Case,Electronics,1,22.01,0,22.01,0
2025-11-10,2951,761,Taylor Nguyen,Regular,Email,8,Chino Pants,Apparel,3,64.72,0,194.16,0
2025-11-10,2951,761,Taylor Nguyen,Regular,Email,7,Rain Shell,Apparel,2,23.29,0,46.58,0
2025-11-10,2951,761,Taylor Nguyen,Regular,Email,38,Board Game,Toys,1,37.99,0,37.99,0
2025-11-10,2952,859,Mateo Mendez,Champion,Email,28,SPF 50 Lotion,Beauty,1,34.44,15,29.27,0
2025-11-10,2953,878,Noel Marsh,Loyal,Direct,10,USB-C Cable,Electronics,1,117.18,10,105.46,0
2025-11-10,2953,878,Noel Marsh,Loyal,Direct,17,Ceramic Mug,Home,3,54.95,15,140.12,0
2025-11-10,2954,931,Cole Reid,Champion,Organic,3,Denim Jacket,Apparel,3,65.95,5,187.96,0
2025-11-10,2954,931,Cole Reid,Champion,Organic,8,Chino Pants,Apparel,1,64.72,5,61.48,0
2025-11-10,2955,969,Morgan Okafor,New,Referral,23,Vitamin C Serum,Beauty,1,32.33,0,32.33,0
2025-11-10,2955,969,Morgan Okafor,New,Referral,19,Cutting Board,Home,3,53.71,0,161.13,0
2025-11-11,2956,4,Leo Marsh,Regular,Social,27,Hand Cream,Beauty,2,18.43,20,29.49,0
2025-11-11,2956,4,Leo Marsh,Regular,Social,3,Denim Jacket,Apparel,1,65.95,25,49.46,0
2025-11-11,2957,25,Morgan Petrov,Champion,Paid Search,9,Wireless Earbuds,Electronics,1,94.29,25,70.72,0
2025-11-11,2958,52,Morgan Novak,At-Risk,Paid Search,25,Sheet Mask,Beauty,1,8.59,0,8.59,0
2025-11-11,2958,52,Morgan Novak,At-Risk,Paid Search,10,USB-C Cable,Electronics,1,117.18,0,117.18,0
2025-11-11,2958,52,Morgan Novak,At-Risk,Paid Search,31,Resistance Bands,Sports,2,65.69,0,131.38,0
2025-11-11,2959,86,Priya Okafor,Champion,Email,27,Hand Cream,Beauty,1,18.43,0,18.43,0
2025-11-11,2960,107,Avery Mendez,Loyal,Organic,11,Phone Case,Electronics,1,22.01,10,19.81,1
2025-11-11,2960,107,Avery Mendez,Loyal,Organic,27,Hand Cream,Beauty,2,18.43,0,36.86,1
2025-11-11,2961,110,Tessa Yamada,Loyal,Social,6,Beanie,Apparel,1,30.7,5,29.17,0
2025-11-11,2961,110,Tessa Yamada,Loyal,Social,26,Shampoo Bar,Beauty,1,33.06,5,31.41,0
2025-11-11,2961,110,Tessa Yamada,Loyal,Social,27,Hand Cream,Beauty,1,18.43,0,18.43,0
2025-11-11,2961,110,Tessa Yamada,Loyal,Social,23,Vitamin C Serum,Beauty,1,32.33,0,32.33,0
2025-11-11,2962,115,Cole Ahmed,Champion,Paid Search,17,Ceramic Mug,Home,1,54.95,10,49.46,0
2025-11-11,2962,115,Cole Ahmed,Champion,Paid Search,18,LED Lamp,Home,2,50.85,25,76.28,0
2025-11-11,2962,115,Cole Ahmed,Champion,Paid Search,23,Vitamin C Serum,Beauty,1,32.33,15,27.48,0
2025-11-11,2963,135,Riley Tan,Regular,Referral,19,Cutting Board,Home,1,53.71,10,48.34,0
2025-11-11,2964,157,Cole Park,Regular,Organic,35,Building Blocks,Toys,3,32.84,0,98.52,0
2025-11-11,2964,157,Cole Park,Regular,Organic,4,Joggers,Apparel,1,42.18,0,42.18,1
2025-11-11,2964,157,Cole Park,Regular,Organic,33,Jump Rope,Sports,1,33.41,0,33.41,0
2025-11-11,2965,168,Jordan Ahmed,New,Paid Search,33,Jump Rope,Sports,1,33.41,15,28.4,0
2025-11-11,2966,184,Kai Ahmed,Champion,Organic,13,Webcam,Electronics,1,64,5,60.8,0
2025-11-11,2966,184,Kai Ahmed,Champion,Organic,28,SPF 50 Lotion,Beauty,1,34.44,0,34.44,0
2025-11-11,2966,184,Kai Ahmed,Champion,Organic,36,Puzzle 500pc,Toys,2,44.86,5,85.23,0
2025-11-11,2967,189,Noel Romano,Champion,Organic,28,SPF 50 Lotion,Beauty,1,34.44,10,31,0
2025-11-11,2968,227,Maya Reid,Regular,Email,26,Shampoo Bar,Beauty,1,33.06,0,33.06,0
2025-11-11,2968,227,Maya Reid,Regular,Email,27,Hand Cream,Beauty,1,18.43,0,18.43,0
2025-11-11,2968,227,Maya Reid,Regular,Email,34,Running Belt,Sports,2,29.4,0,58.8,0
2025-11-11,2969,228,Priya Reid,Regular,Email,1,Crew Tee,Apparel,1,53.87,0,53.87,0
2025-11-11,2969,228,Priya Reid,Regular,Email,40,Art Kit,Toys,1,53.64,0,53.64,0
2025-11-11,2970,233,Wren Carter,New,Referral,2,Hoodie,Apparel,1,19.91,0,19.91,0
2025-11-11,2971,235,Casey Okafor,Regular,Social,23,Vitamin C Serum,Beauty,1,32.33,0,32.33,0
2025-11-11,2972,293,Tessa Novak,Loyal,Direct,14,Power Bank,Electronics,1,64.37,5,61.15,0
2025-11-11,2972,293,Tessa Novak,Loyal,Direct,7,Rain Shell,Apparel,3,23.29,5,66.38,0
2025-11-11,2972,293,Tessa Novak,Loyal,Direct,31,Resistance Bands,Sports,1,65.69,0,65.69,0
2025-11-11,2972,293,Tessa Novak,Loyal,Direct,39,RC Car,Toys,1,33.63,10,30.27,0
2025-11-11,2973,307,Casey Ahmed,Champion,Organic,6,Beanie,Apparel,2,30.7,10,55.26,1
2025-11-11,2974,334,Tessa Park,Loyal,Organic,25,Sheet Mask,Beauty,2,8.59,5,16.32,0
2025-11-11,2974,334,Tessa Park,Loyal,Organic,34,Running Belt,Sports,1,29.4,0,29.4,0
2025-11-11,2975,380,Quinn Bauer,Champion,Referral,16,Throw Pillow,Home,1,19.11,5,18.15,1
2025-11-11,2975,380,Quinn Bauer,Champion,Referral,4,Joggers,Apparel,1,42.18,0,42.18,0
2025-11-11,2975,380,Quinn Bauer,Champion,Referral,35,Building Blocks,Toys,1,32.84,10,29.56,0
2025-11-11,2975,380,Quinn Bauer,Champion,Referral,9,Wireless Earbuds,Electronics,1,94.29,5,89.58,0
2025-11-11,2976,384,Devon Brooks,New,Email,24,Lip Balm,Beauty,3,36.1,0,108.3,0
2025-11-11,2977,396,Drew Mendez,Regular,Direct,15,Smart Plug,Electronics,1,110.18,0,110.18,0
2025-11-11,2977,396,Drew Mendez,Regular,Direct,20,Towel Set,Home,1,19.75,0,19.75,0
2025-11-11,2977,396,Drew Mendez,Regular,Direct,3,Denim Jacket,Apparel,2,65.95,0,131.9,0
2025-11-11,2977,396,Drew Mendez,Regular,Direct,24,Lip Balm,Beauty,1,36.1,0,36.1,0
2025-11-11,2978,409,Cole Osei,Loyal,Direct,27,Hand Cream,Beauty,1,18.43,0,18.43,0
2025-11-11,2979,422,Iris Mendez,Champion,Social,17,Ceramic Mug,Home,3,54.95,5,156.61,0
2025-11-11,2980,423,Ivy Petrov,New,Social,14,Power Bank,Electronics,2,64.37,0,128.74,0
2025-11-11,2981,431,Mateo Ibarra,Loyal,Referral,14,Power Bank,Electronics,1,64.37,0,64.37,1
2025-11-11,2982,470,Ezra Tan,Champion,Social,7,Rain Shell,Apparel,1,23.29,0,23.29,1
2025-11-11,2982,470,Ezra Tan,Champion,Social,36,Puzzle 500pc,Toys,2,44.86,0,89.72,0
2025-11-11,2982,470,Ezra Tan,Champion,Social,28,SPF 50 Lotion,Beauty,2,34.44,10,61.99,1
2025-11-11,2982,470,Ezra Tan,Champion,Social,30,Water Bottle,Sports,1,46.55,0,46.55,0
2025-11-11,2983,471,Ivy Fischer,Champion,Email,21,Storage Bin,Home,1,28.6,10,25.74,0
2025-11-11,2984,498,Reese Walsh,Regular,Paid Search,15,Smart Plug,Electronics,1,110.18,0,110.18,0
2025-11-11,2985,518,Casey Patel,Loyal,Referral,16,Throw Pillow,Home,1,19.11,0,19.11,0
2025-11-11,2986,522,Harper Romano,Champion,Referral,13,Webcam,Electronics,1,64,5,60.8,0
2025-11-11,2987,539,Riley Diaz,Regular,Organic,12,Bluetooth Speaker,Electronics,1,98.02,0,98.02,0
2025-11-11,2988,556,Priya Sullivan,Regular,Referral,9,Wireless Earbuds,Electronics,2,94.29,0,188.58,0
2025-11-11,2988,556,Priya Sullivan,Regular,Referral,19,Cutting Board,Home,2,53.71,0,107.42,0
2025-11-11,2988,556,Priya Sullivan,Regular,Referral,1,Crew Tee,Apparel,1,53.87,0,53.87,0
2025-11-11,2988,556,Priya Sullivan,Regular,Referral,2,Hoodie,Apparel,2,19.91,0,39.82,0
2025-11-11,2989,557,Drew Costa,New,Direct,26,Shampoo Bar,Beauty,3,33.06,25,74.39,0
2025-11-11,2989,557,Drew Costa,New,Direct,10,USB-C Cable,Electronics,1,117.18,20,93.74,0
2025-11-11,2990,627,Hugo Sullivan,Champion,Paid Search,33,Jump Rope,Sports,1,33.41,10,30.07,0
2025-11-11,2991,651,Leo Petrov,Champion,Organic,23,Vitamin C Serum,Beauty,1,32.33,0,32.33,0
2025-11-11,2992,661,Mateo Ahmed,Regular,Direct,26,Shampoo Bar,Beauty,3,33.06,0,99.18,0
2025-11-11,2992,661,Mateo Ahmed,Regular,Direct,6,Beanie,Apparel,1,30.7,0,30.7,0
2025-11-11,2992,661,Mateo Ahmed,Regular,Direct,3,Denim Jacket,Apparel,1,65.95,0,65.95,0
2025-11-11,2993,668,Hugo Romano,Regular,Email,28,SPF 50 Lotion,Beauty,1,34.44,0,34.44,0
2025-11-11,2994,769,Maya Marsh,New,Direct,21,Storage Bin,Home,1,28.6,0,28.6,0
2025-11-11,2995,857,Noel Osei,Champion,Referral,3,Denim Jacket,Apparel,2,65.95,5,125.31,0
2025-11-11,2996,879,Tessa Patel,Regular,Referral,31,Resistance Bands,Sports,1,65.69,0,65.69,0
2025-11-11,2997,945,Jamie Novak,Champion,Email,18,LED Lamp,Home,2,50.85,0,101.7,0
2025-11-11,2997,945,Jamie Novak,Champion,Email,26,Shampoo Bar,Beauty,3,33.06,0,99.18,0
2025-11-11,2998,981,Nora Novak,New,Direct,35,Building Blocks,Toys,1,32.84,0,32.84,0
2025-11-11,2998,981,Nora Novak,New,Direct,19,Cutting Board,Home,3,53.71,0,161.13,0
2025-11-11,2998,981,Nora Novak,New,Direct,23,Vitamin C Serum,Beauty,1,32.33,0,32.33,0
2025-11-12,2999,25,Morgan Petrov,Champion,Paid Search,31,Resistance Bands,Sports,1,65.69,10,59.12,0
2025-11-12,3000,46,Priya Reid,Regular,Paid Search,24,Lip Balm,Beauty,1,36.1,15,30.69,0
2025-11-12,3000,46,Priya Reid,Regular,Paid Search,2,Hoodie,Apparel,1,19.91,25,14.93,0
2025-11-12,3000,46,Priya Reid,Regular,Paid Search,25,Sheet Mask,Beauty,1,8.59,25,6.44,0
2025-11-12,3001,48,Priya Yamada,Champion,Paid Search,25,Sheet Mask,Beauty,1,8.59,0,8.59,0
2025-11-12,3001,48,Priya Yamada,Champion,Paid Search,12,Bluetooth Speaker,Electronics,2,98.02,10,176.44,0
2025-11-12,3001,48,Priya Yamada,Champion,Paid Search,39,RC Car,Toys,1,33.63,0,33.63,0
2025-11-12,3002,86,Priya Okafor,Champion,Email,12,Bluetooth Speaker,Electronics,1,98.02,0,98.02,0
2025-11-12,3002,86,Priya Okafor,Champion,Email,17,Ceramic Mug,Home,1,54.95,5,52.2,0
2025-11-12,3002,86,Priya Okafor,Champion,Email,37,Plush Bear,Toys,3,15.95,10,43.07,0
2025-11-12,3002,86,Priya Okafor,Champion,Email,25,Sheet Mask,Beauty,1,8.59,0,8.59,0
2025-11-12,3003,98,Iris Marsh,At-Risk,Organic,4,Joggers,Apparel,3,42.18,0,126.54,1
2025-11-12,3004,115,Cole Ahmed,Champion,Paid Search,23,Vitamin C Serum,Beauty,1,32.33,5,30.71,0
2025-11-12,3005,174,Drew Costa,Champion,Social,11,Phone Case,Electronics,2,22.01,5,41.82,0
2025-11-12,3006,184,Kai Ahmed,Champion,Organic,37,Plush Bear,Toys,2,15.95,0,31.9,0
2025-11-12,3007,185,Kai Bauer,Loyal,Direct,17,Ceramic Mug,Home,1,54.95,25,41.21,0
2025-11-12,3007,185,Kai Bauer,Loyal,Direct,5,Socks 3-Pack,Apparel,3,65.81,15,167.82,0
2025-11-12,3008,191,Tessa Ibarra,Loyal,Paid Search,3,Denim Jacket,Apparel,1,65.95,0,65.95,0
2025-11-12,3008,191,Tessa Ibarra,Loyal,Paid Search,30,Water Bottle,Sports,1,46.55,0,46.55,0
2025-11-12,3008,191,Tessa Ibarra,Loyal,Paid Search,2,Hoodie,Apparel,1,19.91,5,18.91,1
2025-11-12,3009,307,Casey Ahmed,Champion,Organic,10,USB-C Cable,Electronics,2,117.18,10,210.92,0
2025-11-12,3010,380,Quinn Bauer,Champion,Referral,12,Bluetooth Speaker,Electronics,1,98.02,10,88.22,0
2025-11-12,3011,393,Nora Ibarra,New,Organic,31,Resistance Bands,Sports,1,65.69,0,65.69,0
2025-11-12,3011,393,Nora Ibarra,New,Organic,7,Rain Shell,Apparel,1,23.29,0,23.29,0
2025-11-12,3011,393,Nora Ibarra,New,Organic,22,Scented Candle,Home,2,18.98,0,37.96,0
2025-11-12,3011,393,Nora Ibarra,New,Organic,40,Art Kit,Toys,1,53.64,0,53.64,0
2025-11-12,3012,398,Harper Larsen,Loyal,Paid Search,13,Webcam,Electronics,2,64,10,115.2,0
2025-11-12,3013,408,Drew Ibarra,New,Direct,12,Bluetooth Speaker,Electronics,3,98.02,0,294.06,0
2025-11-12,3014,460,Harper Tan,Champion,Email,9,Wireless Earbuds,Electronics,1,94.29,10,84.86,0
2025-11-12,3015,462,Leo Petrov,Champion,Referral,29,Yoga Mat,Sports,2,24.63,0,49.26,0
2025-11-12,3015,462,Leo Petrov,Champion,Referral,2,Hoodie,Apparel,3,19.91,0,59.73,0
2025-11-12,3016,551,Devon Fischer,Loyal,Social,2,Hoodie,Apparel,1,19.91,5,18.91,0
2025-11-12,3016,551,Devon Fischer,Loyal,Social,10,USB-C Cable,Electronics,1,117.18,0,117.18,0
2025-11-12,3017,604,Noel Novak,New,Referral,13,Webcam,Electronics,2,64,10,115.2,1
2025-11-12,3018,619,Leo Novak,Regular,Direct,20,Towel Set,Home,1,19.75,0,19.75,0
2025-11-12,3018,619,Leo Novak,Regular,Direct,29,Yoga Mat,Sports,1,24.63,0,24.63,0
2025-11-12,3019,651,Leo Petrov,Champion,Organic,22,Scented Candle,Home,1,18.98,5,18.03,0
2025-11-12,3020,662,Morgan Brooks,Regular,Organic,22,Scented Candle,Home,2,18.98,20,30.37,0
2025-11-12,3021,678,Mateo Cohen,Champion,Social,31,Resistance Bands,Sports,1,65.69,10,59.12,0
2025-11-12,3021,678,Mateo Cohen,Champion,Social,18,LED Lamp,Home,1,50.85,10,45.77,0
2025-11-12,3022,679,Owen Park,Loyal,Paid Search,6,Beanie,Apparel,2,30.7,15,52.19,0
2025-11-12,3023,700,Owen Cohen,Champion,Social,17,Ceramic Mug,Home,1,54.95,10,49.46,0
2025-11-12,3023,700,Owen Cohen,Champion,Social,25,Sheet Mask,Beauty,2,8.59,0,17.18,0
2025-11-12,3023,700,Owen Cohen,Champion,Social,31,Resistance Bands,Sports,1,65.69,10,59.12,0
2025-11-12,3024,704,Owen Nguyen,Champion,Organic,33,Jump Rope,Sports,1,33.41,10,30.07,0
2025-11-12,3024,704,Owen Nguyen,Champion,Organic,4,Joggers,Apparel,1,42.18,0,42.18,0
2025-11-12,3024,704,Owen Nguyen,Champion,Organic,39,RC Car,Toys,1,33.63,10,30.27,0
2025-11-12,3025,709,Ezra Mendez,Loyal,Referral,32,Foam Roller,Sports,2,65.98,0,131.96,1
2025-11-12,3025,709,Ezra Mendez,Loyal,Referral,2,Hoodie,Apparel,1,19.91,5,18.91,0
2025-11-12,3026,711,Morgan Novak,Loyal,Direct,1,Crew Tee,Apparel,1,53.87,0,53.87,1
2025-11-12,3027,715,Sasha Reid,Loyal,Direct,34,Running Belt,Sports,1,29.4,10,26.46,0
2025-11-12,3028,719,Avery Kowalski,Loyal,Email,36,Puzzle 500pc,Toys,1,44.86,0,44.86,1
2025-11-12,3029,729,Casey Ahmed,Regular,Social,25,Sheet Mask,Beauty,1,8.59,0,8.59,0
2025-11-12,3029,729,Casey Ahmed,Regular,Social,10,USB-C Cable,Electronics,2,117.18,0,234.36,0
2025-11-12,3030,732,Devon Walsh,New,Organic,21,Storage Bin,Home,1,28.6,0,28.6,0
2025-11-12,3031,762,Leo Flynn,Regular,Referral,10,USB-C Cable,Electronics,1,117.18,0,117.18,0
2025-11-12,3032,793,Hugo Osei,Champion,Social,15,Smart Plug,Electronics,1,110.18,20,88.14,0
2025-11-12,3033,819,Nora Mendez,Champion,Paid Search,14,Power Bank,Electronics,3,64.37,5,183.45,0
2025-11-12,3033,819,Nora Mendez,Champion,Paid Search,8,Chino Pants,Apparel,1,64.72,0,64.72,0
2025-11-12,3033,819,Nora Mendez,Champion,Paid Search,15,Smart Plug,Electronics,2,110.18,0,220.36,0
2025-11-12,3034,857,Noel Osei,Champion,Referral,36,Puzzle 500pc,Toys,1,44.86,0,44.86,0
2025-11-12,3034,857,Noel Osei,Champion,Referral,38,Board Game,Toys,2,37.99,5,72.18,0
2025-11-12,3035,866,Leo Carter,Loyal,Organic,18,LED Lamp,Home,1,50.85,0,50.85,0
2025-11-12,3036,872,Priya Romano,New,Paid Search,26,Shampoo Bar,Beauty,1,33.06,0,33.06,0
2025-11-12,3036,872,Priya Romano,New,Paid Search,26,Shampoo Bar,Beauty,2,33.06,0,66.12,1
2025-11-12,3037,940,Avery Flynn,Loyal,Direct,19,Cutting Board,Home,1,53.71,10,48.34,0
2025-11-12,3038,945,Jamie Novak,Champion,Email,1,Crew Tee,Apparel,2,53.87,5,102.35,0
2025-11-12,3039,964,Jordan Fischer,Loyal,Referral,16,Throw Pillow,Home,1,19.11,25,14.33,0
2025-11-12,3040,969,Morgan Okafor,New,Referral,32,Foam Roller,Sports,2,65.98,0,131.96,0
2025-11-12,3040,969,Morgan Okafor,New,Referral,30,Water Bottle,Sports,1,46.55,0,46.55,0
2025-11-12,3041,981,Nora Novak,New,Direct,34,Running Belt,Sports,2,29.4,15,49.98,0
2025-11-12,3042,985,Rowan Petrov,Loyal,Paid Search,32,Foam Roller,Sports,1,65.98,0,65.98,0
2025-11-12,3042,985,Rowan Petrov,Loyal,Paid Search,17,Ceramic Mug,Home,1,54.95,5,52.2,0
2025-11-12,3042,985,Rowan Petrov,Loyal,Paid Search,20,Towel Set,Home,1,19.75,10,17.78,0
2025-11-12,3042,985,Rowan Petrov,Loyal,Paid Search,17,Ceramic Mug,Home,2,54.95,0,109.9,0
2025-11-13,3043,18,Taylor Diaz,At-Risk,Paid Search,9,Wireless Earbuds,Electronics,2,94.29,0,188.58,1
2025-11-13,3044,154,Drew Novak,Champion,Paid Search,26,Shampoo Bar,Beauty,1,33.06,0,33.06,0
2025-11-13,3044,154,Drew Novak,Champion,Paid Search,3,Denim Jacket,Apparel,2,65.95,0,131.9,0
2025-11-13,3045,155,Hugo Marsh,Loyal,Email,9,Wireless Earbuds,Electronics,1,94.29,25,70.72,0
2025-11-13,3046,172,Morgan Okafor,Loyal,Direct,39,RC Car,Toys,2,33.63,10,60.53,0
2025-11-13,3046,172,Morgan Okafor,Loyal,Direct,3,Denim Jacket,Apparel,1,65.95,5,62.65,0
2025-11-13,3046,172,Morgan Okafor,Loyal,Direct,5,Socks 3-Pack,Apparel,1,65.81,10,59.23,0
2025-11-13,3047,204,Jamie Kowalski,Loyal,Email,39,RC Car,Toys,3,33.63,0,100.89,0
2025-11-13,3047,204,Jamie Kowalski,Loyal,Email,19,Cutting Board,Home,1,53.71,5,51.02,1
2025-11-13,3047,204,Jamie Kowalski,Loyal,Email,19,Cutting Board,Home,1,53.71,0,53.71,1
2025-11-13,3047,204,Jamie Kowalski,Loyal,Email,25,Sheet Mask,Beauty,1,8.59,0,8.59,0
2025-11-13,3048,238,Avery Reyes,Champion,Referral,3,Denim Jacket,Apparel,1,65.95,10,59.36,0
2025-11-13,3048,238,Avery Reyes,Champion,Referral,8,Chino Pants,Apparel,1,64.72,10,58.25,0
2025-11-13,3049,242,Sasha Hassan,Loyal,Paid Search,15,Smart Plug,Electronics,2,110.18,10,198.32,0
2025-11-13,3050,257,Kai Patel,Regular,Email,32,Foam Roller,Sports,1,65.98,0,65.98,0
2025-11-13,3050,257,Kai Patel,Regular,Email,3,Denim Jacket,Apparel,1,65.95,0,65.95,0
2025-11-13,3050,257,Kai Patel,Regular,Email,38,Board Game,Toys,1,37.99,0,37.99,0
2025-11-13,3050,257,Kai Patel,Regular,Email,28,SPF 50 Lotion,Beauty,1,34.44,0,34.44,0
2025-11-13,3051,276,Riley Costa,Loyal,Referral,30,Water Bottle,Sports,1,46.55,0,46.55,0
2025-11-13,3051,276,Riley Costa,Loyal,Referral,15,Smart Plug,Electronics,1,110.18,0,110.18,0
2025-11-13,3051,276,Riley Costa,Loyal,Referral,35,Building Blocks,Toys,1,32.84,5,31.2,0
2025-11-13,3052,286,Leo Petrov,Champion,Referral,2,Hoodie,Apparel,1,19.91,0,19.91,0
2025-11-13,3052,286,Leo Petrov,Champion,Referral,14,Power Bank,Electronics,1,64.37,0,64.37,0
2025-11-13,3053,292,Cole Marsh,Champion,Direct,40,Art Kit,Toys,2,53.64,0,107.28,0
2025-11-13,3053,292,Cole Marsh,Champion,Direct,37,Plush Bear,Toys,3,15.95,0,47.85,0
2025-11-13,3054,295,Priya Diaz,Champion,Paid Search,35,Building Blocks,Toys,1,32.84,10,29.56,0
2025-11-13,3054,295,Priya Diaz,Champion,Paid Search,1,Crew Tee,Apparel,1,53.87,0,53.87,0
2025-11-13,3055,338,Ivy Patel,Regular,Email,36,Puzzle 500pc,Toys,2,44.86,0,89.72,0
2025-11-13,3055,338,Ivy Patel,Regular,Email,17,Ceramic Mug,Home,1,54.95,0,54.95,0
2025-11-13,3055,338,Ivy Patel,Regular,Email,25,Sheet Mask,Beauty,1,8.59,0,8.59,0
2025-11-13,3056,384,Devon Brooks,New,Email,32,Foam Roller,Sports,1,65.98,0,65.98,1
2025-11-13,3056,384,Devon Brooks,New,Email,20,Towel Set,Home,1,19.75,0,19.75,0
2025-11-13,3056,384,Devon Brooks,New,Email,4,Joggers,Apparel,1,42.18,0,42.18,0
2025-11-13,3056,384,Devon Brooks,New,Email,31,Resistance Bands,Sports,1,65.69,0,65.69,0
2025-11-13,3057,407,Drew Petrov,New,Paid Search,18,LED Lamp,Home,1,50.85,0,50.85,0
2025-11-13,3058,425,Tessa Walsh,Regular,Paid Search,2,Hoodie,Apparel,1,19.91,0,19.91,0
2025-11-13,3059,467,Quinn Khan,Loyal,Direct,32,Foam Roller,Sports,1,65.98,25,49.49,0
2025-11-13,3060,481,Drew Sullivan,Regular,Social,18,LED Lamp,Home,1,50.85,15,43.22,0
2025-11-13,3061,491,Kai Okafor,Regular,Direct,2,Hoodie,Apparel,1,19.91,15,16.92,0
2025-11-13,3061,491,Kai Okafor,Regular,Direct,39,RC Car,Toys,1,33.63,20,26.9,0
2025-11-13,3062,503,Iris Khan,Loyal,Social,20,Towel Set,Home,1,19.75,0,19.75,0
2025-11-13,3063,512,Kai Petrov,Regular,Email,9,Wireless Earbuds,Electronics,1,94.29,0,94.29,0
2025-11-13,3064,515,Devon Patel,Loyal,Social,30,Water Bottle,Sports,1,46.55,10,41.9,0
2025-11-13,3065,516,Maya Cohen,Loyal,Email,21,Storage Bin,Home,1,28.6,5,27.17,0
2025-11-13,3065,516,Maya Cohen,Loyal,Email,24,Lip Balm,Beauty,1,36.1,5,34.3,0
2025-11-13,3066,522,Harper Romano,Champion,Referral,20,Towel Set,Home,2,19.75,0,39.5,0
2025-11-13,3067,534,Iris Nguyen,Regular,Social,25,Sheet Mask,Beauty,3,8.59,0,25.77,0
2025-11-13,3068,585,Lila Flynn,Loyal,Direct,7,Rain Shell,Apparel,2,23.29,10,41.92,0
2025-11-13,3069,590,Leo Okafor,Champion,Direct,23,Vitamin C Serum,Beauty,2,32.33,0,64.66,0
2025-11-13,3070,647,Jordan Fischer,Loyal,Organic,29,Yoga Mat,Sports,1,24.63,5,23.4,0
2025-11-13,3071,716,Iris Reyes,Champion,Email,33,Jump Rope,Sports,1,33.41,10,30.07,0
2025-11-13,3072,751,Riley Kowalski,Champion,Direct,6,Beanie,Apparel,1,30.7,5,29.17,0
2025-11-13,3072,751,Riley Kowalski,Champion,Direct,1,Crew Tee,Apparel,1,53.87,5,51.18,0
2025-11-13,3073,797,Tessa Petrov,New,Paid Search,26,Shampoo Bar,Beauty,1,33.06,0,33.06,0
2025-11-13,3073,797,Tessa Petrov,New,Paid Search,38,Board Game,Toys,1,37.99,0,37.99,0
2025-11-13,3073,797,Tessa Petrov,New,Paid Search,14,Power Bank,Electronics,1,64.37,0,64.37,0
2025-11-13,3074,799,Lila Brooks,Loyal,Referral,22,Scented Candle,Home,1,18.98,10,17.08,0
2025-11-13,3075,804,Leo Costa,Regular,Direct,33,Jump Rope,Sports,1,33.41,0,33.41,0
2025-11-13,3075,804,Leo Costa,Regular,Direct,10,USB-C Cable,Electronics,1,117.18,0,117.18,0
2025-11-13,3075,804,Leo Costa,Regular,Direct,36,Puzzle 500pc,Toys,1,44.86,0,44.86,0
2025-11-13,3076,839,Riley Khan,Loyal,Email,25,Sheet Mask,Beauty,2,8.59,5,16.32,0
2025-11-13,3077,893,Kai Sullivan,Loyal,Organic,21,Storage Bin,Home,1,28.6,5,27.17,0
2025-11-13,3077,893,Kai Sullivan,Loyal,Organic,33,Jump Rope,Sports,1,33.41,0,33.41,0
2025-11-13,3077,893,Kai Sullivan,Loyal,Organic,28,SPF 50 Lotion,Beauty,2,34.44,0,68.88,0
2025-11-13,3078,939,Avery Ibarra,New,Social,35,Building Blocks,Toys,1,32.84,0,32.84,0
2025-11-13,3079,940,Avery Flynn,Loyal,Direct,8,Chino Pants,Apparel,1,64.72,10,58.25,0
2025-11-13,3079,940,Avery Flynn,Loyal,Direct,32,Foam Roller,Sports,1,65.98,25,49.49,0
2025-11-13,3079,940,Avery Flynn,Loyal,Direct,17,Ceramic Mug,Home,1,54.95,15,46.71,0
2025-11-14,3080,15,Ezra Bauer,Loyal,Direct,37,Plush Bear,Toys,1,15.95,10,14.36,0
2025-11-14,3081,27,Nora Bauer,Champion,Referral,35,Building Blocks,Toys,1,32.84,10,29.56,0
2025-11-14,3082,117,Noel Larsen,Regular,Paid Search,12,Bluetooth Speaker,Electronics,2,98.02,15,166.63,0
2025-11-14,3082,117,Noel Larsen,Regular,Paid Search,13,Webcam,Electronics,1,64,10,57.6,0
2025-11-14,3082,117,Noel Larsen,Regular,Paid Search,7,Rain Shell,Apparel,1,23.29,10,20.96,0
2025-11-14,3083,129,Avery Ahmed,Regular,Organic,28,SPF 50 Lotion,Beauty,1,34.44,25,25.83,0
2025-11-14,3084,140,Cole Marsh,Loyal,Email,22,Scented Candle,Home,1,18.98,10,17.08,0
2025-11-14,3084,140,Cole Marsh,Loyal,Email,11,Phone Case,Electronics,1,22.01,5,20.91,0
2025-11-14,3084,140,Cole Marsh,Loyal,Email,33,Jump Rope,Sports,1,33.41,5,31.74,0
2025-11-14,3085,230,Noel Patel,Loyal,Paid Search,39,RC Car,Toys,1,33.63,0,33.63,0
2025-11-14,3085,230,Noel Patel,Loyal,Paid Search,25,Sheet Mask,Beauty,2,8.59,10,15.46,0
2025-11-14,3085,230,Noel Patel,Loyal,Paid Search,34,Running Belt,Sports,1,29.4,10,26.46,0
2025-11-14,3086,272,Harper Tan,At-Risk,Direct,18,LED Lamp,Home,1,50.85,0,50.85,0
2025-11-14,3086,272,Harper Tan,At-Risk,Direct,26,Shampoo Bar,Beauty,1,33.06,0,33.06,0
2025-11-14,3086,272,Harper Tan,At-Risk,Direct,27,Hand Cream,Beauty,1,18.43,0,18.43,0
2025-11-14,3087,340,Reese Yamada,Loyal,Referral,35,Building Blocks,Toys,1,32.84,10,29.56,0
2025-11-14,3087,340,Reese Yamada,Loyal,Referral,9,Wireless Earbuds,Electronics,1,94.29,15,80.15,0
2025-11-14,3087,340,Reese Yamada,Loyal,Referral,29,Yoga Mat,Sports,1,24.63,20,19.7,0
2025-11-14,3087,340,Reese Yamada,Loyal,Referral,1,Crew Tee,Apparel,2,53.87,20,86.19,0
2025-11-14,3088,380,Quinn Bauer,Champion,Referral,26,Shampoo Bar,Beauty,1,33.06,0,33.06,0
2025-11-14,3088,380,Quinn Bauer,Champion,Referral,31,Resistance Bands,Sports,1,65.69,0,65.69,0
2025-11-14,3088,380,Quinn Bauer,Champion,Referral,27,Hand Cream,Beauty,2,18.43,5,35.02,1
2025-11-14,3088,380,Quinn Bauer,Champion,Referral,34,Running Belt,Sports,1,29.4,5,27.93,0
2025-11-14,3089,429,Jamie Okafor,Champion,Email,3,Denim Jacket,Apparel,1,65.95,0,65.95,0
2025-11-14,3090,436,Ivy Flynn,Champion,Organic,24,Lip Balm,Beauty,1,36.1,10,32.49,0
2025-11-14,3090,436,Ivy Flynn,Champion,Organic,16,Throw Pillow,Home,1,19.11,10,17.2,0
2025-11-14,3091,483,Drew Diaz,Regular,Email,31,Resistance Bands,Sports,2,65.69,0,131.38,0
2025-11-14,3091,483,Drew Diaz,Regular,Email,21,Storage Bin,Home,1,28.6,0,28.6,0
2025-11-14,3092,491,Kai Okafor,Regular,Direct,16,Throw Pillow,Home,1,19.11,0,19.11,0
2025-11-14,3092,491,Kai Okafor,Regular,Direct,24,Lip Balm,Beauty,2,36.1,0,72.2,0
2025-11-14,3093,508,Riley Diaz,Loyal,Email,15,Smart Plug,Electronics,1,110.18,20,88.14,0
2025-11-14,3093,508,Riley Diaz,Loyal,Email,7,Rain Shell,Apparel,1,23.29,20,18.63,0
2025-11-14,3094,532,Sasha Yamada,Regular,Direct,2,Hoodie,Apparel,2,19.91,0,39.82,0
2025-11-14,3094,532,Sasha Yamada,Regular,Direct,6,Beanie,Apparel,2,30.7,0,61.4,0
2025-11-14,3094,532,Sasha Yamada,Regular,Direct,9,Wireless Earbuds,Electronics,1,94.29,0,94.29,0
2025-11-14,3094,532,Sasha Yamada,Regular,Direct,23,Vitamin C Serum,Beauty,2,32.33,0,64.66,0
2025-11-14,3095,561,Cole Brooks,Regular,Paid Search,30,Water Bottle,Sports,1,46.55,20,37.24,0
2025-11-14,3095,561,Cole Brooks,Regular,Paid Search,28,SPF 50 Lotion,Beauty,1,34.44,10,31,0
2025-11-14,3095,561,Cole Brooks,Regular,Paid Search,33,Jump Rope,Sports,2,33.41,15,56.8,0
2025-11-14,3095,561,Cole Brooks,Regular,Paid Search,7,Rain Shell,Apparel,1,23.29,25,17.47,0
2025-11-14,3096,590,Leo Okafor,Champion,Direct,28,SPF 50 Lotion,Beauty,1,34.44,10,31,1
2025-11-14,3096,590,Leo Okafor,Champion,Direct,8,Chino Pants,Apparel,1,64.72,0,64.72,0
2025-11-14,3096,590,Leo Okafor,Champion,Direct,20,Towel Set,Home,2,19.75,0,39.5,0
2025-11-14,3096,590,Leo Okafor,Champion,Direct,27,Hand Cream,Beauty,3,18.43,5,52.53,0
2025-11-14,3097,600,Mateo Hassan,Loyal,Social,32,Foam Roller,Sports,2,65.98,0,131.96,0
2025-11-14,3097,600,Mateo Hassan,Loyal,Social,40,Art Kit,Toys,2,53.64,10,96.55,0
2025-11-14,3097,600,Mateo Hassan,Loyal,Social,4,Joggers,Apparel,1,42.18,0,42.18,0
2025-11-14,3098,621,Harper Fischer,Regular,Direct,10,USB-C Cable,Electronics,2,117.18,10,210.92,0
2025-11-14,3098,621,Harper Fischer,Regular,Direct,33,Jump Rope,Sports,1,33.41,25,25.06,0
2025-11-14,3099,630,Casey Sullivan,New,Email,16,Throw Pillow,Home,1,19.11,0,19.11,0
2025-11-14,3099,630,Casey Sullivan,New,Email,13,Webcam,Electronics,1,64,0,64,0
2025-11-14,3099,630,Casey Sullivan,New,Email,12,Bluetooth Speaker,Electronics,2,98.02,0,196.04,0
2025-11-14,3100,640,Avery Romano,Champion,Organic,10,USB-C Cable,Electronics,2,117.18,10,210.92,0
2025-11-14,3100,640,Avery Romano,Champion,Organic,20,Towel Set,Home,1,19.75,10,17.78,0
2025-11-14,3101,644,Avery Osei,Loyal,Paid Search,40,Art Kit,Toys,1,53.64,10,48.28,0
2025-11-14,3101,644,Avery Osei,Loyal,Paid Search,23,Vitamin C Serum,Beauty,1,32.33,0,32.33,0
2025-11-14,3102,651,Leo Petrov,Champion,Organic,17,Ceramic Mug,Home,2,54.95,15,93.42,1
2025-11-14,3102,651,Leo Petrov,Champion,Organic,4,Joggers,Apparel,1,42.18,15,35.85,0
2025-11-14,3102,651,Leo Petrov,Champion,Organic,14,Power Bank,Electronics,1,64.37,20,51.5,0
2025-11-14,3103,704,Owen Nguyen,Champion,Organic,35,Building Blocks,Toys,1,32.84,10,29.56,0
2025-11-14,3103,704,Owen Nguyen,Champion,Organic,28,SPF 50 Lotion,Beauty,1,34.44,25,25.83,0
2025-11-14,3104,747,Quinn Patel,New,Direct,27,Hand Cream,Beauty,1,18.43,0,18.43,0
2025-11-14,3105,755,Mateo Mendez,Regular,Referral,8,Chino Pants,Apparel,1,64.72,20,51.78,0
2025-11-14,3105,755,Mateo Mendez,Regular,Referral,5,Socks 3-Pack,Apparel,1,65.81,25,49.36,0
2025-11-14,3106,768,Leo Sullivan,At-Risk,Organic,36,Puzzle 500pc,Toys,1,44.86,0,44.86,0
2025-11-14,3107,792,Lila Mendez,Regular,Direct,6,Beanie,Apparel,1,30.7,0,30.7,0
2025-11-14,3107,792,Lila Mendez,Regular,Direct,21,Storage Bin,Home,1,28.6,0,28.6,0
2025-11-14,3108,860,Taylor Cohen,New,Organic,16,Throw Pillow,Home,1,19.11,0,19.11,0
2025-11-14,3108,860,Taylor Cohen,New,Organic,35,Building Blocks,Toys,1,32.84,0,32.84,0
2025-11-14,3109,935,Noel Romano,Regular,Social,40,Art Kit,Toys,2,53.64,0,107.28,0
2025-11-14,3109,935,Noel Romano,Regular,Social,25,Sheet Mask,Beauty,1,8.59,0,8.59,0
2025-11-15,3110,17,Casey Khan,Loyal,Referral,28,SPF 50 Lotion,Beauty,1,34.44,10,31,0
2025-11-15,3111,47,Jamie Diaz,Regular,Referral,28,SPF 50 Lotion,Beauty,1,34.44,20,27.55,0
2025-11-15,3111,47,Jamie Diaz,Regular,Referral,19,Cutting Board,Home,2,53.71,25,80.57,0
2025-11-15,3112,60,Quinn Ibarra,Regular,Direct,29,Yoga Mat,Sports,1,24.63,0,24.63,0
2025-11-15,3112,60,Quinn Ibarra,Regular,Direct,8,Chino Pants,Apparel,2,64.72,0,129.44,0
2025-11-15,3112,60,Quinn Ibarra,Regular,Direct,30,Water Bottle,Sports,2,46.55,0,93.1,0
2025-11-15,3113,63,Cole Bauer,Champion,Organic,21,Storage Bin,Home,3,28.6,0,85.8,0
2025-11-15,3114,66,Devon Reyes,Champion,Organic,34,Running Belt,Sports,2,29.4,20,47.04,0
2025-11-15,3114,66,Devon Reyes,Champion,Organic,11,Phone Case,Electronics,2,22.01,10,39.62,0
2025-11-15,3115,67,Kai Osei,Regular,Referral,27,Hand Cream,Beauty,3,18.43,0,55.29,0
2025-11-15,3115,67,Kai Osei,Regular,Referral,4,Joggers,Apparel,1,42.18,0,42.18,0
2025-11-15,3116,70,Jordan Cohen,Regular,Referral,36,Puzzle 500pc,Toys,2,44.86,0,89.72,0
2025-11-15,3116,70,Jordan Cohen,Regular,Referral,25,Sheet Mask,Beauty,1,8.59,0,8.59,0
2025-11-15,3117,92,Iris Ibarra,Champion,Email,24,Lip Balm,Beauty,1,36.1,20,28.88,0
2025-11-15,3117,92,Iris Ibarra,Champion,Email,18,LED Lamp,Home,1,50.85,10,45.77,0
2025-11-15,3118,114,Avery Marsh,Loyal,Social,31,Resistance Bands,Sports,1,65.69,5,62.41,0
2025-11-15,3119,140,Cole Marsh,Loyal,Email,37,Plush Bear,Toys,1,15.95,0,15.95,0
2025-11-15,3119,140,Cole Marsh,Loyal,Email,29,Yoga Mat,Sports,1,24.63,10,22.17,0
2025-11-15,3119,140,Cole Marsh,Loyal,Email,33,Jump Rope,Sports,1,33.41,0,33.41,0
2025-11-15,3119,140,Cole Marsh,Loyal,Email,37,Plush Bear,Toys,1,15.95,10,14.36,0
2025-11-15,3120,154,Drew Novak,Champion,Paid Search,8,Chino Pants,Apparel,2,64.72,5,122.97,0
2025-11-15,3121,178,Rowan Brooks,Loyal,Email,36,Puzzle 500pc,Toys,1,44.86,0,44.86,0
2025-11-15,3121,178,Rowan Brooks,Loyal,Email,29,Yoga Mat,Sports,1,24.63,0,24.63,0
2025-11-15,3121,178,Rowan Brooks,Loyal,Email,39,RC Car,Toys,3,33.63,5,95.85,0
2025-11-15,3122,268,Cole Yamada,Loyal,Direct,30,Water Bottle,Sports,2,46.55,10,83.79,0
2025-11-15,3123,271,Nora Bauer,Loyal,Email,1,Crew Tee,Apparel,1,53.87,10,48.48,0
2025-11-15,3123,271,Nora Bauer,Loyal,Email,33,Jump Rope,Sports,1,33.41,0,33.41,0
2025-11-15,3124,273,Avery Flynn,Loyal,Referral,22,Scented Candle,Home,1,18.98,20,15.18,0
2025-11-15,3124,273,Avery Flynn,Loyal,Referral,11,Phone Case,Electronics,2,22.01,15,37.42,0
2025-11-15,3124,273,Avery Flynn,Loyal,Referral,39,RC Car,Toys,1,33.63,25,25.22,1
2025-11-15,3124,273,Avery Flynn,Loyal,Referral,31,Resistance Bands,Sports,1,65.69,10,59.12,0
2025-11-15,3125,275,Jordan Fischer,Loyal,Referral,25,Sheet Mask,Beauty,1,8.59,10,7.73,0
2025-11-15,3125,275,Jordan Fischer,Loyal,Referral,29,Yoga Mat,Sports,2,24.63,5,46.8,0
2025-11-15,3126,310,Jamie Marsh,Loyal,Social,37,Plush Bear,Toys,1,15.95,5,15.15,0
2025-11-15,3126,310,Jamie Marsh,Loyal,Social,36,Puzzle 500pc,Toys,1,44.86,0,44.86,0
2025-11-15,3126,310,Jamie Marsh,Loyal,Social,27,Hand Cream,Beauty,2,18.43,10,33.17,0
2025-11-15,3126,310,Jamie Marsh,Loyal,Social,1,Crew Tee,Apparel,1,53.87,10,48.48,0
2025-11-15,3127,325,Cole Khan,Regular,Email,6,Beanie,Apparel,3,30.7,0,92.1,0
2025-11-15,3128,367,Sasha Kowalski,New,Email,35,Building Blocks,Toys,3,32.84,20,78.82,0
2025-11-15,3128,367,Sasha Kowalski,New,Email,12,Bluetooth Speaker,Electronics,1,98.02,10,88.22,0
2025-11-15,3129,387,Owen Nguyen,Regular,Direct,23,Vitamin C Serum,Beauty,3,32.33,0,96.99,0
2025-11-15,3129,387,Owen Nguyen,Regular,Direct,40,Art Kit,Toys,1,53.64,0,53.64,0
2025-11-15,3129,387,Owen Nguyen,Regular,Direct,17,Ceramic Mug,Home,1,54.95,0,54.95,0
2025-11-15,3129,387,Owen Nguyen,Regular,Direct,31,Resistance Bands,Sports,2,65.69,0,131.38,0
2025-11-15,3130,406,Taylor Costa,At-Risk,Email,13,Webcam,Electronics,1,64,25,48,0
2025-11-15,3131,475,Owen Flynn,New,Referral,3,Denim Jacket,Apparel,1,65.95,0,65.95,0
2025-11-15,3132,522,Harper Romano,Champion,Referral,34,Running Belt,Sports,1,29.4,5,27.93,0
2025-11-15,3133,527,Jamie Fischer,Champion,Referral,37,Plush Bear,Toys,1,15.95,0,15.95,0
2025-11-15,3134,537,Ivy Okafor,Regular,Paid Search,36,Puzzle 500pc,Toys,1,44.86,25,33.64,0
2025-11-15,3135,538,Kai Romano,New,Referral,11,Phone Case,Electronics,1,22.01,0,22.01,0
2025-11-15,3135,538,Kai Romano,New,Referral,20,Towel Set,Home,1,19.75,0,19.75,0
2025-11-15,3136,592,Noel Bauer,Regular,Paid Search,2,Hoodie,Apparel,1,19.91,0,19.91,0
2025-11-15,3136,592,Noel Bauer,Regular,Paid Search,4,Joggers,Apparel,1,42.18,0,42.18,0
2025-11-15,3136,592,Noel Bauer,Regular,Paid Search,1,Crew Tee,Apparel,2,53.87,0,107.74,0
2025-11-15,3136,592,Noel Bauer,Regular,Paid Search,3,Denim Jacket,Apparel,3,65.95,0,197.85,0
2025-11-15,3137,601,Owen Carter,Loyal,Social,4,Joggers,Apparel,1,42.18,0,42.18,0
2025-11-15,3138,611,Jamie Osei,Regular,Paid Search,37,Plush Bear,Toys,1,15.95,0,15.95,0
2025-11-15,3138,611,Jamie Osei,Regular,Paid Search,4,Joggers,Apparel,1,42.18,0,42.18,0
2025-11-15,3139,636,Casey Petrov,Loyal,Organic,38,Board Game,Toys,1,37.99,25,28.49,0
2025-11-15,3140,640,Avery Romano,Champion,Organic,31,Resistance Bands,Sports,3,65.69,5,187.22,0
2025-11-15,3140,640,Avery Romano,Champion,Organic,26,Shampoo Bar,Beauty,3,33.06,0,99.18,0
2025-11-15,3140,640,Avery Romano,Champion,Organic,4,Joggers,Apparel,2,42.18,0,84.36,0
2025-11-15,3140,640,Avery Romano,Champion,Organic,40,Art Kit,Toys,1,53.64,0,53.64,0
2025-11-15,3141,651,Leo Petrov,Champion,Organic,28,SPF 50 Lotion,Beauty,3,34.44,10,92.99,1
2025-11-15,3142,672,Priya Petrov,Loyal,Organic,18,LED Lamp,Home,1,50.85,0,50.85,0
2025-11-15,3142,672,Priya Petrov,Loyal,Organic,24,Lip Balm,Beauty,1,36.1,0,36.1,0
2025-11-15,3142,672,Priya Petrov,Loyal,Organic,32,Foam Roller,Sports,1,65.98,0,65.98,0
2025-11-15,3143,691,Ivy Reyes,At-Risk,Direct,8,Chino Pants,Apparel,2,64.72,0,129.44,0
2025-11-15,3143,691,Ivy Reyes,At-Risk,Direct,6,Beanie,Apparel,2,30.7,0,61.4,1
2025-11-15,3143,691,Ivy Reyes,At-Risk,Direct,39,RC Car,Toys,1,33.63,0,33.63,0
2025-11-15,3143,691,Ivy Reyes,At-Risk,Direct,19,Cutting Board,Home,1,53.71,0,53.71,1
2025-11-15,3144,697,Hugo Mendez,At-Risk,Paid Search,38,Board Game,Toys,1,37.99,0,37.99,1
2025-11-15,3144,697,Hugo Mendez,At-Risk,Paid Search,4,Joggers,Apparel,1,42.18,0,42.18,1
2025-11-15,3144,697,Hugo Mendez,At-Risk,Paid Search,27,Hand Cream,Beauty,3,18.43,0,55.29,0
2025-11-15,3145,705,Jamie Park,Champion,Paid Search,4,Joggers,Apparel,2,42.18,10,75.92,0
2025-11-15,3146,714,Maya Flynn,At-Risk,Social,12,Bluetooth Speaker,Electronics,1,98.02,0,98.02,0
2025-11-15,3147,729,Casey Ahmed,Regular,Social,29,Yoga Mat,Sports,1,24.63,0,24.63,0
2025-11-15,3147,729,Casey Ahmed,Regular,Social,18,LED Lamp,Home,1,50.85,0,50.85,0
2025-11-15,3148,775,Nora Patel,Champion,Paid Search,35,Building Blocks,Toys,3,32.84,10,88.67,0
2025-11-15,3148,775,Nora Patel,Champion,Paid Search,5,Socks 3-Pack,Apparel,1,65.81,0,65.81,0
2025-11-15,3148,775,Nora Patel,Champion,Paid Search,12,Bluetooth Speaker,Electronics,1,98.02,10,88.22,1
2025-11-15,3149,789,Harper Sullivan,Loyal,Email,29,Yoga Mat,Sports,2,24.63,25,36.95,0
2025-11-15,3150,791,Devon Yamada,At-Risk,Paid Search,5,Socks 3-Pack,Apparel,2,65.81,0,131.62,0
2025-11-15,3151,797,Tessa Petrov,New,Paid Search,33,Jump Rope,Sports,1,33.41,0,33.41,0
2025-11-15,3151,797,Tessa Petrov,New,Paid Search,33,Jump Rope,Sports,1,33.41,0,33.41,1
2025-11-15,3152,833,Jamie Hassan,Loyal,Email,13,Webcam,Electronics,2,64,5,121.6,0
2025-11-15,3153,897,Wren Khan,Loyal,Paid Search,13,Webcam,Electronics,1,64,0,64,0
2025-11-15,3154,901,Avery Reyes,At-Risk,Paid Search,15,Smart Plug,Electronics,1,110.18,0,110.18,0
2025-11-15,3154,901,Avery Reyes,At-Risk,Paid Search,27,Hand Cream,Beauty,1,18.43,0,18.43,0
2025-11-15,3154,901,Avery Reyes,At-Risk,Paid Search,16,Throw Pillow,Home,1,19.11,0,19.11,0
2025-11-15,3155,917,Devon Reid,Regular,Organic,22,Scented Candle,Home,1,18.98,0,18.98,0
2025-11-15,3155,917,Devon Reid,Regular,Organic,23,Vitamin C Serum,Beauty,1,32.33,0,32.33,0
2025-11-15,3156,921,Sasha Kowalski,Regular,Organic,31,Resistance Bands,Sports,1,65.69,0,65.69,0
2025-11-15,3157,945,Jamie Novak,Champion,Email,3,Denim Jacket,Apparel,1,65.95,0,65.95,0
2025-11-15,3157,945,Jamie Novak,Champion,Email,15,Smart Plug,Electronics,1,110.18,0,110.18,0
2025-11-15,3157,945,Jamie Novak,Champion,Email,6,Beanie,Apparel,2,30.7,0,61.4,0
2025-11-15,3158,976,Devon Nguyen,New,Paid Search,38,Board Game,Toys,1,37.99,10,34.19,0
2025-11-15,3158,976,Devon Nguyen,New,Paid Search,9,Wireless Earbuds,Electronics,2,94.29,20,150.86,0
2025-11-16,3159,15,Ezra Bauer,Loyal,Direct,17,Ceramic Mug,Home,1,54.95,10,49.46,0
2025-11-16,3160,27,Nora Bauer,Champion,Referral,13,Webcam,Electronics,1,64,5,60.8,0
2025-11-16,3160,27,Nora Bauer,Champion,Referral,38,Board Game,Toys,1,37.99,5,36.09,0
2025-11-16,3161,36,Iris Park,Champion,Organic,28,SPF 50 Lotion,Beauty,2,34.44,0,68.88,0
2025-11-16,3162,63,Cole Bauer,Champion,Organic,7,Rain Shell,Apparel,1,23.29,0,23.29,0
2025-11-16,3162,63,Cole Bauer,Champion,Organic,9,Wireless Earbuds,Electronics,1,94.29,10,84.86,0
2025-11-16,3163,86,Priya Okafor,Champion,Email,8,Chino Pants,Apparel,1,64.72,0,64.72,0
2025-11-16,3163,86,Priya Okafor,Champion,Email,14,Power Bank,Electronics,2,64.37,5,122.3,0
2025-11-16,3164,121,Kai Nguyen,Loyal,Direct,15,Smart Plug,Electronics,1,110.18,0,110.18,0
2025-11-16,3165,184,Kai Ahmed,Champion,Organic,17,Ceramic Mug,Home,1,54.95,0,54.95,0
2025-11-16,3166,191,Tessa Ibarra,Loyal,Paid Search,15,Smart Plug,Electronics,1,110.18,5,104.67,0
2025-11-16,3167,204,Jamie Kowalski,Loyal,Email,24,Lip Balm,Beauty,1,36.1,10,32.49,0
2025-11-16,3168,217,Lila Ibarra,Regular,Social,40,Art Kit,Toys,1,53.64,0,53.64,0
2025-11-16,3168,217,Lila Ibarra,Regular,Social,39,RC Car,Toys,2,33.63,0,67.26,0
2025-11-16,3169,241,Harper Cohen,Regular,Organic,8,Chino Pants,Apparel,1,64.72,0,64.72,0
2025-11-16,3170,247,Maya Flynn,Regular,Social,14,Power Bank,Electronics,3,64.37,0,193.11,0
2025-11-16,3170,247,Maya Flynn,Regular,Social,9,Wireless Earbuds,Electronics,1,94.29,0,94.29,0
2025-11-16,3171,270,Casey Ahmed,Loyal,Direct,38,Board Game,Toys,2,37.99,20,60.78,1
2025-11-16,3171,270,Casey Ahmed,Loyal,Direct,18,LED Lamp,Home,3,50.85,15,129.67,0
2025-11-16,3171,270,Casey Ahmed,Loyal,Direct,28,SPF 50 Lotion,Beauty,1,34.44,15,29.27,0
2025-11-16,3172,271,Nora Bauer,Loyal,Email,35,Building Blocks,Toys,1,32.84,0,32.84,0
2025-11-16,3172,271,Nora Bauer,Loyal,Email,7,Rain Shell,Apparel,1,23.29,5,22.13,0
2025-11-16,3173,281,Avery Reyes,Loyal,Organic,33,Jump Rope,Sports,1,33.41,5,31.74,0
2025-11-16,3173,281,Avery Reyes,Loyal,Organic,5,Socks 3-Pack,Apparel,1,65.81,0,65.81,0
2025-11-16,3174,352,Casey Patel,Regular,Direct,22,Scented Candle,Home,1,18.98,0,18.98,0
2025-11-16,3175,374,Mateo Ahmed,At-Risk,Email,6,Beanie,Apparel,2,30.7,0,61.4,1
2025-11-16,3176,380,Quinn Bauer,Champion,Referral,4,Joggers,Apparel,3,42.18,10,113.89,1
2025-11-16,3176,380,Quinn Bauer,Champion,Referral,10,USB-C Cable,Electronics,1,117.18,0,117.18,0
2025-11-16,3176,380,Quinn Bauer,Champion,Referral,6,Beanie,Apparel,1,30.7,10,27.63,0
2025-11-16,3177,387,Owen Nguyen,Regular,Direct,26,Shampoo Bar,Beauty,1,33.06,0,33.06,0
2025-11-16,3178,391,Leo Tan,Regular,Organic,29,Yoga Mat,Sports,1,24.63,0,24.63,0
2025-11-16,3178,391,Leo Tan,Regular,Organic,17,Ceramic Mug,Home,1,54.95,0,54.95,0
2025-11-16,3179,428,Quinn Diaz,Champion,Paid Search,23,Vitamin C Serum,Beauty,1,32.33,0,32.33,0
2025-11-16,3179,428,Quinn Diaz,Champion,Paid Search,9,Wireless Earbuds,Electronics,1,94.29,5,89.58,0
2025-11-16,3180,455,Casey Ahmed,Loyal,Email,35,Building Blocks,Toys,1,32.84,20,26.27,0
2025-11-16,3180,455,Casey Ahmed,Loyal,Email,28,SPF 50 Lotion,Beauty,1,34.44,15,29.27,0
2025-11-16,3180,455,Casey Ahmed,Loyal,Email,2,Hoodie,Apparel,1,19.91,25,14.93,0
2025-11-16,3181,479,Leo Ibarra,Loyal,Referral,40,Art Kit,Toys,1,53.64,10,48.28,0
2025-11-16,3182,522,Harper Romano,Champion,Referral,18,LED Lamp,Home,2,50.85,25,76.28,0
2025-11-16,3182,522,Harper Romano,Champion,Referral,2,Hoodie,Apparel,1,19.91,25,14.93,0
2025-11-16,3182,522,Harper Romano,Champion,Referral,10,USB-C Cable,Electronics,1,117.18,20,93.74,0
2025-11-16,3182,522,Harper Romano,Champion,Referral,4,Joggers,Apparel,1,42.18,10,37.96,0
2025-11-16,3183,583,Lila Diaz,Loyal,Direct,7,Rain Shell,Apparel,1,23.29,15,19.8,0
2025-11-16,3184,597,Morgan Fischer,Loyal,Social,32,Foam Roller,Sports,1,65.98,15,56.08,0
2025-11-16,3184,597,Morgan Fischer,Loyal,Social,9,Wireless Earbuds,Electronics,1,94.29,10,84.86,1
2025-11-16,3184,597,Morgan Fischer,Loyal,Social,18,LED Lamp,Home,1,50.85,15,43.22,0
2025-11-16,3184,597,Morgan Fischer,Loyal,Social,20,Towel Set,Home,2,19.75,10,35.55,0
2025-11-16,3185,627,Hugo Sullivan,Champion,Paid Search,10,USB-C Cable,Electronics,1,117.18,10,105.46,0
2025-11-16,3185,627,Hugo Sullivan,Champion,Paid Search,17,Ceramic Mug,Home,1,54.95,0,54.95,0
2025-11-16,3185,627,Hugo Sullivan,Champion,Paid Search,27,Hand Cream,Beauty,1,18.43,5,17.51,0
2025-11-16,3186,629,Drew Tan,At-Risk,Organic,27,Hand Cream,Beauty,1,18.43,0,18.43,0
2025-11-16,3186,629,Drew Tan,At-Risk,Organic,4,Joggers,Apparel,1,42.18,0,42.18,0
2025-11-16,3187,652,Quinn Petrov,Loyal,Paid Search,35,Building Blocks,Toys,1,32.84,5,31.2,0
2025-11-16,3188,696,Riley Tan,Champion,Referral,19,Cutting Board,Home,1,53.71,5,51.02,1
2025-11-16,3189,717,Leo Larsen,Regular,Social,20,Towel Set,Home,1,19.75,0,19.75,0
2025-11-16,3190,762,Leo Flynn,Regular,Referral,15,Smart Plug,Electronics,2,110.18,0,220.36,0
2025-11-16,3191,813,Nora Hassan,Loyal,Referral,5,Socks 3-Pack,Apparel,2,65.81,10,118.46,0
2025-11-16,3191,813,Nora Hassan,Loyal,Referral,4,Joggers,Apparel,3,42.18,20,101.23,0
2025-11-16,3192,857,Noel Osei,Champion,Referral,24,Lip Balm,Beauty,1,36.1,10,32.49,0
2025-11-16,3192,857,Noel Osei,Champion,Referral,2,Hoodie,Apparel,1,19.91,0,19.91,0
2025-11-16,3193,866,Leo Carter,Loyal,Organic,3,Denim Jacket,Apparel,2,65.95,0,131.9,0
2025-11-16,3193,866,Leo Carter,Loyal,Organic,30,Water Bottle,Sports,1,46.55,5,44.22,0
2025-11-16,3193,866,Leo Carter,Loyal,Organic,36,Puzzle 500pc,Toys,3,44.86,5,127.85,0
2025-11-16,3194,933,Mateo Walsh,Regular,Social,19,Cutting Board,Home,2,53.71,0,107.42,0
2025-11-16,3195,934,Taylor Kowalski,Regular,Direct,21,Storage Bin,Home,2,28.6,0,57.2,0
2025-11-16,3195,934,Taylor Kowalski,Regular,Direct,40,Art Kit,Toys,1,53.64,0,53.64,0
2025-11-16,3196,938,Mateo Bauer,At-Risk,Paid Search,22,Scented Candle,Home,1,18.98,0,18.98,0
2025-11-16,3197,973,Avery Hassan,At-Risk,Organic,38,Board Game,Toys,2,37.99,0,75.98,0
2025-11-17,3198,17,Casey Khan,Loyal,Referral,24,Lip Balm,Beauty,2,36.1,15,61.37,0
2025-11-17,3199,25,Morgan Petrov,Champion,Paid Search,38,Board Game,Toys,1,37.99,5,36.09,0
2025-11-17,3200,27,Nora Bauer,Champion,Referral,30,Water Bottle,Sports,1,46.55,0,46.55,0
2025-11-17,3201,42,Cole Reyes,Champion,Email,10,USB-C Cable,Electronics,3,117.18,10,316.39,0
2025-11-17,3202,43,Maya Okafor,Loyal,Organic,10,USB-C Cable,Electronics,1,117.18,0,117.18,0
2025-11-17,3203,67,Kai Osei,Regular,Referral,12,Bluetooth Speaker,Electronics,3,98.02,20,235.25,0
2025-11-17,3203,67,Kai Osei,Regular,Referral,7,Rain Shell,Apparel,1,23.29,20,18.63,0
2025-11-17,3204,69,Taylor Yamada,Loyal,Email,10,USB-C Cable,Electronics,1,117.18,25,87.89,0
2025-11-17,3205,110,Tessa Yamada,Loyal,Social,15,Smart Plug,Electronics,1,110.18,0,110.18,0
2025-11-17,3206,188,Priya Park,Loyal,Organic,31,Resistance Bands,Sports,2,65.69,5,124.81,1
2025-11-17,3206,188,Priya Park,Loyal,Organic,14,Power Bank,Electronics,1,64.37,0,64.37,0
2025-11-17,3207,204,Jamie Kowalski,Loyal,Email,25,Sheet Mask,Beauty,3,8.59,5,24.48,0
2025-11-17,3208,230,Noel Patel,Loyal,Paid Search,33,Jump Rope,Sports,1,33.41,5,31.74,0
2025-11-17,3208,230,Noel Patel,Loyal,Paid Search,32,Foam Roller,Sports,2,65.98,5,125.36,0
2025-11-17,3208,230,Noel Patel,Loyal,Paid Search,32,Foam Roller,Sports,1,65.98,0,65.98,0
2025-11-17,3209,238,Avery Reyes,Champion,Referral,21,Storage Bin,Home,2,28.6,10,51.48,0
2025-11-17,3210,270,Casey Ahmed,Loyal,Direct,32,Foam Roller,Sports,3,65.98,5,188.04,0
2025-11-17,3211,296,Nora Hassan,Regular,Paid Search,16,Throw Pillow,Home,2,19.11,0,38.22,0
2025-11-17,3211,296,Nora Hassan,Regular,Paid Search,28,SPF 50 Lotion,Beauty,2,34.44,0,68.88,0
2025-11-17,3211,296,Nora Hassan,Regular,Paid Search,8,Chino Pants,Apparel,3,64.72,0,194.16,0
2025-11-17,3212,352,Casey Patel,Regular,Direct,12,Bluetooth Speaker,Electronics,1,98.02,0,98.02,0
2025-11-17,3213,394,Kai Diaz,Champion,Email,17,Ceramic Mug,Home,1,54.95,5,52.2,0
2025-11-17,3213,394,Kai Diaz,Champion,Email,2,Hoodie,Apparel,3,19.91,10,53.76,0
2025-11-17,3214,426,Wren Fischer,Regular,Paid Search,40,Art Kit,Toys,1,53.64,15,45.59,0
2025-11-17,3215,480,Iris Costa,Regular,Social,10,USB-C Cable,Electronics,1,117.18,0,117.18,0
2025-11-17,3216,511,Morgan Petrov,Regular,Direct,20,Towel Set,Home,3,19.75,0,59.25,0
2025-11-17,3217,516,Maya Cohen,Loyal,Email,36,Puzzle 500pc,Toys,1,44.86,10,40.37,0
2025-11-17,3217,516,Maya Cohen,Loyal,Email,26,Shampoo Bar,Beauty,1,33.06,0,33.06,0
2025-11-17,3218,531,Wren Carter,Loyal,Direct,17,Ceramic Mug,Home,1,54.95,0,54.95,0
2025-11-17,3218,531,Wren Carter,Loyal,Direct,23,Vitamin C Serum,Beauty,2,32.33,0,64.66,0
2025-11-17,3219,600,Mateo Hassan,Loyal,Social,2,Hoodie,Apparel,2,19.91,10,35.84,0
2025-11-17,3219,600,Mateo Hassan,Loyal,Social,4,Joggers,Apparel,1,42.18,5,40.07,0
2025-11-17,3219,600,Mateo Hassan,Loyal,Social,12,Bluetooth Speaker,Electronics,2,98.02,0,196.04,0
2025-11-17,3219,600,Mateo Hassan,Loyal,Social,20,Towel Set,Home,1,19.75,10,17.78,0
2025-11-17,3220,646,Quinn Romano,Regular,Organic,13,Webcam,Electronics,1,64,0,64,0
2025-11-17,3220,646,Quinn Romano,Regular,Organic,26,Shampoo Bar,Beauty,1,33.06,0,33.06,0
2025-11-17,3220,646,Quinn Romano,Regular,Organic,13,Webcam,Electronics,1,64,0,64,0
2025-11-17,3221,648,Noel Mendez,New,Social,5,Socks 3-Pack,Apparel,1,65.81,25,49.36,0
2025-11-17,3221,648,Noel Mendez,New,Social,29,Yoga Mat,Sports,1,24.63,25,18.47,0
2025-11-17,3222,673,Iris Ahmed,Regular,Organic,21,Storage Bin,Home,3,28.6,10,77.22,1
2025-11-17,3223,696,Riley Tan,Champion,Referral,1,Crew Tee,Apparel,1,53.87,20,43.1,0
2025-11-17,3224,740,Drew Bauer,Regular,Paid Search,34,Running Belt,Sports,2,29.4,0,58.8,0
2025-11-17,3225,772,Ivy Fischer,Regular,Email,11,Phone Case,Electronics,1,22.01,0,22.01,0
2025-11-17,3225,772,Ivy Fischer,Regular,Email,21,Storage Bin,Home,2,28.6,0,57.2,0
2025-11-17,3225,772,Ivy Fischer,Regular,Email,29,Yoga Mat,Sports,2,24.63,0,49.26,0
2025-11-17,3226,813,Nora Hassan,Loyal,Referral,8,Chino Pants,Apparel,1,64.72,0,64.72,0
2025-11-17,3226,813,Nora Hassan,Loyal,Referral,20,Towel Set,Home,1,19.75,5,18.76,0
2025-11-17,3227,845,Jordan Costa,Champion,Email,25,Sheet Mask,Beauty,1,8.59,0,8.59,0
2025-11-17,3228,924,Rowan Larsen,New,Paid Search,3,Denim Jacket,Apparel,1,65.95,0,65.95,0
2025-11-17,3228,924,Rowan Larsen,New,Paid Search,4,Joggers,Apparel,1,42.18,0,42.18,0
2025-11-17,3229,945,Jamie Novak,Champion,Email,9,Wireless Earbuds,Electronics,2,94.29,5,179.15,0
2025-11-17,3229,945,Jamie Novak,Champion,Email,25,Sheet Mask,Beauty,2,8.59,0,17.18,0
2025-11-17,3229,945,Jamie Novak,Champion,Email,37,Plush Bear,Toys,1,15.95,0,15.95,0
2025-11-17,3229,945,Jamie Novak,Champion,Email,34,Running Belt,Sports,2,29.4,0,58.8,0
2025-11-18,3230,12,Hugo Carter,Loyal,Paid Search,22,Scented Candle,Home,2,18.98,0,37.96,1
2025-11-18,3231,28,Owen Sullivan,Loyal,Organic,9,Wireless Earbuds,Electronics,2,94.29,10,169.72,0
2025-11-18,3232,36,Iris Park,Champion,Organic,31,Resistance Bands,Sports,1,65.69,0,65.69,0
2025-11-18,3232,36,Iris Park,Champion,Organic,9,Wireless Earbuds,Electronics,2,94.29,0,188.58,0
2025-11-18,3233,63,Cole Bauer,Champion,Organic,6,Beanie,Apparel,1,30.7,20,24.56,0
2025-11-18,3234,76,Owen Flynn,Champion,Direct,1,Crew Tee,Apparel,1,53.87,0,53.87,0
2025-11-18,3235,79,Kai Patel,Loyal,Direct,4,Joggers,Apparel,1,42.18,10,37.96,0
2025-11-18,3235,79,Kai Patel,Loyal,Direct,29,Yoga Mat,Sports,1,24.63,0,24.63,0
2025-11-18,3235,79,Kai Patel,Loyal,Direct,20,Towel Set,Home,1,19.75,0,19.75,0
2025-11-18,3236,97,Harper Petrov,At-Risk,Paid Search,30,Water Bottle,Sports,1,46.55,0,46.55,0
2025-11-18,3237,115,Cole Ahmed,Champion,Paid Search,5,Socks 3-Pack,Apparel,3,65.81,0,197.43,0
2025-11-18,3238,145,Iris Yamada,Loyal,Direct,7,Rain Shell,Apparel,1,23.29,0,23.29,0
2025-11-18,3238,145,Iris Yamada,Loyal,Direct,15,Smart Plug,Electronics,1,110.18,0,110.18,0
2025-11-18,3238,145,Iris Yamada,Loyal,Direct,38,Board Game,Toys,1,37.99,10,34.19,0
2025-11-18,3238,145,Iris Yamada,Loyal,Direct,2,Hoodie,Apparel,1,19.91,0,19.91,0
2025-11-18,3239,172,Morgan Okafor,Loyal,Direct,38,Board Game,Toys,1,37.99,10,34.19,0
2025-11-18,3239,172,Morgan Okafor,Loyal,Direct,25,Sheet Mask,Beauty,1,8.59,10,7.73,0
2025-11-18,3240,211,Leo Petrov,Regular,Organic,18,LED Lamp,Home,1,50.85,25,38.14,0
2025-11-18,3240,211,Leo Petrov,Regular,Organic,24,Lip Balm,Beauty,2,36.1,10,64.98,0
2025-11-18,3241,226,Leo Petrov,Champion,Organic,31,Resistance Bands,Sports,1,65.69,5,62.41,0
2025-11-18,3241,226,Leo Petrov,Champion,Organic,9,Wireless Earbuds,Electronics,1,94.29,10,84.86,0
2025-11-18,3241,226,Leo Petrov,Champion,Organic,30,Water Bottle,Sports,1,46.55,0,46.55,0
2025-11-18,3242,281,Avery Reyes,Loyal,Organic,11,Phone Case,Electronics,2,22.01,10,39.62,0
2025-11-18,3242,281,Avery Reyes,Loyal,Organic,18,LED Lamp,Home,1,50.85,0,50.85,0
2025-11-18,3242,281,Avery Reyes,Loyal,Organic,27,Hand Cream,Beauty,1,18.43,0,18.43,0
2025-11-18,3242,281,Avery Reyes,Loyal,Organic,1,Crew Tee,Apparel,1,53.87,5,51.18,0
2025-11-18,3243,310,Jamie Marsh,Loyal,Social,19,Cutting Board,Home,2,53.71,0,107.42,0
2025-11-18,3244,441,Harper Park,Regular,Organic,6,Beanie,Apparel,1,30.7,0,30.7,0
2025-11-18,3245,449,Leo Fischer,Regular,Social,39,RC Car,Toys,3,33.63,0,100.89,0
2025-11-18,3246,478,Rowan Ahmed,Regular,Email,32,Foam Roller,Sports,2,65.98,10,118.76,0
2025-11-18,3247,490,Jamie Romano,Loyal,Organic,17,Ceramic Mug,Home,2,54.95,15,93.42,0
2025-11-18,3248,500,Priya Osei,Regular,Social,33,Jump Rope,Sports,1,33.41,0,33.41,0
2025-11-18,3249,503,Iris Khan,Loyal,Social,33,Jump Rope,Sports,3,33.41,0,100.23,0
2025-11-18,3250,511,Morgan Petrov,Regular,Direct,29,Yoga Mat,Sports,2,24.63,0,49.26,0
2025-11-18,3251,519,Taylor Hassan,At-Risk,Referral,13,Webcam,Electronics,3,64,0,192,1
2025-11-18,3252,531,Wren Carter,Loyal,Direct,11,Phone Case,Electronics,1,22.01,5,20.91,0
2025-11-18,3252,531,Wren Carter,Loyal,Direct,37,Plush Bear,Toys,1,15.95,10,14.36,0
2025-11-18,3253,569,Ivy Reyes,New,Paid Search,3,Denim Jacket,Apparel,1,65.95,0,65.95,0
2025-11-18,3254,704,Owen Nguyen,Champion,Organic,4,Joggers,Apparel,1,42.18,20,33.74,0
2025-11-18,3254,704,Owen Nguyen,Champion,Organic,20,Towel Set,Home,1,19.75,25,14.81,0
2025-11-18,3255,745,Devon Carter,Loyal,Email,22,Scented Candle,Home,2,18.98,0,37.96,0
2025-11-18,3256,775,Nora Patel,Champion,Paid Search,20,Towel Set,Home,2,19.75,20,31.6,0
2025-11-18,3256,775,Nora Patel,Champion,Paid Search,12,Bluetooth Speaker,Electronics,1,98.02,10,88.22,0
2025-11-18,3257,793,Hugo Osei,Champion,Social,22,Scented Candle,Home,1,18.98,5,18.03,0
2025-11-18,3257,793,Hugo Osei,Champion,Social,17,Ceramic Mug,Home,1,54.95,0,54.95,0
2025-11-18,3258,795,Jamie Reyes,Loyal,Email,30,Water Bottle,Sports,1,46.55,0,46.55,0
2025-11-18,3258,795,Jamie Reyes,Loyal,Email,20,Towel Set,Home,1,19.75,10,17.78,1
2025-11-18,3258,795,Jamie Reyes,Loyal,Email,24,Lip Balm,Beauty,2,36.1,5,68.59,0
2025-11-18,3259,805,Cole Costa,Champion,Direct,9,Wireless Earbuds,Electronics,2,94.29,10,169.72,0
2025-11-18,3259,805,Cole Costa,Champion,Direct,36,Puzzle 500pc,Toys,1,44.86,10,40.37,0
2025-11-18,3259,805,Cole Costa,Champion,Direct,21,Storage Bin,Home,2,28.6,25,42.9,0
2025-11-18,3259,805,Cole Costa,Champion,Direct,9,Wireless Earbuds,Electronics,2,94.29,15,160.29,0
2025-11-18,3260,820,Drew Cohen,Loyal,Referral,35,Building Blocks,Toys,2,32.84,0,65.68,0
2025-11-18,3261,853,Morgan Diaz,At-Risk,Organic,15,Smart Plug,Electronics,2,110.18,15,187.31,0
2025-11-18,3261,853,Morgan Diaz,At-Risk,Organic,35,Building Blocks,Toys,1,32.84,10,29.56,1
2025-11-18,3261,853,Morgan Diaz,At-Risk,Organic,36,Puzzle 500pc,Toys,2,44.86,20,71.78,0
2025-11-18,3261,853,Morgan Diaz,At-Risk,Organic,32,Foam Roller,Sports,1,65.98,15,56.08,0
2025-11-18,3262,897,Wren Khan,Loyal,Paid Search,20,Towel Set,Home,2,19.75,10,35.55,0
2025-11-18,3262,897,Wren Khan,Loyal,Paid Search,19,Cutting Board,Home,3,53.71,25,120.85,0
2025-11-18,3263,908,Hugo Diaz,Regular,Direct,40,Art Kit,Toys,2,53.64,0,107.28,0
2025-11-18,3264,954,Morgan Walsh,Regular,Organic,4,Joggers,Apparel,1,42.18,0,42.18,0
2025-11-18,3265,967,Morgan Fischer,Loyal,Organic,24,Lip Balm,Beauty,2,36.1,20,57.76,1
2025-11-18,3265,967,Morgan Fischer,Loyal,Organic,12,Bluetooth Speaker,Electronics,2,98.02,15,166.63,0
2025-11-18,3265,967,Morgan Fischer,Loyal,Organic,31,Resistance Bands,Sports,1,65.69,10,59.12,0
2025-11-18,3265,967,Morgan Fischer,Loyal,Organic,29,Yoga Mat,Sports,1,24.63,25,18.47,0
2025-11-18,3266,971,Nora Reid,Regular,Email,19,Cutting Board,Home,2,53.71,0,107.42,0
2025-11-18,3266,971,Nora Reid,Regular,Email,21,Storage Bin,Home,1,28.6,0,28.6,0
2025-11-18,3266,971,Nora Reid,Regular,Email,16,Throw Pillow,Home,1,19.11,0,19.11,0
2025-11-18,3266,971,Nora Reid,Regular,Email,33,Jump Rope,Sports,1,33.41,0,33.41,0
2025-11-19,3267,4,Leo Marsh,Regular,Social,17,Ceramic Mug,Home,1,54.95,0,54.95,0
2025-11-19,3267,4,Leo Marsh,Regular,Social,38,Board Game,Toys,3,37.99,0,113.97,0
2025-11-19,3268,20,Ezra Romano,Regular,Email,35,Building Blocks,Toys,3,32.84,0,98.52,0
2025-11-19,3268,20,Ezra Romano,Regular,Email,36,Puzzle 500pc,Toys,1,44.86,0,44.86,0
2025-11-19,3269,34,Devon Brooks,Regular,Direct,20,Towel Set,Home,3,19.75,0,59.25,0
2025-11-19,3270,76,Owen Flynn,Champion,Direct,12,Bluetooth Speaker,Electronics,3,98.02,0,294.06,0
2025-11-19,3270,76,Owen Flynn,Champion,Direct,38,Board Game,Toys,1,37.99,0,37.99,0
2025-11-19,3271,85,Jamie Bauer,New,Email,30,Water Bottle,Sports,2,46.55,0,93.1,0
2025-11-19,3271,85,Jamie Bauer,New,Email,15,Smart Plug,Electronics,1,110.18,0,110.18,0
2025-11-19,3271,85,Jamie Bauer,New,Email,11,Phone Case,Electronics,2,22.01,0,44.02,0
2025-11-19,3271,85,Jamie Bauer,New,Email,4,Joggers,Apparel,2,42.18,0,84.36,0
2025-11-19,3272,92,Iris Ibarra,Champion,Email,28,SPF 50 Lotion,Beauty,1,34.44,0,34.44,0
2025-11-19,3272,92,Iris Ibarra,Champion,Email,9,Wireless Earbuds,Electronics,1,94.29,10,84.86,0
2025-11-19,3273,101,Noel Ibarra,Loyal,Paid Search,34,Running Belt,Sports,2,29.4,10,52.92,0
2025-11-19,3274,124,Ezra Kowalski,Champion,Social,29,Yoga Mat,Sports,1,24.63,5,23.4,0
2025-11-19,3274,124,Ezra Kowalski,Champion,Social,29,Yoga Mat,Sports,1,24.63,10,22.17,0
2025-11-19,3275,127,Lila Ahmed,New,Referral,36,Puzzle 500pc,Toys,1,44.86,0,44.86,0
2025-11-19,3275,127,Lila Ahmed,New,Referral,16,Throw Pillow,Home,1,19.11,0,19.11,0
2025-11-19,3275,127,Lila Ahmed,New,Referral,8,Chino Pants,Apparel,2,64.72,0,129.44,0
2025-11-19,3276,133,Tessa Petrov,Regular,Social,25,Sheet Mask,Beauty,1,8.59,0,8.59,0
2025-11-19,3277,158,Mateo Fischer,Regular,Social,13,Webcam,Electronics,1,64,0,64,0
2025-11-19,3277,158,Mateo Fischer,Regular,Social,18,LED Lamp,Home,1,50.85,0,50.85,0
2025-11-19,3278,171,Devon Larsen,At-Risk,Email,4,Joggers,Apparel,1,42.18,0,42.18,0
2025-11-19,3279,189,Noel Romano,Champion,Organic,25,Sheet Mask,Beauty,1,8.59,0,8.59,0
2025-11-19,3280,218,Taylor Patel,Champion,Paid Search,24,Lip Balm,Beauty,1,36.1,5,34.3,0
2025-11-19,3280,218,Taylor Patel,Champion,Paid Search,14,Power Bank,Electronics,1,64.37,0,64.37,0
2025-11-19,3280,218,Taylor Patel,Champion,Paid Search,23,Vitamin C Serum,Beauty,2,32.33,0,64.66,0
2025-11-19,3280,218,Taylor Patel,Champion,Paid Search,40,Art Kit,Toys,3,53.64,10,144.83,0
2025-11-19,3281,279,Ivy Fischer,Loyal,Email,31,Resistance Bands,Sports,1,65.69,15,55.84,0
2025-11-19,3281,279,Ivy Fischer,Loyal,Email,11,Phone Case,Electronics,1,22.01,15,18.71,0
2025-11-19,3281,279,Ivy Fischer,Loyal,Email,12,Bluetooth Speaker,Electronics,1,98.02,20,78.42,0
2025-11-19,3282,286,Leo Petrov,Champion,Referral,30,Water Bottle,Sports,2,46.55,10,83.79,0
2025-11-19,3283,292,Cole Marsh,Champion,Direct,29,Yoga Mat,Sports,1,24.63,0,24.63,0
2025-11-19,3283,292,Cole Marsh,Champion,Direct,5,Socks 3-Pack,Apparel,1,65.81,0,65.81,0
2025-11-19,3284,317,Taylor Brooks,Regular,Email,30,Water Bottle,Sports,1,46.55,0,46.55,0
2025-11-19,3285,351,Harper Costa,Loyal,Email,39,RC Car,Toys,1,33.63,0,33.63,0
2025-11-19,3286,398,Harper Larsen,Loyal,Paid Search,38,Board Game,Toys,2,37.99,5,72.18,0
2025-11-19,3287,421,Quinn Petrov,New,Email,39,RC Car,Toys,2,33.63,0,67.26,0
2025-11-19,3288,437,Lila Marsh,Loyal,Email,10,USB-C Cable,Electronics,1,117.18,0,117.18,0
2025-11-19,3289,460,Harper Tan,Champion,Email,36,Puzzle 500pc,Toys,1,44.86,0,44.86,0
2025-11-19,3290,470,Ezra Tan,Champion,Social,19,Cutting Board,Home,1,53.71,0,53.71,0
2025-11-19,3291,499,Hugo Fischer,New,Email,18,LED Lamp,Home,1,50.85,0,50.85,0
2025-11-19,3292,576,Noel Petrov,Loyal,Paid Search,25,Sheet Mask,Beauty,1,8.59,5,8.16,0
2025-11-19,3293,587,Drew Cohen,Loyal,Referral,8,Chino Pants,Apparel,1,64.72,5,61.48,0
2025-11-19,3293,587,Drew Cohen,Loyal,Referral,18,LED Lamp,Home,3,50.85,5,144.92,0
2025-11-19,3293,587,Drew Cohen,Loyal,Referral,24,Lip Balm,Beauty,1,36.1,10,32.49,0
2025-11-19,3293,587,Drew Cohen,Loyal,Referral,31,Resistance Bands,Sports,1,65.69,10,59.12,0
2025-11-19,3294,601,Owen Carter,Loyal,Social,6,Beanie,Apparel,2,30.7,5,58.33,0
2025-11-19,3294,601,Owen Carter,Loyal,Social,18,LED Lamp,Home,1,50.85,0,50.85,0
2025-11-19,3295,603,Iris Costa,Regular,Paid Search,8,Chino Pants,Apparel,1,64.72,0,64.72,0
2025-11-19,3295,603,Iris Costa,Regular,Paid Search,40,Art Kit,Toys,2,53.64,0,107.28,0
2025-11-19,3295,603,Iris Costa,Regular,Paid Search,32,Foam Roller,Sports,1,65.98,0,65.98,0
2025-11-19,3296,640,Avery Romano,Champion,Organic,30,Water Bottle,Sports,3,46.55,5,132.67,0
2025-11-19,3297,647,Jordan Fischer,Loyal,Organic,4,Joggers,Apparel,3,42.18,10,113.89,0
2025-11-19,3297,647,Jordan Fischer,Loyal,Organic,36,Puzzle 500pc,Toys,1,44.86,20,35.89,0
2025-11-19,3297,647,Jordan Fischer,Loyal,Organic,27,Hand Cream,Beauty,1,18.43,15,15.67,0
2025-11-19,3297,647,Jordan Fischer,Loyal,Organic,18,LED Lamp,Home,1,50.85,20,40.68,0
2025-11-19,3298,652,Quinn Petrov,Loyal,Paid Search,24,Lip Balm,Beauty,1,36.1,5,34.3,0
2025-11-19,3298,652,Quinn Petrov,Loyal,Paid Search,4,Joggers,Apparel,1,42.18,0,42.18,1
2025-11-19,3299,657,Maya Osei,Loyal,Direct,9,Wireless Earbuds,Electronics,1,94.29,20,75.43,0
2025-11-19,3299,657,Maya Osei,Loyal,Direct,18,LED Lamp,Home,3,50.85,10,137.3,0
2025-11-19,3299,657,Maya Osei,Loyal,Direct,23,Vitamin C Serum,Beauty,1,32.33,10,29.1,0
2025-11-19,3300,678,Mateo Cohen,Champion,Social,10,USB-C Cable,Electronics,1,117.18,10,105.46,0
2025-11-19,3300,678,Mateo Cohen,Champion,Social,7,Rain Shell,Apparel,1,23.29,0,23.29,0
2025-11-19,3300,678,Mateo Cohen,Champion,Social,36,Puzzle 500pc,Toys,3,44.86,10,121.12,0
2025-11-19,3301,705,Jamie Park,Champion,Paid Search,28,SPF 50 Lotion,Beauty,1,34.44,0,34.44,0
2025-11-19,3302,709,Ezra Mendez,Loyal,Referral,1,Crew Tee,Apparel,2,53.87,5,102.35,1
2025-11-19,3303,852,Sasha Ahmed,Champion,Referral,30,Water Bottle,Sports,3,46.55,0,139.65,0
2025-11-19,3304,893,Kai Sullivan,Loyal,Organic,39,RC Car,Toys,1,33.63,0,33.63,0
2025-11-19,3305,931,Cole Reid,Champion,Organic,38,Board Game,Toys,1,37.99,10,34.19,0
2025-11-19,3305,931,Cole Reid,Champion,Organic,35,Building Blocks,Toys,3,32.84,25,73.89,0
2025-11-19,3305,931,Cole Reid,Champion,Organic,30,Water Bottle,Sports,1,46.55,20,37.24,0
2025-11-19,3306,932,Ivy Reid,New,Email,38,Board Game,Toys,1,37.99,0,37.99,0
2025-11-19,3307,943,Rowan Petrov,New,Direct,31,Resistance Bands,Sports,2,65.69,0,131.38,0
2025-11-20,3308,66,Devon Reyes,Champion,Organic,4,Joggers,Apparel,2,42.18,0,84.36,0
2025-11-20,3309,79,Kai Patel,Loyal,Direct,8,Chino Pants,Apparel,1,64.72,25,48.54,0
2025-11-20,3309,79,Kai Patel,Loyal,Direct,37,Plush Bear,Toys,1,15.95,20,12.76,0
2025-11-20,3309,79,Kai Patel,Loyal,Direct,40,Art Kit,Toys,1,53.64,10,48.28,0
2025-11-20,3310,131,Priya Cohen,Champion,Referral,29,Yoga Mat,Sports,1,24.63,0,24.63,0
2025-11-20,3311,160,Hugo Brooks,Loyal,Paid Search,38,Board Game,Toys,3,37.99,10,102.57,0
2025-11-20,3312,230,Noel Patel,Loyal,Paid Search,9,Wireless Earbuds,Electronics,1,94.29,15,80.15,0
2025-11-20,3312,230,Noel Patel,Loyal,Paid Search,21,Storage Bin,Home,1,28.6,25,21.45,0
2025-11-20,3313,238,Avery Reyes,Champion,Referral,18,LED Lamp,Home,1,50.85,0,50.85,0
2025-11-20,3313,238,Avery Reyes,Champion,Referral,3,Denim Jacket,Apparel,1,65.95,5,62.65,0
2025-11-20,3314,249,Harper Patel,Regular,Organic,6,Beanie,Apparel,1,30.7,0,30.7,0
2025-11-20,3314,249,Harper Patel,Regular,Organic,1,Crew Tee,Apparel,2,53.87,0,107.74,0
2025-11-20,3315,275,Jordan Fischer,Loyal,Referral,35,Building Blocks,Toys,1,32.84,0,32.84,0
2025-11-20,3316,329,Rowan Park,At-Risk,Direct,34,Running Belt,Sports,2,29.4,0,58.8,0
2025-11-20,3317,341,Tessa Diaz,At-Risk,Paid Search,26,Shampoo Bar,Beauty,1,33.06,0,33.06,0
2025-11-20,3318,360,Iris Costa,At-Risk,Referral,15,Smart Plug,Electronics,1,110.18,0,110.18,0
2025-11-20,3319,386,Rowan Mendez,Loyal,Referral,38,Board Game,Toys,1,37.99,5,36.09,0
2025-11-20,3319,386,Rowan Mendez,Loyal,Referral,15,Smart Plug,Electronics,1,110.18,0,110.18,0
2025-11-20,3320,407,Drew Petrov,New,Paid Search,24,Lip Balm,Beauty,1,36.1,0,36.1,0
2025-11-20,3320,407,Drew Petrov,New,Paid Search,18,LED Lamp,Home,1,50.85,0,50.85,0
2025-11-20,3321,411,Nora Hassan,Regular,Social,32,Foam Roller,Sports,1,65.98,25,49.49,0
2025-11-20,3321,411,Nora Hassan,Regular,Social,10,USB-C Cable,Electronics,1,117.18,15,99.6,0
2025-11-20,3322,412,Riley Diaz,Regular,Email,20,Towel Set,Home,3,19.75,0,59.25,0
2025-11-20,3323,431,Mateo Ibarra,Loyal,Referral,18,LED Lamp,Home,1,50.85,5,48.31,0
2025-11-20,3324,435,Quinn Patel,New,Direct,8,Chino Pants,Apparel,1,64.72,0,64.72,0
2025-11-20,3324,435,Quinn Patel,New,Direct,16,Throw Pillow,Home,1,19.11,0,19.11,0
2025-11-20,3324,435,Quinn Patel,New,Direct,11,Phone Case,Electronics,2,22.01,0,44.02,0
2025-11-20,3325,438,Maya Cohen,New,Direct,2,Hoodie,Apparel,1,19.91,0,19.91,0
2025-11-20,3325,438,Maya Cohen,New,Direct,25,Sheet Mask,Beauty,1,8.59,0,8.59,0
2025-11-20,3325,438,Maya Cohen,New,Direct,8,Chino Pants,Apparel,2,64.72,0,129.44,0
2025-11-20,3326,471,Ivy Fischer,Champion,Email,10,USB-C Cable,Electronics,2,117.18,0,234.36,0
2025-11-20,3326,471,Ivy Fischer,Champion,Email,23,Vitamin C Serum,Beauty,2,32.33,10,58.19,0
2025-11-20,3327,479,Leo Ibarra,Loyal,Referral,34,Running Belt,Sports,1,29.4,0,29.4,0
2025-11-20,3327,479,Leo Ibarra,Loyal,Referral,38,Board Game,Toys,2,37.99,0,75.98,0
2025-11-20,3327,479,Leo Ibarra,Loyal,Referral,31,Resistance Bands,Sports,3,65.69,0,197.07,0
2025-11-20,3327,479,Leo Ibarra,Loyal,Referral,40,Art Kit,Toys,2,53.64,0,107.28,0
2025-11-20,3328,500,Priya Osei,Regular,Social,32,Foam Roller,Sports,1,65.98,0,65.98,0
2025-11-20,3329,509,Devon Bauer,New,Paid Search,21,Storage Bin,Home,1,28.6,0,28.6,0
2025-11-20,3330,510,Drew Cohen,Loyal,Email,21,Storage Bin,Home,2,28.6,0,57.2,0
2025-11-20,3331,550,Cole Ibarra,Champion,Organic,5,Socks 3-Pack,Apparel,1,65.81,20,52.65,0
2025-11-20,3331,550,Cole Ibarra,Champion,Organic,31,Resistance Bands,Sports,1,65.69,10,59.12,0
2025-11-20,3332,584,Maya Mendez,Regular,Email,7,Rain Shell,Apparel,3,23.29,0,69.87,0
2025-11-20,3333,651,Leo Petrov,Champion,Organic,34,Running Belt,Sports,3,29.4,0,88.2,1
2025-11-20,3333,651,Leo Petrov,Champion,Organic,5,Socks 3-Pack,Apparel,1,65.81,0,65.81,1
2025-11-20,3334,710,Nora Khan,Champion,Email,34,Running Belt,Sports,1,29.4,10,26.46,0
2025-11-20,3335,716,Iris Reyes,Champion,Email,38,Board Game,Toys,1,37.99,0,37.99,1
2025-11-20,3335,716,Iris Reyes,Champion,Email,7,Rain Shell,Apparel,1,23.29,0,23.29,0
2025-11-20,3335,716,Iris Reyes,Champion,Email,24,Lip Balm,Beauty,2,36.1,5,68.59,0
2025-11-20,3335,716,Iris Reyes,Champion,Email,5,Socks 3-Pack,Apparel,3,65.81,10,177.69,0
2025-11-20,3336,779,Hugo Ibarra,Loyal,Organic,34,Running Belt,Sports,1,29.4,15,24.99,0
2025-11-20,3336,779,Hugo Ibarra,Loyal,Organic,38,Board Game,Toys,1,37.99,15,32.29,0
2025-11-20,3336,779,Hugo Ibarra,Loyal,Organic,9,Wireless Earbuds,Electronics,1,94.29,25,70.72,0
2025-11-20,3337,829,Morgan Reid,Loyal,Email,7,Rain Shell,Apparel,1,23.29,10,20.96,1
2025-11-20,3338,859,Mateo Mendez,Champion,Email,11,Phone Case,Electronics,1,22.01,0,22.01,0
2025-11-20,3339,875,Cole Larsen,Loyal,Email,39,RC Car,Toys,1,33.63,5,31.95,0
2025-11-20,3340,922,Ivy Fischer,Regular,Referral,1,Crew Tee,Apparel,1,53.87,0,53.87,0
2025-11-20,3340,922,Ivy Fischer,Regular,Referral,32,Foam Roller,Sports,3,65.98,0,197.94,0
2025-11-20,3341,931,Cole Reid,Champion,Organic,34,Running Belt,Sports,1,29.4,10,26.46,0
2025-11-20,3341,931,Cole Reid,Champion,Organic,37,Plush Bear,Toys,2,15.95,0,31.9,0
2025-11-20,3342,949,Quinn Okafor,Champion,Organic,24,Lip Balm,Beauty,2,36.1,0,72.2,0
2025-11-20,3342,949,Quinn Okafor,Champion,Organic,8,Chino Pants,Apparel,1,64.72,10,58.25,0
2025-11-20,3343,953,Jamie Reid,Champion,Referral,23,Vitamin C Serum,Beauty,3,32.33,5,92.14,0
2025-11-21,3344,6,Tessa Walsh,Loyal,Organic,26,Shampoo Bar,Beauty,1,33.06,10,29.75,0
2025-11-21,3344,6,Tessa Walsh,Loyal,Organic,19,Cutting Board,Home,1,53.71,10,48.34,0
2025-11-21,3344,6,Tessa Walsh,Loyal,Organic,25,Sheet Mask,Beauty,1,8.59,0,8.59,0
2025-11-21,3345,17,Casey Khan,Loyal,Referral,22,Scented Candle,Home,1,18.98,5,18.03,0
2025-11-21,3346,27,Nora Bauer,Champion,Referral,6,Beanie,Apparel,3,30.7,10,82.89,0
2025-11-21,3346,27,Nora Bauer,Champion,Referral,6,Beanie,Apparel,1,30.7,0,30.7,0
2025-11-21,3347,29,Nora Sullivan,New,Social,27,Hand Cream,Beauty,1,18.43,0,18.43,0
2025-11-21,3348,84,Hugo Kowalski,Loyal,Direct,34,Running Belt,Sports,1,29.4,0,29.4,0
2025-11-21,3348,84,Hugo Kowalski,Loyal,Direct,34,Running Belt,Sports,1,29.4,5,27.93,0
2025-11-21,3348,84,Hugo Kowalski,Loyal,Direct,34,Running Belt,Sports,1,29.4,0,29.4,0
2025-11-21,3349,86,Priya Okafor,Champion,Email,8,Chino Pants,Apparel,1,64.72,0,64.72,0
2025-11-21,3350,114,Avery Marsh,Loyal,Social,32,Foam Roller,Sports,1,65.98,15,56.08,0
2025-11-21,3351,131,Priya Cohen,Champion,Referral,35,Building Blocks,Toys,1,32.84,0,32.84,0
2025-11-21,3352,140,Cole Marsh,Loyal,Email,18,LED Lamp,Home,1,50.85,0,50.85,0
2025-11-21,3352,140,Cole Marsh,Loyal,Email,28,SPF 50 Lotion,Beauty,1,34.44,0,34.44,0
2025-11-21,3352,140,Cole Marsh,Loyal,Email,16,Throw Pillow,Home,1,19.11,5,18.15,0
2025-11-21,3353,141,Maya Romano,Loyal,Organic,29,Yoga Mat,Sports,1,24.63,0,24.63,1
2025-11-21,3353,141,Maya Romano,Loyal,Organic,19,Cutting Board,Home,3,53.71,5,153.07,0
2025-11-21,3353,141,Maya Romano,Loyal,Organic,4,Joggers,Apparel,1,42.18,0,42.18,0
2025-11-21,3353,141,Maya Romano,Loyal,Organic,14,Power Bank,Electronics,2,64.37,5,122.3,0
2025-11-21,3354,186,Kai Novak,Loyal,Organic,29,Yoga Mat,Sports,2,24.63,20,39.41,0
2025-11-21,3355,226,Leo Petrov,Champion,Organic,8,Chino Pants,Apparel,1,64.72,0,64.72,0
2025-11-21,3356,256,Quinn Okafor,New,Social,12,Bluetooth Speaker,Electronics,1,98.02,0,98.02,0
2025-11-21,3357,286,Leo Petrov,Champion,Referral,5,Socks 3-Pack,Apparel,1,65.81,10,59.23,0
2025-11-21,3357,286,Leo Petrov,Champion,Referral,7,Rain Shell,Apparel,1,23.29,5,22.13,0
2025-11-21,3358,351,Harper Costa,Loyal,Email,10,USB-C Cable,Electronics,1,117.18,5,111.32,0
2025-11-21,3358,351,Harper Costa,Loyal,Email,2,Hoodie,Apparel,2,19.91,0,39.82,0
2025-11-21,3359,422,Iris Mendez,Champion,Social,10,USB-C Cable,Electronics,1,117.18,0,117.18,0
2025-11-21,3359,422,Iris Mendez,Champion,Social,2,Hoodie,Apparel,1,19.91,0,19.91,0
2025-11-21,3360,426,Wren Fischer,Regular,Paid Search,12,Bluetooth Speaker,Electronics,2,98.02,10,176.44,0
2025-11-21,3361,450,Lila Bauer,Loyal,Paid Search,17,Ceramic Mug,Home,1,54.95,0,54.95,0
2025-11-21,3361,450,Lila Bauer,Loyal,Paid Search,7,Rain Shell,Apparel,1,23.29,5,22.13,0
2025-11-21,3361,450,Lila Bauer,Loyal,Paid Search,15,Smart Plug,Electronics,1,110.18,10,99.16,0
2025-11-21,3362,527,Jamie Fischer,Champion,Referral,11,Phone Case,Electronics,1,22.01,20,17.61,0
2025-11-21,3363,534,Iris Nguyen,Regular,Social,34,Running Belt,Sports,1,29.4,0,29.4,0
2025-11-21,3364,551,Devon Fischer,Loyal,Social,36,Puzzle 500pc,Toys,1,44.86,5,42.62,0
2025-11-21,3365,584,Maya Mendez,Regular,Email,22,Scented Candle,Home,1,18.98,0,18.98,0
2025-11-21,3365,584,Maya Mendez,Regular,Email,37,Plush Bear,Toys,2,15.95,0,31.9,0
2025-11-21,3365,584,Maya Mendez,Regular,Email,28,SPF 50 Lotion,Beauty,1,34.44,0,34.44,0
2025-11-21,3366,590,Leo Okafor,Champion,Direct,5,Socks 3-Pack,Apparel,2,65.81,15,111.88,1
2025-11-21,3366,590,Leo Okafor,Champion,Direct,16,Throw Pillow,Home,1,19.11,15,16.24,1
2025-11-21,3367,636,Casey Petrov,Loyal,Organic,10,USB-C Cable,Electronics,1,117.18,5,111.32,0
2025-11-21,3368,647,Jordan Fischer,Loyal,Organic,4,Joggers,Apparel,3,42.18,0,126.54,0
2025-11-21,3369,670,Hugo Romano,At-Risk,Organic,11,Phone Case,Electronics,3,22.01,20,52.82,0
2025-11-21,3370,699,Jordan Ibarra,Regular,Organic,29,Yoga Mat,Sports,1,24.63,0,24.63,0
2025-11-21,3371,716,Iris Reyes,Champion,Email,40,Art Kit,Toys,1,53.64,0,53.64,0
2025-11-21,3372,775,Nora Patel,Champion,Paid Search,3,Denim Jacket,Apparel,1,65.95,5,62.65,0
2025-11-21,3373,802,Ezra Brooks,New,Social,31,Resistance Bands,Sports,1,65.69,0,65.69,0
2025-11-21,3374,813,Nora Hassan,Loyal,Referral,26,Shampoo Bar,Beauty,3,33.06,0,99.18,0
2025-11-21,3374,813,Nora Hassan,Loyal,Referral,16,Throw Pillow,Home,1,19.11,5,18.15,0
2025-11-21,3375,819,Nora Mendez,Champion,Paid Search,4,Joggers,Apparel,1,42.18,10,37.96,0
2025-11-21,3376,821,Quinn Sullivan,New,Organic,15,Smart Plug,Electronics,1,110.18,0,110.18,0
2025-11-21,3376,821,Quinn Sullivan,New,Organic,29,Yoga Mat,Sports,1,24.63,0,24.63,1
2025-11-21,3377,822,Mateo Petrov,New,Referral,34,Running Belt,Sports,3,29.4,0,88.2,0
2025-11-21,3377,822,Mateo Petrov,New,Referral,37,Plush Bear,Toys,1,15.95,0,15.95,0
2025-11-21,3377,822,Mateo Petrov,New,Referral,29,Yoga Mat,Sports,1,24.63,0,24.63,0
2025-11-21,3378,870,Sasha Sullivan,New,Organic,27,Hand Cream,Beauty,1,18.43,0,18.43,0
2025-11-21,3378,870,Sasha Sullivan,New,Organic,18,LED Lamp,Home,1,50.85,0,50.85,0
2025-11-21,3379,883,Maya Yamada,Regular,Paid Search,40,Art Kit,Toys,1,53.64,0,53.64,0
2025-11-21,3380,915,Riley Park,Champion,Referral,8,Chino Pants,Apparel,2,64.72,5,122.97,0
2025-11-21,3380,915,Riley Park,Champion,Referral,14,Power Bank,Electronics,1,64.37,10,57.93,0
2025-11-21,3381,931,Cole Reid,Champion,Organic,35,Building Blocks,Toys,1,32.84,5,31.2,0
2025-11-21,3382,950,Reese Bauer,Loyal,Social,17,Ceramic Mug,Home,2,54.95,10,98.91,0
2025-11-21,3382,950,Reese Bauer,Loyal,Social,6,Beanie,Apparel,3,30.7,10,82.89,0
2025-11-21,3382,950,Reese Bauer,Loyal,Social,31,Resistance Bands,Sports,1,65.69,0,65.69,0
2025-11-21,3383,987,Jordan Sullivan,Champion,Paid Search,30,Water Bottle,Sports,1,46.55,5,44.22,0
2025-11-21,3384,991,Reese Osei,Loyal,Referral,25,Sheet Mask,Beauty,1,8.59,25,6.44,1
2025-11-21,3384,991,Reese Osei,Loyal,Referral,32,Foam Roller,Sports,1,65.98,25,49.49,0
2025-11-21,3384,991,Reese Osei,Loyal,Referral,16,Throw Pillow,Home,1,19.11,20,15.29,0
2025-11-22,3385,5,Maya Reyes,New,Paid Search,7,Rain Shell,Apparel,2,23.29,25,34.94,0
2025-11-22,3386,7,Wren Larsen,Loyal,Referral,3,Denim Jacket,Apparel,1,65.95,0,65.95,0
2025-11-22,3387,50,Drew Brooks,Champion,Email,36,Puzzle 500pc,Toys,1,44.86,0,44.86,0
2025-11-22,3388,63,Cole Bauer,Champion,Organic,20,Towel Set,Home,2,19.75,0,39.5,0
2025-11-22,3389,66,Devon Reyes,Champion,Organic,10,USB-C Cable,Electronics,2,117.18,10,210.92,0
2025-11-22,3389,66,Devon Reyes,Champion,Organic,22,Scented Candle,Home,1,18.98,0,18.98,0
2025-11-22,3389,66,Devon Reyes,Champion,Organic,4,Joggers,Apparel,1,42.18,0,42.18,0
2025-11-22,3389,66,Devon Reyes,Champion,Organic,30,Water Bottle,Sports,1,46.55,5,44.22,0
2025-11-22,3390,124,Ezra Kowalski,Champion,Social,22,Scented Candle,Home,1,18.98,10,17.08,0
2025-11-22,3390,124,Ezra Kowalski,Champion,Social,33,Jump Rope,Sports,1,33.41,5,31.74,0
2025-11-22,3391,151,Harper Patel,Loyal,Social,18,LED Lamp,Home,1,50.85,5,48.31,0
2025-11-22,3392,159,Jordan Tan,Loyal,Direct,18,LED Lamp,Home,1,50.85,5,48.31,0
2025-11-22,3392,159,Jordan Tan,Loyal,Direct,39,RC Car,Toys,1,33.63,5,31.95,0
2025-11-22,3392,159,Jordan Tan,Loyal,Direct,13,Webcam,Electronics,2,64,5,121.6,0
2025-11-22,3392,159,Jordan Tan,Loyal,Direct,36,Puzzle 500pc,Toys,2,44.86,10,80.75,0
2025-11-22,3393,193,Nora Cohen,Loyal,Paid Search,18,LED Lamp,Home,1,50.85,0,50.85,0
2025-11-22,3393,193,Nora Cohen,Loyal,Paid Search,26,Shampoo Bar,Beauty,1,33.06,10,29.75,0
2025-11-22,3393,193,Nora Cohen,Loyal,Paid Search,26,Shampoo Bar,Beauty,2,33.06,0,66.12,0
2025-11-22,3393,193,Nora Cohen,Loyal,Paid Search,8,Chino Pants,Apparel,1,64.72,5,61.48,0
2025-11-22,3394,218,Taylor Patel,Champion,Paid Search,12,Bluetooth Speaker,Electronics,1,98.02,0,98.02,0
2025-11-22,3395,412,Riley Diaz,Regular,Email,37,Plush Bear,Toys,3,15.95,25,35.89,0
2025-11-22,3395,412,Riley Diaz,Regular,Email,39,RC Car,Toys,1,33.63,15,28.59,0
2025-11-22,3396,416,Ivy Larsen,Loyal,Organic,6,Beanie,Apparel,1,30.7,5,29.17,0
2025-11-22,3396,416,Ivy Larsen,Loyal,Organic,16,Throw Pillow,Home,1,19.11,5,18.15,0
2025-11-22,3397,472,Noel Ibarra,Loyal,Direct,17,Ceramic Mug,Home,1,54.95,5,52.2,0
2025-11-22,3397,472,Noel Ibarra,Loyal,Direct,3,Denim Jacket,Apparel,1,65.95,5,62.65,1
2025-11-22,3397,472,Noel Ibarra,Loyal,Direct,22,Scented Candle,Home,1,18.98,10,17.08,0
2025-11-22,3397,472,Noel Ibarra,Loyal,Direct,4,Joggers,Apparel,2,42.18,10,75.92,0
2025-11-22,3398,494,Wren Fischer,Loyal,Email,18,LED Lamp,Home,1,50.85,5,48.31,0
2025-11-22,3399,510,Drew Cohen,Loyal,Email,25,Sheet Mask,Beauty,1,8.59,20,6.87,0
2025-11-22,3400,526,Mateo Flynn,Regular,Social,11,Phone Case,Electronics,1,22.01,0,22.01,0
2025-11-22,3400,526,Mateo Flynn,Regular,Social,2,Hoodie,Apparel,1,19.91,0,19.91,0
2025-11-22,3401,531,Wren Carter,Loyal,Direct,6,Beanie,Apparel,2,30.7,15,52.19,0
2025-11-22,3401,531,Wren Carter,Loyal,Direct,4,Joggers,Apparel,1,42.18,15,35.85,0
2025-11-22,3402,544,Taylor Park,Regular,Social,22,Scented Candle,Home,1,18.98,0,18.98,0
2025-11-22,3402,544,Taylor Park,Regular,Social,28,SPF 50 Lotion,Beauty,2,34.44,0,68.88,0
2025-11-22,3402,544,Taylor Park,Regular,Social,36,Puzzle 500pc,Toys,2,44.86,0,89.72,1
2025-11-22,3402,544,Taylor Park,Regular,Social,40,Art Kit,Toys,1,53.64,0,53.64,0
2025-11-22,3403,550,Cole Ibarra,Champion,Organic,40,Art Kit,Toys,2,53.64,5,101.92,0
2025-11-22,3403,550,Cole Ibarra,Champion,Organic,31,Resistance Bands,Sports,1,65.69,10,59.12,0
2025-11-22,3403,550,Cole Ibarra,Champion,Organic,36,Puzzle 500pc,Toys,1,44.86,0,44.86,0
2025-11-22,3403,550,Cole Ibarra,Champion,Organic,3,Denim Jacket,Apparel,3,65.95,0,197.85,0
2025-11-22,3404,583,Lila Diaz,Loyal,Direct,27,Hand Cream,Beauty,1,18.43,10,16.59,0
2025-11-22,3404,583,Lila Diaz,Loyal,Direct,13,Webcam,Electronics,1,64,10,57.6,0
2025-11-22,3405,600,Mateo Hassan,Loyal,Social,34,Running Belt,Sports,1,29.4,10,26.46,0
2025-11-22,3406,650,Owen Patel,New,Referral,22,Scented Candle,Home,1,18.98,0,18.98,0
2025-11-22,3407,657,Maya Osei,Loyal,Direct,20,Towel Set,Home,1,19.75,15,16.79,0
2025-11-22,3408,696,Riley Tan,Champion,Referral,37,Plush Bear,Toys,1,15.95,0,15.95,0
2025-11-22,3409,704,Owen Nguyen,Champion,Organic,37,Plush Bear,Toys,3,15.95,10,43.07,0
2025-11-22,3409,704,Owen Nguyen,Champion,Organic,24,Lip Balm,Beauty,1,36.1,15,30.69,0
2025-11-22,3409,704,Owen Nguyen,Champion,Organic,20,Towel Set,Home,3,19.75,10,53.33,0
2025-11-22,3410,705,Jamie Park,Champion,Paid Search,32,Foam Roller,Sports,2,65.98,10,118.76,0
2025-11-22,3410,705,Jamie Park,Champion,Paid Search,12,Bluetooth Speaker,Electronics,1,98.02,0,98.02,0
2025-11-22,3411,711,Morgan Novak,Loyal,Direct,5,Socks 3-Pack,Apparel,2,65.81,0,131.62,0
2025-11-22,3412,730,Sasha Mendez,Regular,Email,18,LED Lamp,Home,1,50.85,0,50.85,0
2025-11-22,3413,752,Nora Costa,New,Organic,24,Lip Balm,Beauty,1,36.1,0,36.1,0
2025-11-22,3413,752,Nora Costa,New,Organic,30,Water Bottle,Sports,1,46.55,0,46.55,0
2025-11-22,3414,764,Jordan Flynn,Loyal,Referral,19,Cutting Board,Home,2,53.71,10,96.68,0
2025-11-22,3414,764,Jordan Flynn,Loyal,Referral,7,Rain Shell,Apparel,2,23.29,10,41.92,0
2025-11-22,3415,788,Taylor Osei,Regular,Email,37,Plush Bear,Toys,1,15.95,0,15.95,0
2025-11-22,3415,788,Taylor Osei,Regular,Email,34,Running Belt,Sports,1,29.4,0,29.4,0
2025-11-22,3416,795,Jamie Reyes,Loyal,Email,39,RC Car,Toys,2,33.63,0,67.26,0
2025-11-22,3417,799,Lila Brooks,Loyal,Referral,11,Phone Case,Electronics,1,22.01,10,19.81,0
2025-11-22,3417,799,Lila Brooks,Loyal,Referral,35,Building Blocks,Toys,1,32.84,0,32.84,0
2025-11-22,3417,799,Lila Brooks,Loyal,Referral,34,Running Belt,Sports,1,29.4,0,29.4,0
2025-11-22,3417,799,Lila Brooks,Loyal,Referral,7,Rain Shell,Apparel,1,23.29,10,20.96,0
2025-11-22,3418,829,Morgan Reid,Loyal,Email,1,Crew Tee,Apparel,3,53.87,5,153.53,0
2025-11-22,3418,829,Morgan Reid,Loyal,Email,12,Bluetooth Speaker,Electronics,2,98.02,10,176.44,0
2025-11-22,3418,829,Morgan Reid,Loyal,Email,4,Joggers,Apparel,1,42.18,10,37.96,0
2025-11-22,3418,829,Morgan Reid,Loyal,Email,16,Throw Pillow,Home,1,19.11,0,19.11,0
2025-11-22,3419,878,Noel Marsh,Loyal,Direct,32,Foam Roller,Sports,3,65.98,0,197.94,0
2025-11-22,3419,878,Noel Marsh,Loyal,Direct,7,Rain Shell,Apparel,2,23.29,5,44.25,0
2025-11-22,3419,878,Noel Marsh,Loyal,Direct,31,Resistance Bands,Sports,1,65.69,0,65.69,0
2025-11-22,3420,893,Kai Sullivan,Loyal,Organic,28,SPF 50 Lotion,Beauty,2,34.44,0,68.88,0
2025-11-22,3421,911,Harper Reid,Regular,Paid Search,22,Scented Candle,Home,1,18.98,0,18.98,0
2025-11-22,3421,911,Harper Reid,Regular,Paid Search,30,Water Bottle,Sports,3,46.55,0,139.65,0
2025-11-22,3421,911,Harper Reid,Regular,Paid Search,26,Shampoo Bar,Beauty,1,33.06,0,33.06,0
2025-11-22,3422,934,Taylor Kowalski,Regular,Direct,13,Webcam,Electronics,1,64,0,64,0
2025-11-22,3422,934,Taylor Kowalski,Regular,Direct,38,Board Game,Toys,1,37.99,0,37.99,0
2025-11-22,3423,950,Reese Bauer,Loyal,Social,26,Shampoo Bar,Beauty,1,33.06,10,29.75,0
2025-11-22,3423,950,Reese Bauer,Loyal,Social,5,Socks 3-Pack,Apparel,1,65.81,15,55.94,0
2025-11-22,3424,987,Jordan Sullivan,Champion,Paid Search,10,USB-C Cable,Electronics,2,117.18,15,199.21,1
2025-11-23,3425,6,Tessa Walsh,Loyal,Organic,17,Ceramic Mug,Home,2,54.95,0,109.9,0
2025-11-23,3425,6,Tessa Walsh,Loyal,Organic,22,Scented Candle,Home,1,18.98,0,18.98,0
2025-11-23,3425,6,Tessa Walsh,Loyal,Organic,20,Towel Set,Home,2,19.75,5,37.53,0
2025-11-23,3426,7,Wren Larsen,Loyal,Referral,14,Power Bank,Electronics,1,64.37,0,64.37,0
2025-11-23,3427,61,Hugo Cohen,Regular,Email,9,Wireless Earbuds,Electronics,1,94.29,0,94.29,1
2025-11-23,3427,61,Hugo Cohen,Regular,Email,16,Throw Pillow,Home,2,19.11,0,38.22,0
2025-11-23,3428,78,Cole Bauer,New,Direct,30,Water Bottle,Sports,3,46.55,25,104.74,0
2025-11-23,3429,81,Priya Okafor,At-Risk,Referral,4,Joggers,Apparel,1,42.18,0,42.18,0
2025-11-23,3430,106,Morgan Khan,New,Social,15,Smart Plug,Electronics,1,110.18,0,110.18,1
2025-11-23,3430,106,Morgan Khan,New,Social,39,RC Car,Toys,1,33.63,0,33.63,0
2025-11-23,3431,107,Avery Mendez,Loyal,Organic,4,Joggers,Apparel,1,42.18,0,42.18,0
2025-11-23,3432,145,Iris Yamada,Loyal,Direct,9,Wireless Earbuds,Electronics,3,94.29,0,282.87,0
2025-11-23,3432,145,Iris Yamada,Loyal,Direct,15,Smart Plug,Electronics,1,110.18,0,110.18,1
2025-11-23,3432,145,Iris Yamada,Loyal,Direct,35,Building Blocks,Toys,3,32.84,10,88.67,0
2025-11-23,3433,154,Drew Novak,Champion,Paid Search,38,Board Game,Toys,1,37.99,0,37.99,0
2025-11-23,3434,174,Drew Costa,Champion,Social,35,Building Blocks,Toys,1,32.84,0,32.84,0
2025-11-23,3434,174,Drew Costa,Champion,Social,25,Sheet Mask,Beauty,3,8.59,5,24.48,0
2025-11-23,3435,222,Ivy Romano,Champion,Social,29,Yoga Mat,Sports,2,24.63,10,44.33,0
2025-11-23,3435,222,Ivy Romano,Champion,Social,25,Sheet Mask,Beauty,1,8.59,0,8.59,0
2025-11-23,3435,222,Ivy Romano,Champion,Social,18,LED Lamp,Home,1,50.85,0,50.85,0
2025-11-23,3436,263,Morgan Sullivan,Regular,Paid Search,13,Webcam,Electronics,1,64,0,64,0
2025-11-23,3437,286,Leo Petrov,Champion,Referral,6,Beanie,Apparel,2,30.7,0,61.4,0
2025-11-23,3437,286,Leo Petrov,Champion,Referral,20,Towel Set,Home,1,19.75,0,19.75,0
2025-11-23,3438,319,Tessa Petrov,Loyal,Paid Search,8,Chino Pants,Apparel,1,64.72,0,64.72,0
2025-11-23,3438,319,Tessa Petrov,Loyal,Paid Search,23,Vitamin C Serum,Beauty,3,32.33,0,96.99,0
2025-11-23,3438,319,Tessa Petrov,Loyal,Paid Search,9,Wireless Earbuds,Electronics,1,94.29,0,94.29,0
2025-11-23,3439,328,Drew Mendez,Regular,Organic,14,Power Bank,Electronics,1,64.37,0,64.37,0
2025-11-23,3439,328,Drew Mendez,Regular,Organic,10,USB-C Cable,Electronics,1,117.18,0,117.18,0
2025-11-23,3439,328,Drew Mendez,Regular,Organic,14,Power Bank,Electronics,1,64.37,0,64.37,1
2025-11-23,3440,340,Reese Yamada,Loyal,Referral,24,Lip Balm,Beauty,1,36.1,0,36.1,0
2025-11-23,3441,350,Ivy Walsh,Loyal,Paid Search,37,Plush Bear,Toys,1,15.95,20,12.76,0
2025-11-23,3441,350,Ivy Walsh,Loyal,Paid Search,25,Sheet Mask,Beauty,1,8.59,20,6.87,0
2025-11-23,3442,361,Cole Flynn,Loyal,Email,35,Building Blocks,Toys,1,32.84,15,27.91,0
2025-11-23,3443,394,Kai Diaz,Champion,Email,31,Resistance Bands,Sports,1,65.69,10,59.12,0
2025-11-23,3444,436,Ivy Flynn,Champion,Organic,29,Yoga Mat,Sports,1,24.63,10,22.17,0
2025-11-23,3444,436,Ivy Flynn,Champion,Organic,2,Hoodie,Apparel,1,19.91,20,15.93,0
2025-11-23,3445,442,Drew Flynn,Loyal,Organic,16,Throw Pillow,Home,1,19.11,5,18.15,0
2025-11-23,3446,459,Hugo Romano,New,Direct,27,Hand Cream,Beauty,1,18.43,0,18.43,0
2025-11-23,3447,495,Jordan Reid,Regular,Paid Search,39,RC Car,Toys,2,33.63,20,53.81,0
2025-11-23,3448,515,Devon Patel,Loyal,Social,22,Scented Candle,Home,1,18.98,25,14.24,0
2025-11-23,3449,522,Harper Romano,Champion,Referral,3,Denim Jacket,Apparel,2,65.95,25,98.93,0
2025-11-23,3450,527,Jamie Fischer,Champion,Referral,26,Shampoo Bar,Beauty,1,33.06,0,33.06,0
2025-11-23,3450,527,Jamie Fischer,Champion,Referral,36,Puzzle 500pc,Toys,1,44.86,5,42.62,0
2025-11-23,3450,527,Jamie Fischer,Champion,Referral,18,LED Lamp,Home,1,50.85,0,50.85,0
2025-11-23,3451,539,Riley Diaz,Regular,Organic,4,Joggers,Apparel,2,42.18,0,84.36,0
2025-11-23,3452,565,Noel Fischer,Champion,Social,31,Resistance Bands,Sports,2,65.69,10,118.24,0
2025-11-23,3452,565,Noel Fischer,Champion,Social,5,Socks 3-Pack,Apparel,1,65.81,0,65.81,0
2025-11-23,3453,572,Iris Reyes,At-Risk,Social,17,Ceramic Mug,Home,1,54.95,0,54.95,0
2025-11-23,3454,627,Hugo Sullivan,Champion,Paid Search,10,USB-C Cable,Electronics,1,117.18,5,111.32,0
2025-11-23,3454,627,Hugo Sullivan,Champion,Paid Search,27,Hand Cream,Beauty,1,18.43,5,17.51,1
2025-11-23,3455,630,Casey Sullivan,New,Email,20,Towel Set,Home,2,19.75,0,39.5,0
2025-11-23,3456,645,Jordan Ibarra,Regular,Organic,25,Sheet Mask,Beauty,1,8.59,0,8.59,0
2025-11-23,3456,645,Jordan Ibarra,Regular,Organic,32,Foam Roller,Sports,1,65.98,0,65.98,0
2025-11-23,3456,645,Jordan Ibarra,Regular,Organic,17,Ceramic Mug,Home,2,54.95,0,109.9,0
2025-11-23,3456,645,Jordan Ibarra,Regular,Organic,15,Smart Plug,Electronics,1,110.18,0,110.18,1
2025-11-23,3457,660,Jordan Romano,Loyal,Email,6,Beanie,Apparel,2,30.7,20,49.12,0
2025-11-23,3458,705,Jamie Park,Champion,Paid Search,25,Sheet Mask,Beauty,2,8.59,0,17.18,0
2025-11-23,3458,705,Jamie Park,Champion,Paid Search,38,Board Game,Toys,1,37.99,5,36.09,0
2025-11-23,3458,705,Jamie Park,Champion,Paid Search,37,Plush Bear,Toys,2,15.95,10,28.71,0
2025-11-23,3458,705,Jamie Park,Champion,Paid Search,13,Webcam,Electronics,1,64,0,64,0
2025-11-23,3459,816,Hugo Sullivan,Loyal,Organic,28,SPF 50 Lotion,Beauty,3,34.44,10,92.99,0
2025-11-23,3459,816,Hugo Sullivan,Loyal,Organic,6,Beanie,Apparel,2,30.7,10,55.26,0
2025-11-23,3459,816,Hugo Sullivan,Loyal,Organic,27,Hand Cream,Beauty,1,18.43,20,14.74,0
2025-11-23,3460,821,Quinn Sullivan,New,Organic,24,Lip Balm,Beauty,1,36.1,0,36.1,0
2025-11-23,3460,821,Quinn Sullivan,New,Organic,22,Scented Candle,Home,1,18.98,0,18.98,0
2025-11-23,3460,821,Quinn Sullivan,New,Organic,2,Hoodie,Apparel,1,19.91,0,19.91,0
2025-11-23,3461,858,Morgan Marsh,Loyal,Referral,23,Vitamin C Serum,Beauty,1,32.33,25,24.25,0
2025-11-23,3461,858,Morgan Marsh,Loyal,Referral,30,Water Bottle,Sports,1,46.55,10,41.9,0
2025-11-23,3462,859,Mateo Mendez,Champion,Email,28,SPF 50 Lotion,Beauty,2,34.44,10,61.99,0
2025-11-23,3463,864,Iris Novak,Regular,Referral,40,Art Kit,Toys,2,53.64,0,107.28,0
2025-11-23,3464,883,Maya Yamada,Regular,Paid Search,33,Jump Rope,Sports,1,33.41,0,33.41,0
2025-11-23,3465,915,Riley Park,Champion,Referral,16,Throw Pillow,Home,1,19.11,0,19.11,0
2025-11-23,3466,928,Ivy Sullivan,Loyal,Referral,26,Shampoo Bar,Beauty,2,33.06,5,62.81,0
2025-11-23,3466,928,Ivy Sullivan,Loyal,Referral,40,Art Kit,Toys,1,53.64,10,48.28,0
2025-11-23,3466,928,Ivy Sullivan,Loyal,Referral,1,Crew Tee,Apparel,1,53.87,5,51.18,0
2025-11-23,3466,928,Ivy Sullivan,Loyal,Referral,20,Towel Set,Home,1,19.75,0,19.75,1
2025-11-23,3467,987,Jordan Sullivan,Champion,Paid Search,12,Bluetooth Speaker,Electronics,2,98.02,25,147.03,0
2025-11-23,3467,987,Jordan Sullivan,Champion,Paid Search,14,Power Bank,Electronics,1,64.37,10,57.93,0
2025-11-23,3467,987,Jordan Sullivan,Champion,Paid Search,34,Running Belt,Sports,1,29.4,15,24.99,0
2025-11-24,3468,7,Wren Larsen,Loyal,Referral,22,Scented Candle,Home,1,18.98,5,18.03,0
2025-11-24,3468,7,Wren Larsen,Loyal,Referral,24,Lip Balm,Beauty,1,36.1,5,34.3,0
2025-11-24,3468,7,Wren Larsen,Loyal,Referral,11,Phone Case,Electronics,2,22.01,10,39.62,0
2025-11-24,3468,7,Wren Larsen,Loyal,Referral,28,SPF 50 Lotion,Beauty,1,34.44,0,34.44,0
2025-11-24,3469,32,Owen Tan,Regular,Email,38,Board Game,Toys,1,37.99,20,30.39,1
2025-11-24,3469,32,Owen Tan,Regular,Email,31,Resistance Bands,Sports,1,65.69,20,52.55,1
2025-11-24,3470,50,Drew Brooks,Champion,Email,33,Jump Rope,Sports,2,33.41,0,66.82,0
2025-11-24,3470,50,Drew Brooks,Champion,Email,32,Foam Roller,Sports,1,65.98,10,59.38,0
2025-11-24,3471,63,Cole Bauer,Champion,Organic,6,Beanie,Apparel,1,30.7,15,26.1,0
2025-11-24,3471,63,Cole Bauer,Champion,Organic,22,Scented Candle,Home,1,18.98,25,14.24,0
2025-11-24,3472,64,Casey Osei,Regular,Direct,16,Throw Pillow,Home,1,19.11,0,19.11,0
2025-11-24,3473,76,Owen Flynn,Champion,Direct,35,Building Blocks,Toys,1,32.84,5,31.2,0
2025-11-24,3474,79,Kai Patel,Loyal,Direct,22,Scented Candle,Home,3,18.98,0,56.94,0
2025-11-24,3474,79,Kai Patel,Loyal,Direct,6,Beanie,Apparel,1,30.7,0,30.7,0
2025-11-24,3475,172,Morgan Okafor,Loyal,Direct,21,Storage Bin,Home,1,28.6,5,27.17,0
2025-11-24,3476,174,Drew Costa,Champion,Social,20,Towel Set,Home,1,19.75,10,17.78,0
2025-11-24,3477,217,Lila Ibarra,Regular,Social,7,Rain Shell,Apparel,1,23.29,0,23.29,0
2025-11-24,3478,251,Tessa Ahmed,Regular,Social,4,Joggers,Apparel,1,42.18,0,42.18,0
2025-11-24,3478,251,Tessa Ahmed,Regular,Social,23,Vitamin C Serum,Beauty,2,32.33,0,64.66,0
2025-11-24,3478,251,Tessa Ahmed,Regular,Social,10,USB-C Cable,Electronics,2,117.18,0,234.36,0
2025-11-24,3479,270,Casey Ahmed,Loyal,Direct,40,Art Kit,Toys,2,53.64,0,107.28,0
2025-11-24,3480,295,Priya Diaz,Champion,Paid Search,15,Smart Plug,Electronics,1,110.18,10,99.16,0
2025-11-24,3481,312,Ivy Petrov,Regular,Direct,37,Plush Bear,Toys,1,15.95,0,15.95,0
2025-11-24,3481,312,Ivy Petrov,Regular,Direct,40,Art Kit,Toys,1,53.64,0,53.64,0
2025-11-24,3482,332,Leo Costa,Regular,Organic,12,Bluetooth Speaker,Electronics,2,98.02,0,196.04,0
2025-11-24,3483,393,Nora Ibarra,New,Organic,39,RC Car,Toys,1,33.63,0,33.63,0
2025-11-24,3484,418,Quinn Diaz,New,Referral,30,Water Bottle,Sports,1,46.55,10,41.9,0
2025-11-24,3485,462,Leo Petrov,Champion,Referral,14,Power Bank,Electronics,1,64.37,0,64.37,0
2025-11-24,3486,466,Jamie Ahmed,Regular,Email,33,Jump Rope,Sports,1,33.41,10,30.07,0
2025-11-24,3487,471,Ivy Fischer,Champion,Email,36,Puzzle 500pc,Toys,1,44.86,10,40.37,0
2025-11-24,3488,513,Harper Novak,Regular,Paid Search,6,Beanie,Apparel,1,30.7,0,30.7,0
2025-11-24,3489,563,Taylor Reid,New,Paid Search,35,Building Blocks,Toys,1,32.84,10,29.56,0
2025-11-24,3489,563,Taylor Reid,New,Paid Search,34,Running Belt,Sports,1,29.4,20,23.52,0
2025-11-24,3490,565,Noel Fischer,Champion,Social,28,SPF 50 Lotion,Beauty,1,34.44,10,31,0
2025-11-24,3490,565,Noel Fischer,Champion,Social,6,Beanie,Apparel,1,30.7,0,30.7,0
2025-11-24,3491,635,Ezra Khan,New,Email,17,Ceramic Mug,Home,1,54.95,0,54.95,0
2025-11-24,3491,635,Ezra Khan,New,Email,33,Jump Rope,Sports,1,33.41,0,33.41,0
2025-11-24,3492,639,Devon Yamada,Regular,Direct,5,Socks 3-Pack,Apparel,1,65.81,25,49.36,0
2025-11-24,3493,672,Priya Petrov,Loyal,Organic,39,RC Car,Toys,1,33.63,10,30.27,0
2025-11-24,3494,711,Morgan Novak,Loyal,Direct,4,Joggers,Apparel,1,42.18,0,42.18,0
2025-11-24,3495,744,Quinn Ahmed,Loyal,Email,3,Denim Jacket,Apparel,2,65.95,0,131.9,0
2025-11-24,3495,744,Quinn Ahmed,Loyal,Email,20,Towel Set,Home,1,19.75,0,19.75,0
2025-11-24,3496,751,Riley Kowalski,Champion,Direct,10,USB-C Cable,Electronics,1,117.18,0,117.18,0
2025-11-24,3497,764,Jordan Flynn,Loyal,Referral,38,Board Game,Toys,1,37.99,10,34.19,0
2025-11-24,3497,764,Jordan Flynn,Loyal,Referral,40,Art Kit,Toys,2,53.64,0,107.28,0
2025-11-24,3498,793,Hugo Osei,Champion,Social,24,Lip Balm,Beauty,1,36.1,0,36.1,0
2025-11-24,3499,812,Owen Nguyen,Regular,Email,1,Crew Tee,Apparel,1,53.87,0,53.87,1
2025-11-24,3500,904,Harper Hassan,New,Social,8,Chino Pants,Apparel,1,64.72,10,58.25,0
2025-11-24,3501,948,Devon Patel,New,Paid Search,21,Storage Bin,Home,3,28.6,0,85.8,0
2025-11-24,3502,995,Kai Tan,Champion,Organic,17,Ceramic Mug,Home,1,54.95,10,49.46,0
2025-11-24,3502,995,Kai Tan,Champion,Organic,17,Ceramic Mug,Home,1,54.95,0,54.95,0
2025-11-25,3503,25,Morgan Petrov,Champion,Paid Search,21,Storage Bin,Home,1,28.6,10,25.74,0
2025-11-25,3504,66,Devon Reyes,Champion,Organic,20,Towel Set,Home,1,19.75,0,19.75,0
2025-11-25,3504,66,Devon Reyes,Champion,Organic,29,Yoga Mat,Sports,1,24.63,10,22.17,0
2025-11-25,3505,80,Lila Petrov,New,Organic,10,USB-C Cable,Electronics,2,117.18,0,234.36,0
2025-11-25,3505,80,Lila Petrov,New,Organic,20,Towel Set,Home,1,19.75,0,19.75,0
2025-11-25,3505,80,Lila Petrov,New,Organic,26,Shampoo Bar,Beauty,1,33.06,0,33.06,0
2025-11-25,3505,80,Lila Petrov,New,Organic,8,Chino Pants,Apparel,1,64.72,0,64.72,0
2025-11-25,3506,157,Cole Park,Regular,Organic,11,Phone Case,Electronics,2,22.01,20,35.22,0
2025-11-25,3506,157,Cole Park,Regular,Organic,22,Scented Candle,Home,1,18.98,15,16.13,0
2025-11-25,3507,258,Taylor Ahmed,Loyal,Paid Search,21,Storage Bin,Home,1,28.6,5,27.17,0
2025-11-25,3507,258,Taylor Ahmed,Loyal,Paid Search,11,Phone Case,Electronics,2,22.01,5,41.82,1
2025-11-25,3508,270,Casey Ahmed,Loyal,Direct,5,Socks 3-Pack,Apparel,1,65.81,5,62.52,0
2025-11-25,3508,270,Casey Ahmed,Loyal,Direct,19,Cutting Board,Home,1,53.71,10,48.34,0
2025-11-25,3509,319,Tessa Petrov,Loyal,Paid Search,9,Wireless Earbuds,Electronics,1,94.29,10,84.86,0
2025-11-25,3509,319,Tessa Petrov,Loyal,Paid Search,19,Cutting Board,Home,1,53.71,5,51.02,0
2025-11-25,3509,319,Tessa Petrov,Loyal,Paid Search,35,Building Blocks,Toys,1,32.84,10,29.56,0
2025-11-25,3509,319,Tessa Petrov,Loyal,Paid Search,8,Chino Pants,Apparel,3,64.72,5,184.45,0
2025-11-25,3510,342,Devon Reyes,At-Risk,Direct,21,Storage Bin,Home,3,28.6,0,85.8,1
2025-11-25,3510,342,Devon Reyes,At-Risk,Direct,37,Plush Bear,Toys,1,15.95,0,15.95,0
2025-11-25,3510,342,Devon Reyes,At-Risk,Direct,33,Jump Rope,Sports,1,33.41,0,33.41,0
2025-11-25,3511,358,Casey Carter,Champion,Organic,25,Sheet Mask,Beauty,3,8.59,10,23.19,0
2025-11-25,3512,361,Cole Flynn,Loyal,Email,4,Joggers,Apparel,1,42.18,10,37.96,0
2025-11-25,3512,361,Cole Flynn,Loyal,Email,17,Ceramic Mug,Home,2,54.95,10,98.91,0
2025-11-25,3512,361,Cole Flynn,Loyal,Email,5,Socks 3-Pack,Apparel,2,65.81,0,131.62,0
2025-11-25,3513,391,Leo Tan,Regular,Organic,3,Denim Jacket,Apparel,1,65.95,25,49.46,0
2025-11-25,3513,391,Leo Tan,Regular,Organic,40,Art Kit,Toys,1,53.64,10,48.28,0
2025-11-25,3513,391,Leo Tan,Regular,Organic,31,Resistance Bands,Sports,1,65.69,10,59.12,0
2025-11-25,3513,391,Leo Tan,Regular,Organic,9,Wireless Earbuds,Electronics,1,94.29,15,80.15,0
2025-11-25,3514,428,Quinn Diaz,Champion,Paid Search,20,Towel Set,Home,2,19.75,10,35.55,0
2025-11-25,3515,521,Reese Khan,Regular,Social,34,Running Belt,Sports,1,29.4,0,29.4,0
2025-11-25,3516,539,Riley Diaz,Regular,Organic,24,Lip Balm,Beauty,1,36.1,25,27.08,0
2025-11-25,3517,578,Nora Marsh,Champion,Social,34,Running Belt,Sports,1,29.4,10,26.46,0
2025-11-25,3517,578,Nora Marsh,Champion,Social,2,Hoodie,Apparel,2,19.91,0,39.82,0
2025-11-25,3518,602,Mateo Hassan,Loyal,Paid Search,11,Phone Case,Electronics,1,22.01,5,20.91,1
2025-11-25,3519,609,Lila Fischer,New,Referral,14,Power Bank,Electronics,2,64.37,0,128.74,1
2025-11-25,3520,621,Harper Fischer,Regular,Direct,1,Crew Tee,Apparel,1,53.87,0,53.87,0
2025-11-25,3521,630,Casey Sullivan,New,Email,26,Shampoo Bar,Beauty,3,33.06,0,99.18,0
2025-11-25,3521,630,Casey Sullivan,New,Email,32,Foam Roller,Sports,1,65.98,0,65.98,0
2025-11-25,3521,630,Casey Sullivan,New,Email,11,Phone Case,Electronics,1,22.01,0,22.01,0
2025-11-25,3522,641,Avery Novak,New,Organic,25,Sheet Mask,Beauty,1,8.59,0,8.59,0
2025-11-25,3522,641,Avery Novak,New,Organic,38,Board Game,Toys,1,37.99,0,37.99,0
2025-11-25,3522,641,Avery Novak,New,Organic,21,Storage Bin,Home,1,28.6,0,28.6,0
2025-11-25,3523,660,Jordan Romano,Loyal,Email,6,Beanie,Apparel,3,30.7,10,82.89,0
2025-11-25,3523,660,Jordan Romano,Loyal,Email,14,Power Bank,Electronics,1,64.37,20,51.5,0
2025-11-25,3523,660,Jordan Romano,Loyal,Email,17,Ceramic Mug,Home,1,54.95,10,49.46,0
2025-11-25,3524,711,Morgan Novak,Loyal,Direct,6,Beanie,Apparel,1,30.7,5,29.17,0
2025-11-25,3524,711,Morgan Novak,Loyal,Direct,40,Art Kit,Toys,1,53.64,5,50.96,0
2025-11-25,3525,719,Avery Kowalski,Loyal,Email,32,Foam Roller,Sports,3,65.98,10,178.15,0
2025-11-25,3525,719,Avery Kowalski,Loyal,Email,17,Ceramic Mug,Home,1,54.95,0,54.95,0
2025-11-25,3526,750,Reese Ibarra,New,Direct,5,Socks 3-Pack,Apparel,3,65.81,0,197.43,0
2025-11-25,3526,750,Reese Ibarra,New,Direct,30,Water Bottle,Sports,2,46.55,0,93.1,1
2025-11-25,3527,845,Jordan Costa,Champion,Email,13,Webcam,Electronics,1,64,10,57.6,0
2025-11-25,3528,878,Noel Marsh,Loyal,Direct,9,Wireless Earbuds,Electronics,1,94.29,5,89.58,0
2025-11-25,3528,878,Noel Marsh,Loyal,Direct,38,Board Game,Toys,1,37.99,0,37.99,0
2025-11-25,3529,901,Avery Reyes,At-Risk,Paid Search,38,Board Game,Toys,1,37.99,0,37.99,0
2025-11-25,3529,901,Avery Reyes,At-Risk,Paid Search,18,LED Lamp,Home,1,50.85,0,50.85,0
2025-11-25,3529,901,Avery Reyes,At-Risk,Paid Search,12,Bluetooth Speaker,Electronics,1,98.02,0,98.02,0
2025-11-25,3529,901,Avery Reyes,At-Risk,Paid Search,24,Lip Balm,Beauty,2,36.1,0,72.2,1
2025-11-25,3530,908,Hugo Diaz,Regular,Direct,31,Resistance Bands,Sports,2,65.69,0,131.38,0
2025-11-25,3531,918,Owen Okafor,Loyal,Direct,5,Socks 3-Pack,Apparel,1,65.81,10,59.23,0
2025-11-25,3531,918,Owen Okafor,Loyal,Direct,33,Jump Rope,Sports,1,33.41,0,33.41,0
2025-11-25,3531,918,Owen Okafor,Loyal,Direct,20,Towel Set,Home,1,19.75,0,19.75,0
2025-11-25,3531,918,Owen Okafor,Loyal,Direct,22,Scented Candle,Home,1,18.98,0,18.98,0
2025-11-25,3532,921,Sasha Kowalski,Regular,Organic,5,Socks 3-Pack,Apparel,2,65.81,0,131.62,1
2025-11-25,3532,921,Sasha Kowalski,Regular,Organic,28,SPF 50 Lotion,Beauty,2,34.44,0,68.88,0
2025-11-25,3533,928,Ivy Sullivan,Loyal,Referral,3,Denim Jacket,Apparel,1,65.95,10,59.36,0
2025-11-25,3533,928,Ivy Sullivan,Loyal,Referral,32,Foam Roller,Sports,1,65.98,0,65.98,0
2025-11-25,3533,928,Ivy Sullivan,Loyal,Referral,1,Crew Tee,Apparel,1,53.87,5,51.18,0
2025-11-25,3534,945,Jamie Novak,Champion,Email,27,Hand Cream,Beauty,1,18.43,10,16.59,0
2025-11-25,3535,953,Jamie Reid,Champion,Referral,26,Shampoo Bar,Beauty,1,33.06,10,29.75,0
2025-11-25,3535,953,Jamie Reid,Champion,Referral,18,LED Lamp,Home,2,50.85,15,86.45,0
2025-11-25,3535,953,Jamie Reid,Champion,Referral,25,Sheet Mask,Beauty,1,8.59,20,6.87,0
2025-11-25,3536,985,Rowan Petrov,Loyal,Paid Search,28,SPF 50 Lotion,Beauty,1,34.44,0,34.44,0
2025-11-25,3536,985,Rowan Petrov,Loyal,Paid Search,35,Building Blocks,Toys,1,32.84,0,32.84,0
2025-11-25,3537,998,Lila Yamada,Champion,Email,33,Jump Rope,Sports,1,33.41,10,30.07,0
2025-11-25,3537,998,Lila Yamada,Champion,Email,38,Board Game,Toys,2,37.99,20,60.78,1
2025-11-26,3538,44,Casey Brooks,Regular,Email,4,Joggers,Apparel,1,42.18,0,42.18,0
2025-11-26,3538,44,Casey Brooks,Regular,Email,13,Webcam,Electronics,2,64,0,128,0
2025-11-26,3539,58,Nora Reyes,New,Email,14,Power Bank,Electronics,1,64.37,0,64.37,0
2025-11-26,3540,75,Jamie Ibarra,Loyal,Email,15,Smart Plug,Electronics,1,110.18,10,99.16,0
2025-11-26,3540,75,Jamie Ibarra,Loyal,Email,38,Board Game,Toys,2,37.99,10,68.38,0
2025-11-26,3541,102,Priya Kowalski,Loyal,Referral,17,Ceramic Mug,Home,1,54.95,0,54.95,0
2025-11-26,3541,102,Priya Kowalski,Loyal,Referral,31,Resistance Bands,Sports,1,65.69,0,65.69,0
2025-11-26,3542,109,Kai Okafor,New,Organic,18,LED Lamp,Home,1,50.85,0,50.85,0
2025-11-26,3542,109,Kai Okafor,New,Organic,30,Water Bottle,Sports,1,46.55,0,46.55,0
2025-11-26,3542,109,Kai Okafor,New,Organic,32,Foam Roller,Sports,1,65.98,0,65.98,0
2025-11-26,3543,125,Reese Hassan,Regular,Email,40,Art Kit,Toys,1,53.64,20,42.91,0
2025-11-26,3543,125,Reese Hassan,Regular,Email,13,Webcam,Electronics,1,64,20,51.2,0
2025-11-26,3543,125,Reese Hassan,Regular,Email,34,Running Belt,Sports,3,29.4,20,70.56,0
2025-11-26,3544,140,Cole Marsh,Loyal,Email,31,Resistance Bands,Sports,1,65.69,15,55.84,0
2025-11-26,3544,140,Cole Marsh,Loyal,Email,26,Shampoo Bar,Beauty,2,33.06,10,59.51,0
2025-11-26,3544,140,Cole Marsh,Loyal,Email,5,Socks 3-Pack,Apparel,1,65.81,20,52.65,0
2025-11-26,3545,143,Wren Khan,Loyal,Paid Search,39,RC Car,Toys,2,33.63,0,67.26,0
2025-11-26,3545,143,Wren Khan,Loyal,Paid Search,16,Throw Pillow,Home,1,19.11,0,19.11,0
2025-11-26,3546,156,Hugo Flynn,Champion,Email,25,Sheet Mask,Beauty,1,8.59,0,8.59,1
2025-11-26,3546,156,Hugo Flynn,Champion,Email,24,Lip Balm,Beauty,2,36.1,0,72.2,0
2025-11-26,3547,184,Kai Ahmed,Champion,Organic,38,Board Game,Toys,1,37.99,5,36.09,0
2025-11-26,3548,213,Ezra Kowalski,New,Organic,6,Beanie,Apparel,3,30.7,20,73.68,0
2025-11-26,3548,213,Ezra Kowalski,New,Organic,8,Chino Pants,Apparel,1,64.72,25,48.54,0
2025-11-26,3549,241,Harper Cohen,Regular,Organic,37,Plush Bear,Toys,1,15.95,0,15.95,0
2025-11-26,3549,241,Harper Cohen,Regular,Organic,23,Vitamin C Serum,Beauty,1,32.33,0,32.33,0
2025-11-26,3550,249,Harper Patel,Regular,Organic,14,Power Bank,Electronics,2,64.37,0,128.74,0
2025-11-26,3551,271,Nora Bauer,Loyal,Email,4,Joggers,Apparel,1,42.18,15,35.85,0
2025-11-26,3551,271,Nora Bauer,Loyal,Email,21,Storage Bin,Home,2,28.6,10,51.48,0
2025-11-26,3551,271,Nora Bauer,Loyal,Email,1,Crew Tee,Apparel,1,53.87,15,45.79,0
2025-11-26,3551,271,Nora Bauer,Loyal,Email,29,Yoga Mat,Sports,1,24.63,10,22.17,0
2025-11-26,3552,273,Avery Flynn,Loyal,Referral,12,Bluetooth Speaker,Electronics,1,98.02,0,98.02,0
2025-11-26,3553,295,Priya Diaz,Champion,Paid Search,6,Beanie,Apparel,2,30.7,0,61.4,0
2025-11-26,3554,315,Tessa Kowalski,At-Risk,Organic,7,Rain Shell,Apparel,1,23.29,0,23.29,0
2025-11-26,3554,315,Tessa Kowalski,At-Risk,Organic,17,Ceramic Mug,Home,2,54.95,0,109.9,0
2025-11-26,3555,329,Rowan Park,At-Risk,Direct,19,Cutting Board,Home,1,53.71,0,53.71,0
2025-11-26,3555,329,Rowan Park,At-Risk,Direct,9,Wireless Earbuds,Electronics,1,94.29,0,94.29,0
2025-11-26,3555,329,Rowan Park,At-Risk,Direct,17,Ceramic Mug,Home,2,54.95,0,109.9,1
2025-11-26,3556,358,Casey Carter,Champion,Organic,25,Sheet Mask,Beauty,1,8.59,5,8.16,0
2025-11-26,3556,358,Casey Carter,Champion,Organic,6,Beanie,Apparel,1,30.7,0,30.7,0
2025-11-26,3557,398,Harper Larsen,Loyal,Paid Search,4,Joggers,Apparel,1,42.18,25,31.64,0
2025-11-26,3558,399,Riley Reyes,At-Risk,Organic,3,Denim Jacket,Apparel,1,65.95,0,65.95,1
2025-11-26,3559,422,Iris Mendez,Champion,Social,27,Hand Cream,Beauty,1,18.43,5,17.51,0
2025-11-26,3559,422,Iris Mendez,Champion,Social,5,Socks 3-Pack,Apparel,2,65.81,0,131.62,0
2025-11-26,3559,422,Iris Mendez,Champion,Social,19,Cutting Board,Home,2,53.71,0,107.42,0
2025-11-26,3560,474,Iris Hassan,Loyal,Direct,5,Socks 3-Pack,Apparel,1,65.81,0,65.81,0
2025-11-26,3561,477,Wren Romano,Loyal,Organic,26,Shampoo Bar,Beauty,1,33.06,0,33.06,0
2025-11-26,3561,477,Wren Romano,Loyal,Organic,9,Wireless Earbuds,Electronics,1,94.29,5,89.58,0
2025-11-26,3561,477,Wren Romano,Loyal,Organic,8,Chino Pants,Apparel,1,64.72,10,58.25,0
2025-11-26,3561,477,Wren Romano,Loyal,Organic,23,Vitamin C Serum,Beauty,1,32.33,5,30.71,0
2025-11-26,3562,488,Tessa Brooks,Regular,Paid Search,20,Towel Set,Home,1,19.75,0,19.75,0
2025-11-26,3563,527,Jamie Fischer,Champion,Referral,36,Puzzle 500pc,Toys,1,44.86,10,40.37,0
2025-11-26,3564,529,Drew Novak,Regular,Social,34,Running Belt,Sports,1,29.4,0,29.4,0
2025-11-26,3564,529,Drew Novak,Regular,Social,23,Vitamin C Serum,Beauty,1,32.33,0,32.33,0
2025-11-26,3564,529,Drew Novak,Regular,Social,26,Shampoo Bar,Beauty,1,33.06,0,33.06,0
2025-11-26,3565,627,Hugo Sullivan,Champion,Paid Search,9,Wireless Earbuds,Electronics,2,94.29,5,179.15,0
2025-11-26,3565,627,Hugo Sullivan,Champion,Paid Search,40,Art Kit,Toys,1,53.64,0,53.64,0
2025-11-26,3565,627,Hugo Sullivan,Champion,Paid Search,5,Socks 3-Pack,Apparel,1,65.81,0,65.81,0
2025-11-26,3566,656,Priya Tan,Regular,Social,1,Crew Tee,Apparel,1,53.87,0,53.87,0
2025-11-26,3566,656,Priya Tan,Regular,Social,24,Lip Balm,Beauty,2,36.1,0,72.2,0
2025-11-26,3566,656,Priya Tan,Regular,Social,28,SPF 50 Lotion,Beauty,1,34.44,0,34.44,0
2025-11-26,3566,656,Priya Tan,Regular,Social,1,Crew Tee,Apparel,1,53.87,0,53.87,0
2025-11-26,3567,722,Avery Petrov,New,Paid Search,2,Hoodie,Apparel,3,19.91,0,59.73,0
2025-11-26,3567,722,Avery Petrov,New,Paid Search,4,Joggers,Apparel,1,42.18,0,42.18,0
2025-11-26,3567,722,Avery Petrov,New,Paid Search,29,Yoga Mat,Sports,1,24.63,0,24.63,0
2025-11-26,3568,750,Reese Ibarra,New,Direct,1,Crew Tee,Apparel,2,53.87,0,107.74,0
2025-11-26,3569,775,Nora Patel,Champion,Paid Search,10,USB-C Cable,Electronics,1,117.18,0,117.18,0
2025-11-26,3569,775,Nora Patel,Champion,Paid Search,2,Hoodie,Apparel,2,19.91,5,37.83,0
2025-11-26,3570,829,Morgan Reid,Loyal,Email,36,Puzzle 500pc,Toys,1,44.86,0,44.86,0
2025-11-26,3571,852,Sasha Ahmed,Champion,Referral,9,Wireless Earbuds,Electronics,1,94.29,0,94.29,0
2025-11-26,3572,865,Rowan Costa,Champion,Referral,4,Joggers,Apparel,1,42.18,0,42.18,0
2025-11-26,3573,875,Cole Larsen,Loyal,Email,8,Chino Pants,Apparel,1,64.72,0,64.72,0
2025-11-26,3573,875,Cole Larsen,Loyal,Email,30,Water Bottle,Sports,1,46.55,5,44.22,0
2025-11-26,3574,922,Ivy Fischer,Regular,Referral,28,SPF 50 Lotion,Beauty,1,34.44,25,25.83,0
2025-11-26,3575,945,Jamie Novak,Champion,Email,35,Building Blocks,Toys,3,32.84,0,98.52,0
2025-11-26,3576,986,Hugo Sullivan,Loyal,Referral,36,Puzzle 500pc,Toys,1,44.86,0,44.86,0
2025-11-26,3576,986,Hugo Sullivan,Loyal,Referral,4,Joggers,Apparel,1,42.18,0,42.18,0
2025-11-27,3577,42,Cole Reyes,Champion,Email,5,Socks 3-Pack,Apparel,1,65.81,5,62.52,0
2025-11-27,3577,42,Cole Reyes,Champion,Email,38,Board Game,Toys,1,37.99,10,34.19,0
2025-11-27,3577,42,Cole Reyes,Champion,Email,13,Webcam,Electronics,1,64,10,57.6,0
2025-11-27,3578,75,Jamie Ibarra,Loyal,Email,37,Plush Bear,Toys,1,15.95,0,15.95,0
2025-11-27,3579,94,Maya Diaz,Loyal,Social,20,Towel Set,Home,1,19.75,0,19.75,0
2025-11-27,3580,115,Cole Ahmed,Champion,Paid Search,36,Puzzle 500pc,Toys,1,44.86,0,44.86,0
2025-11-27,3581,186,Kai Novak,Loyal,Organic,40,Art Kit,Toys,3,53.64,10,144.83,0
2025-11-27,3582,231,Priya Kowalski,Loyal,Organic,40,Art Kit,Toys,1,53.64,0,53.64,0
2025-11-27,3582,231,Priya Kowalski,Loyal,Organic,40,Art Kit,Toys,2,53.64,0,107.28,0
2025-11-27,3582,231,Priya Kowalski,Loyal,Organic,15,Smart Plug,Electronics,1,110.18,5,104.67,1
2025-11-27,3583,245,Drew Flynn,Loyal,Direct,33,Jump Rope,Sports,1,33.41,0,33.41,0
2025-11-27,3584,253,Quinn Tan,Regular,Paid Search,23,Vitamin C Serum,Beauty,1,32.33,0,32.33,0
2025-11-27,3584,253,Quinn Tan,Regular,Paid Search,8,Chino Pants,Apparel,3,64.72,0,194.16,1
2025-11-27,3585,264,Lila Novak,Regular,Social,29,Yoga Mat,Sports,1,24.63,0,24.63,0
2025-11-27,3586,457,Wren Fischer,At-Risk,Referral,38,Board Game,Toys,1,37.99,0,37.99,0
2025-11-27,3587,460,Harper Tan,Champion,Email,18,LED Lamp,Home,2,50.85,10,91.53,0
2025-11-27,3587,460,Harper Tan,Champion,Email,19,Cutting Board,Home,1,53.71,0,53.71,0
2025-11-27,3587,460,Harper Tan,Champion,Email,7,Rain Shell,Apparel,1,23.29,5,22.13,0
2025-11-27,3587,460,Harper Tan,Champion,Email,5,Socks 3-Pack,Apparel,1,65.81,5,62.52,0
2025-11-27,3588,469,Drew Costa,Regular,Direct,19,Cutting Board,Home,1,53.71,0,53.71,0
2025-11-27,3589,482,Jordan Mendez,Loyal,Email,29,Yoga Mat,Sports,3,24.63,0,73.89,0
2025-11-27,3590,510,Drew Cohen,Loyal,Email,14,Power Bank,Electronics,1,64.37,10,57.93,0
2025-11-27,3591,515,Devon Patel,Loyal,Social,31,Resistance Bands,Sports,3,65.69,10,177.36,0
2025-11-27,3592,519,Taylor Hassan,At-Risk,Referral,24,Lip Balm,Beauty,2,36.1,0,72.2,0
2025-11-27,3593,550,Cole Ibarra,Champion,Organic,2,Hoodie,Apparel,1,19.91,5,18.91,0
2025-11-27,3593,550,Cole Ibarra,Champion,Organic,39,RC Car,Toys,2,33.63,5,63.9,0
2025-11-27,3593,550,Cole Ibarra,Champion,Organic,36,Puzzle 500pc,Toys,2,44.86,0,89.72,0
2025-11-27,3593,550,Cole Ibarra,Champion,Organic,5,Socks 3-Pack,Apparel,1,65.81,10,59.23,0
2025-11-27,3594,565,Noel Fischer,Champion,Social,25,Sheet Mask,Beauty,1,8.59,5,8.16,0
2025-11-27,3595,571,Ezra Reid,Regular,Referral,39,RC Car,Toys,1,33.63,0,33.63,0
2025-11-27,3596,584,Maya Mendez,Regular,Email,33,Jump Rope,Sports,2,33.41,0,66.82,0
2025-11-27,3597,637,Devon Walsh,Regular,Organic,4,Joggers,Apparel,2,42.18,0,84.36,0
2025-11-27,3598,651,Leo Petrov,Champion,Organic,19,Cutting Board,Home,3,53.71,10,145.02,0
2025-11-27,3598,651,Leo Petrov,Champion,Organic,16,Throw Pillow,Home,3,19.11,0,57.33,0
2025-11-27,3598,651,Leo Petrov,Champion,Organic,40,Art Kit,Toys,1,53.64,5,50.96,0
2025-11-27,3599,687,Kai Reid,Loyal,Referral,36,Puzzle 500pc,Toys,1,44.86,0,44.86,0
2025-11-27,3599,687,Kai Reid,Loyal,Referral,30,Water Bottle,Sports,3,46.55,0,139.65,0
2025-11-27,3600,711,Morgan Novak,Loyal,Direct,16,Throw Pillow,Home,1,19.11,0,19.11,0
2025-11-27,3601,735,Drew Brooks,Loyal,Social,9,Wireless Earbuds,Electronics,1,94.29,10,84.86,0
2025-11-27,3602,772,Ivy Fischer,Regular,Email,14,Power Bank,Electronics,1,64.37,0,64.37,0
2025-11-27,3602,772,Ivy Fischer,Regular,Email,38,Board Game,Toys,2,37.99,0,75.98,0
2025-11-27,3602,772,Ivy Fischer,Regular,Email,14,Power Bank,Electronics,1,64.37,0,64.37,0
2025-11-27,3603,793,Hugo Osei,Champion,Social,33,Jump Rope,Sports,1,33.41,25,25.06,0
2025-11-27,3604,819,Nora Mendez,Champion,Paid Search,10,USB-C Cable,Electronics,2,117.18,5,222.64,0
2025-11-27,3604,819,Nora Mendez,Champion,Paid Search,39,RC Car,Toys,1,33.63,0,33.63,0
2025-11-27,3605,844,Wren Diaz,New,Paid Search,10,USB-C Cable,Electronics,1,117.18,25,87.89,0
2025-11-27,3606,845,Jordan Costa,Champion,Email,33,Jump Rope,Sports,1,33.41,0,33.41,0
2025-11-27,3606,845,Jordan Costa,Champion,Email,31,Resistance Bands,Sports,1,65.69,5,62.41,0
2025-11-27,3606,845,Jordan Costa,Champion,Email,16,Throw Pillow,Home,1,19.11,10,17.2,0
2025-11-27,3606,845,Jordan Costa,Champion,Email,25,Sheet Mask,Beauty,2,8.59,10,15.46,0
2025-11-27,3607,848,Sasha Carter,Loyal,Paid Search,39,RC Car,Toys,1,33.63,5,31.95,0
2025-11-27,3608,861,Mateo Sullivan,At-Risk,Referral,13,Webcam,Electronics,2,64,0,128,0
2025-11-27,3609,865,Rowan Costa,Champion,Referral,1,Crew Tee,Apparel,2,53.87,10,96.97,0
2025-11-27,3609,865,Rowan Costa,Champion,Referral,36,Puzzle 500pc,Toys,1,44.86,10,40.37,0
2025-11-27,3610,945,Jamie Novak,Champion,Email,14,Power Bank,Electronics,1,64.37,15,54.71,0
2025-11-27,3610,945,Jamie Novak,Champion,Email,19,Cutting Board,Home,2,53.71,10,96.68,0
2025-11-27,3611,951,Nora Kowalski,Loyal,Organic,36,Puzzle 500pc,Toys,1,44.86,0,44.86,0
2025-11-27,3612,992,Jamie Osei,Loyal,Email,37,Plush Bear,Toys,1,15.95,0,15.95,0
2025-11-28,3613,66,Devon Reyes,Champion,Organic,36,Puzzle 500pc,Toys,1,44.86,10,40.37,1
2025-11-28,3614,86,Priya Okafor,Champion,Email,20,Towel Set,Home,1,19.75,5,18.76,0
2025-11-28,3614,86,Priya Okafor,Champion,Email,11,Phone Case,Electronics,1,22.01,0,22.01,0
2025-11-28,3614,86,Priya Okafor,Champion,Email,26,Shampoo Bar,Beauty,1,33.06,10,29.75,0
2025-11-28,3615,116,Wren Mendez,Champion,Email,35,Building Blocks,Toys,1,32.84,0,32.84,0
2025-11-28,3615,116,Wren Mendez,Champion,Email,40,Art Kit,Toys,1,53.64,0,53.64,1
2025-11-28,3616,124,Ezra Kowalski,Champion,Social,21,Storage Bin,Home,1,28.6,10,25.74,0
2025-11-28,3616,124,Ezra Kowalski,Champion,Social,16,Throw Pillow,Home,2,19.11,10,34.4,0
2025-11-28,3617,162,Nora Hassan,At-Risk,Paid Search,15,Smart Plug,Electronics,1,110.18,0,110.18,0
2025-11-28,3617,162,Nora Hassan,At-Risk,Paid Search,40,Art Kit,Toys,1,53.64,0,53.64,1
2025-11-28,3618,175,Nora Marsh,At-Risk,Email,19,Cutting Board,Home,1,53.71,0,53.71,1
2025-11-28,3618,175,Nora Marsh,At-Risk,Email,27,Hand Cream,Beauty,1,18.43,0,18.43,1
2025-11-28,3619,187,Owen Osei,Regular,Direct,21,Storage Bin,Home,1,28.6,10,25.74,1
2025-11-28,3620,203,Kai Larsen,At-Risk,Social,27,Hand Cream,Beauty,3,18.43,0,55.29,1
2025-11-28,3620,203,Kai Larsen,At-Risk,Social,1,Crew Tee,Apparel,1,53.87,0,53.87,0
2025-11-28,3621,218,Taylor Patel,Champion,Paid Search,29,Yoga Mat,Sports,1,24.63,10,22.17,0
2025-11-28,3622,226,Leo Petrov,Champion,Organic,6,Beanie,Apparel,1,30.7,10,27.63,0
2025-11-28,3622,226,Leo Petrov,Champion,Organic,1,Crew Tee,Apparel,1,53.87,10,48.48,0
2025-11-28,3622,226,Leo Petrov,Champion,Organic,40,Art Kit,Toys,1,53.64,0,53.64,0
2025-11-28,3623,238,Avery Reyes,Champion,Referral,37,Plush Bear,Toys,2,15.95,10,28.71,0
2025-11-28,3623,238,Avery Reyes,Champion,Referral,2,Hoodie,Apparel,1,19.91,5,18.91,0
2025-11-28,3623,238,Avery Reyes,Champion,Referral,38,Board Game,Toys,3,37.99,5,108.27,1
2025-11-28,3623,238,Avery Reyes,Champion,Referral,24,Lip Balm,Beauty,1,36.1,5,34.3,0
2025-11-28,3624,242,Sasha Hassan,Loyal,Paid Search,28,SPF 50 Lotion,Beauty,1,34.44,5,32.72,0
2025-11-28,3625,263,Morgan Sullivan,Regular,Paid Search,24,Lip Balm,Beauty,2,36.1,0,72.2,0
2025-11-28,3625,263,Morgan Sullivan,Regular,Paid Search,34,Running Belt,Sports,2,29.4,0,58.8,0
2025-11-28,3625,263,Morgan Sullivan,Regular,Paid Search,23,Vitamin C Serum,Beauty,1,32.33,0,32.33,0
2025-11-28,3626,265,Ezra Okafor,Regular,Paid Search,39,RC Car,Toys,1,33.63,20,26.9,0
2025-11-28,3626,265,Ezra Okafor,Regular,Paid Search,36,Puzzle 500pc,Toys,1,44.86,20,35.89,0
2025-11-28,3626,265,Ezra Okafor,Regular,Paid Search,28,SPF 50 Lotion,Beauty,1,34.44,20,27.55,0
2025-11-28,3627,286,Leo Petrov,Champion,Referral,2,Hoodie,Apparel,1,19.91,0,19.91,0
2025-11-28,3628,444,Hugo Yamada,Regular,Email,39,RC Car,Toys,3,33.63,25,75.67,0
2025-11-28,3629,479,Leo Ibarra,Loyal,Referral,39,RC Car,Toys,1,33.63,5,31.95,0
2025-11-28,3629,479,Leo Ibarra,Loyal,Referral,36,Puzzle 500pc,Toys,1,44.86,0,44.86,0
2025-11-28,3629,479,Leo Ibarra,Loyal,Referral,33,Jump Rope,Sports,2,33.41,0,66.82,0
2025-11-28,3630,494,Wren Fischer,Loyal,Email,19,Cutting Board,Home,1,53.71,20,42.97,0
2025-11-28,3630,494,Wren Fischer,Loyal,Email,4,Joggers,Apparel,1,42.18,25,31.64,0
2025-11-28,3631,503,Iris Khan,Loyal,Social,32,Foam Roller,Sports,1,65.98,10,59.38,0
2025-11-28,3632,521,Reese Khan,Regular,Social,12,Bluetooth Speaker,Electronics,1,98.02,0,98.02,0
2025-11-28,3632,521,Reese Khan,Regular,Social,16,Throw Pillow,Home,1,19.11,0,19.11,0
2025-11-28,3633,525,Kai Novak,At-Risk,Paid Search,34,Running Belt,Sports,1,29.4,10,26.46,0
2025-11-28,3633,525,Kai Novak,At-Risk,Paid Search,28,SPF 50 Lotion,Beauty,2,34.44,15,58.55,0
2025-11-28,3633,525,Kai Novak,At-Risk,Paid Search,23,Vitamin C Serum,Beauty,2,32.33,10,58.19,0
2025-11-28,3634,622,Nora Novak,At-Risk,Organic,26,Shampoo Bar,Beauty,1,33.06,0,33.06,1
2025-11-28,3635,637,Devon Walsh,Regular,Organic,5,Socks 3-Pack,Apparel,2,65.81,0,131.62,0
2025-11-28,3635,637,Devon Walsh,Regular,Organic,40,Art Kit,Toys,1,53.64,0,53.64,0
2025-11-28,3635,637,Devon Walsh,Regular,Organic,32,Foam Roller,Sports,2,65.98,0,131.96,0
2025-11-28,3635,637,Devon Walsh,Regular,Organic,13,Webcam,Electronics,1,64,0,64,0
2025-11-28,3636,640,Avery Romano,Champion,Organic,36,Puzzle 500pc,Toys,1,44.86,0,44.86,0
2025-11-28,3637,678,Mateo Cohen,Champion,Social,33,Jump Rope,Sports,2,33.41,20,53.46,0
2025-11-28,3638,703,Avery Mendez,Loyal,Organic,20,Towel Set,Home,1,19.75,5,18.76,0
2025-11-28,3638,703,Avery Mendez,Loyal,Organic,9,Wireless Earbuds,Electronics,2,94.29,5,179.15,0
2025-11-28,3639,760,Kai Novak,Regular,Social,39,RC Car,Toys,1,33.63,15,28.59,0
2025-11-28,3640,823,Leo Brooks,Loyal,Email,38,Board Game,Toys,1,37.99,10,34.19,0
2025-11-28,3640,823,Leo Brooks,Loyal,Email,10,USB-C Cable,Electronics,1,117.18,10,105.46,0
2025-11-28,3641,857,Noel Osei,Champion,Referral,3,Denim Jacket,Apparel,1,65.95,0,65.95,0
2025-11-28,3642,870,Sasha Sullivan,New,Organic,5,Socks 3-Pack,Apparel,2,65.81,0,131.62,0
2025-11-28,3642,870,Sasha Sullivan,New,Organic,15,Smart Plug,Electronics,1,110.18,0,110.18,1
2025-11-28,3642,870,Sasha Sullivan,New,Organic,12,Bluetooth Speaker,Electronics,1,98.02,0,98.02,0
2025-11-28,3642,870,Sasha Sullivan,New,Organic,26,Shampoo Bar,Beauty,1,33.06,0,33.06,0
2025-11-28,3643,955,Taylor Yamada,Regular,Referral,8,Chino Pants,Apparel,1,64.72,0,64.72,0
2025-11-28,3644,970,Avery Diaz,Regular,Paid Search,24,Lip Balm,Beauty,1,36.1,25,27.08,0
2025-11-28,3644,970,Avery Diaz,Regular,Paid Search,3,Denim Jacket,Apparel,1,65.95,20,52.76,0
2025-11-28,3644,970,Avery Diaz,Regular,Paid Search,29,Yoga Mat,Sports,1,24.63,10,22.17,0
2025-11-28,3644,970,Avery Diaz,Regular,Paid Search,22,Scented Candle,Home,1,18.98,15,16.13,0
2025-11-28,3645,974,Tessa Bauer,At-Risk,Paid Search,30,Water Bottle,Sports,1,46.55,0,46.55,0
2025-11-28,3645,974,Tessa Bauer,At-Risk,Paid Search,12,Bluetooth Speaker,Electronics,3,98.02,0,294.06,0
2025-11-28,3646,985,Rowan Petrov,Loyal,Paid Search,33,Jump Rope,Sports,1,33.41,15,28.4,1
2025-11-29,3647,31,Harper Ibarra,Regular,Email,31,Resistance Bands,Sports,1,65.69,0,65.69,0
2025-11-29,3647,31,Harper Ibarra,Regular,Email,4,Joggers,Apparel,1,42.18,0,42.18,0
2025-11-29,3647,31,Harper Ibarra,Regular,Email,33,Jump Rope,Sports,2,33.41,0,66.82,0
2025-11-29,3648,48,Priya Yamada,Champion,Paid Search,21,Storage Bin,Home,1,28.6,10,25.74,0
2025-11-29,3649,76,Owen Flynn,Champion,Direct,26,Shampoo Bar,Beauty,1,33.06,10,29.75,0
2025-11-29,3649,76,Owen Flynn,Champion,Direct,34,Running Belt,Sports,2,29.4,15,49.98,0
2025-11-29,3649,76,Owen Flynn,Champion,Direct,30,Water Bottle,Sports,1,46.55,20,37.24,0
2025-11-29,3650,90,Avery Novak,Champion,Paid Search,8,Chino Pants,Apparel,1,64.72,5,61.48,0
2025-11-29,3650,90,Avery Novak,Champion,Paid Search,13,Webcam,Electronics,1,64,5,60.8,0
2025-11-29,3651,103,Maya Walsh,Regular,Email,22,Scented Candle,Home,2,18.98,0,37.96,0
2025-11-29,3651,103,Maya Walsh,Regular,Email,31,Resistance Bands,Sports,2,65.69,0,131.38,0
2025-11-29,3651,103,Maya Walsh,Regular,Email,24,Lip Balm,Beauty,3,36.1,0,108.3,0
2025-11-29,3652,141,Maya Romano,Loyal,Organic,8,Chino Pants,Apparel,1,64.72,0,64.72,0
2025-11-29,3653,153,Reese Marsh,Loyal,Direct,8,Chino Pants,Apparel,1,64.72,0,64.72,0
2025-11-29,3653,153,Reese Marsh,Loyal,Direct,30,Water Bottle,Sports,1,46.55,0,46.55,0
2025-11-29,3653,153,Reese Marsh,Loyal,Direct,10,USB-C Cable,Electronics,1,117.18,0,117.18,0
2025-11-29,3654,185,Kai Bauer,Loyal,Direct,2,Hoodie,Apparel,2,19.91,0,39.82,0
2025-11-29,3654,185,Kai Bauer,Loyal,Direct,28,SPF 50 Lotion,Beauty,1,34.44,5,32.72,0
2025-11-29,3655,194,Noel Kowalski,Loyal,Direct,17,Ceramic Mug,Home,1,54.95,5,52.2,0
2025-11-29,3656,218,Taylor Patel,Champion,Paid Search,1,Crew Tee,Apparel,2,53.87,10,96.97,0
2025-11-29,3657,236,Ivy Khan,Regular,Social,28,SPF 50 Lotion,Beauty,1,34.44,20,27.55,0
2025-11-29,3657,236,Ivy Khan,Regular,Social,30,Water Bottle,Sports,1,46.55,25,34.91,0
2025-11-29,3658,247,Maya Flynn,Regular,Social,25,Sheet Mask,Beauty,2,8.59,20,13.74,0
2025-11-29,3659,281,Avery Reyes,Loyal,Organic,3,Denim Jacket,Apparel,1,65.95,10,59.36,0
2025-11-29,3660,313,Iris Hassan,Regular,Social,4,Joggers,Apparel,2,42.18,0,84.36,0
2025-11-29,3661,353,Tessa Osei,Regular,Referral,36,Puzzle 500pc,Toys,1,44.86,0,44.86,0
2025-11-29,3662,379,Casey Patel,At-Risk,Paid Search,40,Art Kit,Toys,1,53.64,0,53.64,0
2025-11-29,3663,380,Quinn Bauer,Champion,Referral,4,Joggers,Apparel,1,42.18,5,40.07,0
2025-11-29,3664,422,Iris Mendez,Champion,Social,13,Webcam,Electronics,2,64,0,128,0
2025-11-29,3665,431,Mateo Ibarra,Loyal,Referral,7,Rain Shell,Apparel,1,23.29,10,20.96,1
2025-11-29,3666,437,Lila Marsh,Loyal,Email,21,Storage Bin,Home,1,28.6,5,27.17,0
2025-11-29,3666,437,Lila Marsh,Loyal,Email,21,Storage Bin,Home,1,28.6,5,27.17,0
2025-11-29,3667,466,Jamie Ahmed,Regular,Email,30,Water Bottle,Sports,1,46.55,15,39.57,0
2025-11-29,3668,468,Reese Flynn,Regular,Social,12,Bluetooth Speaker,Electronics,1,98.02,25,73.52,1
2025-11-29,3668,468,Reese Flynn,Regular,Social,32,Foam Roller,Sports,1,65.98,15,56.08,0
2025-11-29,3668,468,Reese Flynn,Regular,Social,28,SPF 50 Lotion,Beauty,1,34.44,10,31,0
2025-11-29,3668,468,Reese Flynn,Regular,Social,17,Ceramic Mug,Home,1,54.95,15,46.71,0
2025-11-29,3669,483,Drew Diaz,Regular,Email,3,Denim Jacket,Apparel,1,65.95,0,65.95,0
2025-11-29,3669,483,Drew Diaz,Regular,Email,4,Joggers,Apparel,3,42.18,0,126.54,0
2025-11-29,3670,537,Ivy Okafor,Regular,Paid Search,37,Plush Bear,Toys,1,15.95,0,15.95,0
2025-11-29,3670,537,Ivy Okafor,Regular,Paid Search,6,Beanie,Apparel,1,30.7,0,30.7,0
2025-11-29,3671,547,Harper Costa,Loyal,Email,17,Ceramic Mug,Home,1,54.95,5,52.2,0
2025-11-29,3671,547,Harper Costa,Loyal,Email,31,Resistance Bands,Sports,1,65.69,0,65.69,0
2025-11-29,3671,547,Harper Costa,Loyal,Email,37,Plush Bear,Toys,1,15.95,0,15.95,0
2025-11-29,3672,567,Avery Bauer,Loyal,Organic,19,Cutting Board,Home,1,53.71,5,51.02,0
2025-11-29,3672,567,Avery Bauer,Loyal,Organic,5,Socks 3-Pack,Apparel,3,65.81,0,197.43,0
2025-11-29,3673,578,Nora Marsh,Champion,Social,4,Joggers,Apparel,1,42.18,25,31.64,0
2025-11-29,3674,601,Owen Carter,Loyal,Social,35,Building Blocks,Toys,2,32.84,5,62.4,0
2025-11-29,3674,601,Owen Carter,Loyal,Social,5,Socks 3-Pack,Apparel,1,65.81,5,62.52,0
2025-11-29,3674,601,Owen Carter,Loyal,Social,1,Crew Tee,Apparel,3,53.87,10,145.45,0
2025-11-29,3675,636,Casey Petrov,Loyal,Organic,16,Throw Pillow,Home,3,19.11,10,51.6,0
2025-11-29,3676,652,Quinn Petrov,Loyal,Paid Search,12,Bluetooth Speaker,Electronics,1,98.02,10,88.22,0
2025-11-29,3676,652,Quinn Petrov,Loyal,Paid Search,18,LED Lamp,Home,1,50.85,15,43.22,0
2025-11-29,3677,700,Owen Cohen,Champion,Social,6,Beanie,Apparel,1,30.7,0,30.7,0
2025-11-29,3678,705,Jamie Park,Champion,Paid Search,5,Socks 3-Pack,Apparel,1,65.81,0,65.81,1
2025-11-29,3678,705,Jamie Park,Champion,Paid Search,29,Yoga Mat,Sports,3,24.63,0,73.89,0
2025-11-29,3679,713,Wren Costa,Champion,Organic,23,Vitamin C Serum,Beauty,3,32.33,0,96.99,0
2025-11-29,3679,713,Wren Costa,Champion,Organic,28,SPF 50 Lotion,Beauty,1,34.44,0,34.44,0
2025-11-29,3680,716,Iris Reyes,Champion,Email,34,Running Belt,Sports,1,29.4,5,27.93,0
2025-11-29,3680,716,Iris Reyes,Champion,Email,17,Ceramic Mug,Home,2,54.95,0,109.9,0
2025-11-29,3680,716,Iris Reyes,Champion,Email,19,Cutting Board,Home,1,53.71,10,48.34,0
2025-11-29,3681,754,Tessa Okafor,Regular,Social,31,Resistance Bands,Sports,1,65.69,0,65.69,0
2025-11-29,3681,754,Tessa Okafor,Regular,Social,6,Beanie,Apparel,1,30.7,0,30.7,0
2025-11-29,3682,767,Harper Bauer,Loyal,Direct,12,Bluetooth Speaker,Electronics,1,98.02,0,98.02,0
2025-11-29,3683,805,Cole Costa,Champion,Direct,31,Resistance Bands,Sports,2,65.69,20,105.1,0
2025-11-29,3684,856,Cole Khan,At-Risk,Organic,3,Denim Jacket,Apparel,1,65.95,10,59.36,0
2025-11-29,3684,856,Cole Khan,At-Risk,Organic,4,Joggers,Apparel,1,42.18,10,37.96,0
2025-11-29,3685,945,Jamie Novak,Champion,Email,35,Building Blocks,Toys,1,32.84,0,32.84,0
2025-11-29,3686,953,Jamie Reid,Champion,Referral,25,Sheet Mask,Beauty,1,8.59,5,8.16,1
2025-11-29,3687,972,Cole Tan,At-Risk,Direct,24,Lip Balm,Beauty,1,36.1,0,36.1,0
2025-11-29,3687,972,Cole Tan,At-Risk,Direct,35,Building Blocks,Toys,1,32.84,0,32.84,1
2025-11-30,3688,13,Lila Osei,At-Risk,Paid Search,5,Socks 3-Pack,Apparel,1,65.81,25,49.36,0
2025-11-30,3688,13,Lila Osei,At-Risk,Paid Search,19,Cutting Board,Home,1,53.71,10,48.34,1
2025-11-30,3688,13,Lila Osei,At-Risk,Paid Search,36,Puzzle 500pc,Toys,2,44.86,15,76.26,0
2025-11-30,3688,13,Lila Osei,At-Risk,Paid Search,11,Phone Case,Electronics,1,22.01,20,17.61,0
2025-11-30,3689,50,Drew Brooks,Champion,Email,37,Plush Bear,Toys,1,15.95,0,15.95,0
2025-11-30,3689,50,Drew Brooks,Champion,Email,1,Crew Tee,Apparel,2,53.87,5,102.35,0
2025-11-30,3690,101,Noel Ibarra,Loyal,Paid Search,33,Jump Rope,Sports,3,33.41,0,100.23,0
2025-11-30,3690,101,Noel Ibarra,Loyal,Paid Search,4,Joggers,Apparel,1,42.18,0,42.18,0
2025-11-30,3691,108,Lila Flynn,Loyal,Email,15,Smart Plug,Electronics,1,110.18,25,82.64,0
2025-11-30,3691,108,Lila Flynn,Loyal,Email,21,Storage Bin,Home,1,28.6,25,21.45,0
2025-11-30,3692,121,Kai Nguyen,Loyal,Direct,14,Power Bank,Electronics,1,64.37,5,61.15,0
2025-11-30,3693,139,Ezra Cohen,Regular,Referral,14,Power Bank,Electronics,1,64.37,0,64.37,0
2025-11-30,3694,172,Morgan Okafor,Loyal,Direct,12,Bluetooth Speaker,Electronics,2,98.02,0,196.04,0
2025-11-30,3695,174,Drew Costa,Champion,Social,32,Foam Roller,Sports,3,65.98,5,188.04,0
2025-11-30,3696,184,Kai Ahmed,Champion,Organic,30,Water Bottle,Sports,2,46.55,5,88.45,0
2025-11-30,3696,184,Kai Ahmed,Champion,Organic,35,Building Blocks,Toys,1,32.84,0,32.84,0
2025-11-30,3697,189,Noel Romano,Champion,Organic,10,USB-C Cable,Electronics,3,117.18,0,351.54,0
2025-11-30,3698,242,Sasha Hassan,Loyal,Paid Search,35,Building Blocks,Toys,1,32.84,10,29.56,0
2025-11-30,3699,274,Drew Flynn,Loyal,Email,2,Hoodie,Apparel,1,19.91,5,18.91,0
2025-11-30,3699,274,Drew Flynn,Loyal,Email,5,Socks 3-Pack,Apparel,1,65.81,10,59.23,1
2025-11-30,3700,286,Leo Petrov,Champion,Referral,14,Power Bank,Electronics,1,64.37,5,61.15,0
2025-11-30,3701,307,Casey Ahmed,Champion,Organic,12,Bluetooth Speaker,Electronics,1,98.02,0,98.02,0
2025-11-30,3702,374,Mateo Ahmed,At-Risk,Email,2,Hoodie,Apparel,1,19.91,10,17.92,1
2025-11-30,3703,381,Kai Reid,Regular,Email,16,Throw Pillow,Home,1,19.11,0,19.11,0
2025-11-30,3703,381,Kai Reid,Regular,Email,19,Cutting Board,Home,1,53.71,0,53.71,0
2025-11-30,3704,422,Iris Mendez,Champion,Social,36,Puzzle 500pc,Toys,3,44.86,0,134.58,0
2025-11-30,3705,438,Maya Cohen,New,Direct,23,Vitamin C Serum,Beauty,3,32.33,0,96.99,0
2025-11-30,3705,438,Maya Cohen,New,Direct,38,Board Game,Toys,1,37.99,0,37.99,0
2025-11-30,3706,450,Lila Bauer,Loyal,Paid Search,32,Foam Roller,Sports,1,65.98,0,65.98,0
2025-11-30,3707,460,Harper Tan,Champion,Email,39,RC Car,Toys,1,33.63,0,33.63,1
2025-11-30,3707,460,Harper Tan,Champion,Email,2,Hoodie,Apparel,1,19.91,5,18.91,0
2025-11-30,3708,500,Priya Osei,Regular,Social,37,Plush Bear,Toys,1,15.95,20,12.76,0
2025-11-30,3709,504,Harper Osei,Loyal,Social,16,Throw Pillow,Home,1,19.11,0,19.11,0
2025-11-30,3710,551,Devon Fischer,Loyal,Social,1,Crew Tee,Apparel,1,53.87,10,48.48,0
2025-11-30,3710,551,Devon Fischer,Loyal,Social,19,Cutting Board,Home,1,53.71,5,51.02,0
2025-11-30,3710,551,Devon Fischer,Loyal,Social,38,Board Game,Toys,1,37.99,0,37.99,0
2025-11-30,3710,551,Devon Fischer,Loyal,Social,17,Ceramic Mug,Home,3,54.95,10,148.37,0
2025-11-30,3711,636,Casey Petrov,Loyal,Organic,2,Hoodie,Apparel,2,19.91,5,37.83,0
2025-11-30,3712,679,Owen Park,Loyal,Paid Search,18,LED Lamp,Home,1,50.85,0,50.85,0
2025-11-30,3712,679,Owen Park,Loyal,Paid Search,18,LED Lamp,Home,3,50.85,0,152.55,0
2025-11-30,3712,679,Owen Park,Loyal,Paid Search,9,Wireless Earbuds,Electronics,2,94.29,10,169.72,0
2025-11-30,3713,704,Owen Nguyen,Champion,Organic,6,Beanie,Apparel,1,30.7,0,30.7,0
2025-11-30,3713,704,Owen Nguyen,Champion,Organic,18,LED Lamp,Home,1,50.85,5,48.31,0
2025-11-30,3713,704,Owen Nguyen,Champion,Organic,29,Yoga Mat,Sports,1,24.63,0,24.63,0
2025-11-30,3714,725,Sasha Okafor,Regular,Direct,32,Foam Roller,Sports,1,65.98,0,65.98,0
2025-11-30,3715,799,Lila Brooks,Loyal,Referral,26,Shampoo Bar,Beauty,1,33.06,0,33.06,0
2025-11-30,3715,799,Lila Brooks,Loyal,Referral,10,USB-C Cable,Electronics,1,117.18,5,111.32,0
2025-11-30,3716,800,Owen Novak,Loyal,Referral,20,Towel Set,Home,1,19.75,5,18.76,0
2025-11-30,3717,833,Jamie Hassan,Loyal,Email,39,RC Car,Toys,1,33.63,0,33.63,0
2025-11-30,3718,865,Rowan Costa,Champion,Referral,36,Puzzle 500pc,Toys,1,44.86,0,44.86,0
2025-11-30,3718,865,Rowan Costa,Champion,Referral,25,Sheet Mask,Beauty,2,8.59,5,16.32,0
2025-11-30,3719,918,Owen Okafor,Loyal,Direct,16,Throw Pillow,Home,1,19.11,10,17.2,0
2025-11-30,3720,931,Cole Reid,Champion,Organic,31,Resistance Bands,Sports,1,65.69,5,62.41,0
2025-11-30,3720,931,Cole Reid,Champion,Organic,15,Smart Plug,Electronics,1,110.18,0,110.18,0
2025-11-30,3720,931,Cole Reid,Champion,Organic,18,LED Lamp,Home,2,50.85,10,91.53,0
2025-11-30,3721,949,Quinn Okafor,Champion,Organic,1,Crew Tee,Apparel,1,53.87,0,53.87,0
2025-11-30,3721,949,Quinn Okafor,Champion,Organic,28,SPF 50 Lotion,Beauty,2,34.44,0,68.88,0
2025-11-30,3721,949,Quinn Okafor,Champion,Organic,7,Rain Shell,Apparel,2,23.29,0,46.58,0
2025-11-30,3721,949,Quinn Okafor,Champion,Organic,2,Hoodie,Apparel,3,19.91,0,59.73,0
2025-11-30,3722,960,Wren Mendez,Champion,Social,16,Throw Pillow,Home,1,19.11,5,18.15,0
2025-11-30,3723,965,Rowan Costa,At-Risk,Paid Search,33,Jump Rope,Sports,1,33.41,25,25.06,0
2025-11-30,3724,977,Leo Mendez,New,Paid Search,4,Joggers,Apparel,1,42.18,0,42.18,1
2025-11-30,3724,977,Leo Mendez,New,Paid Search,25,Sheet Mask,Beauty,2,8.59,0,17.18,0
2025-11-30,3725,987,Jordan Sullivan,Champion,Paid Search,24,Lip Balm,Beauty,1,36.1,10,32.49,0
2025-11-30,3726,996,Ezra Brooks,At-Risk,Organic,29,Yoga Mat,Sports,3,24.63,0,73.89,0
2025-11-30,3727,997,Taylor Hassan,At-Risk,Email,10,USB-C Cable,Electronics,1,117.18,0,117.18,0
2025-11-30,3728,998,Lila Yamada,Champion,Email,4,Joggers,Apparel,1,42.18,0,42.18,0
2025-12-01,3729,10,Maya Okafor,Loyal,Paid Search,3,Denim Jacket,Apparel,1,65.95,25,49.46,0
2025-12-01,3730,27,Nora Bauer,Champion,Referral,3,Denim Jacket,Apparel,3,65.95,0,197.85,0
2025-12-01,3730,27,Nora Bauer,Champion,Referral,21,Storage Bin,Home,1,28.6,0,28.6,0
2025-12-01,3730,27,Nora Bauer,Champion,Referral,23,Vitamin C Serum,Beauty,1,32.33,0,32.33,0
2025-12-01,3730,27,Nora Bauer,Champion,Referral,13,Webcam,Electronics,1,64,0,64,0
2025-12-01,3731,55,Cole Okafor,Regular,Direct,4,Joggers,Apparel,2,42.18,0,84.36,0
2025-12-01,3731,55,Cole Okafor,Regular,Direct,30,Water Bottle,Sports,2,46.55,0,93.1,0
2025-12-01,3731,55,Cole Okafor,Regular,Direct,20,Towel Set,Home,1,19.75,0,19.75,0
2025-12-01,3732,66,Devon Reyes,Champion,Organic,29,Yoga Mat,Sports,2,24.63,10,44.33,0
2025-12-01,3733,76,Owen Flynn,Champion,Direct,8,Chino Pants,Apparel,3,64.72,10,174.74,0
2025-12-01,3734,79,Kai Patel,Loyal,Direct,19,Cutting Board,Home,1,53.71,10,48.34,0
2025-12-01,3735,86,Priya Okafor,Champion,Email,14,Power Bank,Electronics,1,64.37,20,51.5,0
2025-12-01,3736,107,Avery Mendez,Loyal,Organic,24,Lip Balm,Beauty,1,36.1,0,36.1,0
2025-12-01,3737,108,Lila Flynn,Loyal,Email,3,Denim Jacket,Apparel,2,65.95,25,98.93,0
2025-12-01,3737,108,Lila Flynn,Loyal,Email,8,Chino Pants,Apparel,1,64.72,15,55.01,0
2025-12-01,3737,108,Lila Flynn,Loyal,Email,32,Foam Roller,Sports,1,65.98,15,56.08,0
2025-12-01,3737,108,Lila Flynn,Loyal,Email,34,Running Belt,Sports,1,29.4,20,23.52,0
2025-12-01,3738,116,Wren Mendez,Champion,Email,19,Cutting Board,Home,1,53.71,0,53.71,0
2025-12-01,3738,116,Wren Mendez,Champion,Email,10,USB-C Cable,Electronics,1,117.18,0,117.18,0
2025-12-01,3739,124,Ezra Kowalski,Champion,Social,12,Bluetooth Speaker,Electronics,1,98.02,5,93.12,0
2025-12-01,3740,141,Maya Romano,Loyal,Organic,25,Sheet Mask,Beauty,1,8.59,0,8.59,0
2025-12-01,3741,159,Jordan Tan,Loyal,Direct,35,Building Blocks,Toys,1,32.84,10,29.56,0
2025-12-01,3742,189,Noel Romano,Champion,Organic,4,Joggers,Apparel,3,42.18,5,120.21,0
2025-12-01,3742,189,Noel Romano,Champion,Organic,19,Cutting Board,Home,2,53.71,0,107.42,0
2025-12-01,3742,189,Noel Romano,Champion,Organic,5,Socks 3-Pack,Apparel,1,65.81,0,65.81,0
2025-12-01,3743,235,Casey Okafor,Regular,Social,33,Jump Rope,Sports,1,33.41,0,33.41,0
2025-12-01,3744,242,Sasha Hassan,Loyal,Paid Search,19,Cutting Board,Home,2,53.71,25,80.57,1
2025-12-01,3744,242,Sasha Hassan,Loyal,Paid Search,5,Socks 3-Pack,Apparel,2,65.81,10,118.46,0
2025-12-01,3745,270,Casey Ahmed,Loyal,Direct,19,Cutting Board,Home,2,53.71,20,85.94,0
2025-12-01,3745,270,Casey Ahmed,Loyal,Direct,33,Jump Rope,Sports,1,33.41,25,25.06,0
2025-12-01,3746,292,Cole Marsh,Champion,Direct,5,Socks 3-Pack,Apparel,2,65.81,0,131.62,0
2025-12-01,3747,312,Ivy Petrov,Regular,Direct,30,Water Bottle,Sports,3,46.55,25,104.74,0
2025-12-01,3747,312,Ivy Petrov,Regular,Direct,21,Storage Bin,Home,1,28.6,15,24.31,0
2025-12-01,3747,312,Ivy Petrov,Regular,Direct,14,Power Bank,Electronics,1,64.37,15,54.71,0
2025-12-01,3748,313,Iris Hassan,Regular,Social,10,USB-C Cable,Electronics,1,117.18,0,117.18,0
2025-12-01,3749,331,Tessa Brooks,Regular,Paid Search,31,Resistance Bands,Sports,2,65.69,0,131.38,0
2025-12-01,3750,422,Iris Mendez,Champion,Social,39,RC Car,Toys,1,33.63,5,31.95,0
2025-12-01,3751,479,Leo Ibarra,Loyal,Referral,14,Power Bank,Electronics,2,64.37,0,128.74,0
2025-12-01,3751,479,Leo Ibarra,Loyal,Referral,6,Beanie,Apparel,1,30.7,10,27.63,0
2025-12-01,3751,479,Leo Ibarra,Loyal,Referral,34,Running Belt,Sports,2,29.4,0,58.8,0
2025-12-01,3752,527,Jamie Fischer,Champion,Referral,22,Scented Candle,Home,1,18.98,10,17.08,0
2025-12-01,3752,527,Jamie Fischer,Champion,Referral,32,Foam Roller,Sports,1,65.98,0,65.98,0
2025-12-01,3753,607,Taylor Marsh,Regular,Paid Search,16,Throw Pillow,Home,3,19.11,20,45.86,0
2025-12-01,3753,607,Taylor Marsh,Regular,Paid Search,18,LED Lamp,Home,1,50.85,15,43.22,0
2025-12-01,3753,607,Taylor Marsh,Regular,Paid Search,9,Wireless Earbuds,Electronics,1,94.29,10,84.86,0
2025-12-01,3753,607,Taylor Marsh,Regular,Paid Search,25,Sheet Mask,Beauty,1,8.59,25,6.44,0
2025-12-01,3754,654,Devon Diaz,Regular,Social,2,Hoodie,Apparel,2,19.91,15,33.85,0
2025-12-01,3754,654,Devon Diaz,Regular,Social,25,Sheet Mask,Beauty,1,8.59,25,6.44,0
2025-12-01,3754,654,Devon Diaz,Regular,Social,31,Resistance Bands,Sports,2,65.69,20,105.1,0
2025-12-01,3754,654,Devon Diaz,Regular,Social,4,Joggers,Apparel,1,42.18,25,31.64,0
2025-12-01,3755,667,Maya Petrov,Champion,Paid Search,38,Board Game,Toys,2,37.99,0,75.98,0
2025-12-01,3756,683,Owen Patel,Loyal,Email,25,Sheet Mask,Beauty,1,8.59,0,8.59,0
2025-12-01,3757,696,Riley Tan,Champion,Referral,27,Hand Cream,Beauty,1,18.43,20,14.74,0
2025-12-01,3758,702,Noel Petrov,Loyal,Paid Search,11,Phone Case,Electronics,3,22.01,0,66.03,0
2025-12-01,3759,709,Ezra Mendez,Loyal,Referral,11,Phone Case,Electronics,1,22.01,10,19.81,0
2025-12-01,3759,709,Ezra Mendez,Loyal,Referral,7,Rain Shell,Apparel,3,23.29,20,55.9,0
2025-12-01,3760,763,Devon Nguyen,At-Risk,Referral,13,Webcam,Electronics,1,64,0,64,1
2025-12-01,3760,763,Devon Nguyen,At-Risk,Referral,20,Towel Set,Home,1,19.75,0,19.75,0
2025-12-01,3760,763,Devon Nguyen,At-Risk,Referral,30,Water Bottle,Sports,1,46.55,0,46.55,0
2025-12-01,3761,771,Rowan Bauer,Regular,Organic,38,Board Game,Toys,1,37.99,15,32.29,0
2025-12-01,3762,778,Reese Osei,New,Email,19,Cutting Board,Home,2,53.71,0,107.42,0
2025-12-01,3763,793,Hugo Osei,Champion,Social,26,Shampoo Bar,Beauty,1,33.06,5,31.41,0
2025-12-01,3764,799,Lila Brooks,Loyal,Referral,32,Foam Roller,Sports,1,65.98,5,62.68,0
2025-12-01,3765,807,Owen Ahmed,New,Organic,19,Cutting Board,Home,2,53.71,20,85.94,0
2025-12-01,3765,807,Owen Ahmed,New,Organic,20,Towel Set,Home,1,19.75,15,16.79,0
2025-12-01,3766,841,Morgan Costa,New,Email,38,Board Game,Toys,1,37.99,0,37.99,0
2025-12-01,3766,841,Morgan Costa,New,Email,8,Chino Pants,Apparel,1,64.72,0,64.72,0
2025-12-01,3767,869,Noel Sullivan,At-Risk,Referral,26,Shampoo Bar,Beauty,1,33.06,10,29.75,0
2025-12-01,3767,869,Noel Sullivan,At-Risk,Referral,9,Wireless Earbuds,Electronics,1,94.29,20,75.43,0
2025-12-01,3768,890,Hugo Tan,Regular,Referral,6,Beanie,Apparel,1,30.7,0,30.7,0
2025-12-01,3769,897,Wren Khan,Loyal,Paid Search,5,Socks 3-Pack,Apparel,1,65.81,20,52.65,0
2025-12-01,3769,897,Wren Khan,Loyal,Paid Search,34,Running Belt,Sports,3,29.4,10,79.38,0
2025-12-01,3769,897,Wren Khan,Loyal,Paid Search,19,Cutting Board,Home,1,53.71,25,40.28,0
2025-12-01,3769,897,Wren Khan,Loyal,Paid Search,4,Joggers,Apparel,3,42.18,10,113.89,0
2025-12-01,3770,921,Sasha Kowalski,Regular,Organic,30,Water Bottle,Sports,1,46.55,10,41.9,0
2025-12-01,3770,921,Sasha Kowalski,Regular,Organic,36,Puzzle 500pc,Toys,1,44.86,10,40.37,0
2025-12-01,3771,998,Lila Yamada,Champion,Email,39,RC Car,Toys,1,33.63,10,30.27,0
2025-12-02,3772,25,Morgan Petrov,Champion,Paid Search,34,Running Belt,Sports,1,29.4,10,26.46,0
2025-12-02,3773,42,Cole Reyes,Champion,Email,13,Webcam,Electronics,1,64,0,64,0
2025-12-02,3774,48,Priya Yamada,Champion,Paid Search,10,USB-C Cable,Electronics,3,117.18,10,316.39,0
2025-12-02,3774,48,Priya Yamada,Champion,Paid Search,28,SPF 50 Lotion,Beauty,1,34.44,0,34.44,0
2025-12-02,3775,75,Jamie Ibarra,Loyal,Email,13,Webcam,Electronics,1,64,10,57.6,0
2025-12-02,3776,76,Owen Flynn,Champion,Direct,38,Board Game,Toys,1,37.99,10,34.19,0
2025-12-02,3777,80,Lila Petrov,New,Organic,28,SPF 50 Lotion,Beauty,1,34.44,0,34.44,0
2025-12-02,3778,86,Priya Okafor,Champion,Email,25,Sheet Mask,Beauty,1,8.59,0,8.59,0
2025-12-02,3778,86,Priya Okafor,Champion,Email,7,Rain Shell,Apparel,1,23.29,10,20.96,0
2025-12-02,3778,86,Priya Okafor,Champion,Email,8,Chino Pants,Apparel,1,64.72,0,64.72,0
2025-12-02,3778,86,Priya Okafor,Champion,Email,13,Webcam,Electronics,1,64,0,64,0
2025-12-02,3779,107,Avery Mendez,Loyal,Organic,11,Phone Case,Electronics,1,22.01,5,20.91,0
2025-12-02,3779,107,Avery Mendez,Loyal,Organic,29,Yoga Mat,Sports,2,24.63,0,49.26,0
2025-12-02,3780,114,Avery Marsh,Loyal,Social,8,Chino Pants,Apparel,2,64.72,0,129.44,0
2025-12-02,3781,123,Kai Park,New,Direct,40,Art Kit,Toys,1,53.64,0,53.64,0
2025-12-02,3782,131,Priya Cohen,Champion,Referral,24,Lip Balm,Beauty,1,36.1,0,36.1,0
2025-12-02,3783,150,Nora Carter,Regular,Paid Search,12,Bluetooth Speaker,Electronics,1,98.02,15,83.32,0
2025-12-02,3783,150,Nora Carter,Regular,Paid Search,7,Rain Shell,Apparel,1,23.29,15,19.8,0
2025-12-02,3783,150,Nora Carter,Regular,Paid Search,7,Rain Shell,Apparel,3,23.29,15,59.39,0
2025-12-02,3783,150,Nora Carter,Regular,Paid Search,28,SPF 50 Lotion,Beauty,1,34.44,20,27.55,0
2025-12-02,3784,156,Hugo Flynn,Champion,Email,10,USB-C Cable,Electronics,2,117.18,10,210.92,0
2025-12-02,3785,180,Drew Reid,Regular,Organic,23,Vitamin C Serum,Beauty,2,32.33,0,64.66,0
2025-12-02,3785,180,Drew Reid,Regular,Organic,28,SPF 50 Lotion,Beauty,3,34.44,0,103.32,0
2025-12-02,3786,245,Drew Flynn,Loyal,Direct,27,Hand Cream,Beauty,1,18.43,0,18.43,0
2025-12-02,3786,245,Drew Flynn,Loyal,Direct,23,Vitamin C Serum,Beauty,1,32.33,10,29.1,0
2025-12-02,3787,271,Nora Bauer,Loyal,Email,38,Board Game,Toys,1,37.99,10,34.19,0
2025-12-02,3788,358,Casey Carter,Champion,Organic,17,Ceramic Mug,Home,1,54.95,0,54.95,0
2025-12-02,3788,358,Casey Carter,Champion,Organic,37,Plush Bear,Toys,2,15.95,5,30.3,0
2025-12-02,3788,358,Casey Carter,Champion,Organic,9,Wireless Earbuds,Electronics,1,94.29,10,84.86,0
2025-12-02,3789,409,Cole Osei,Loyal,Direct,38,Board Game,Toys,1,37.99,10,34.19,1
2025-12-02,3789,409,Cole Osei,Loyal,Direct,1,Crew Tee,Apparel,1,53.87,5,51.18,0
2025-12-02,3789,409,Cole Osei,Loyal,Direct,5,Socks 3-Pack,Apparel,1,65.81,0,65.81,0
2025-12-02,3789,409,Cole Osei,Loyal,Direct,21,Storage Bin,Home,2,28.6,5,54.34,0
2025-12-02,3790,416,Ivy Larsen,Loyal,Organic,37,Plush Bear,Toys,2,15.95,0,31.9,0
2025-12-02,3791,420,Nora Reid,Regular,Referral,25,Sheet Mask,Beauty,1,8.59,15,7.3,0
2025-12-02,3791,420,Nora Reid,Regular,Referral,27,Hand Cream,Beauty,2,18.43,15,31.33,0
2025-12-02,3791,420,Nora Reid,Regular,Referral,26,Shampoo Bar,Beauty,2,33.06,10,59.51,0
2025-12-02,3791,420,Nora Reid,Regular,Referral,22,Scented Candle,Home,1,18.98,10,17.08,0
2025-12-02,3792,428,Quinn Diaz,Champion,Paid Search,30,Water Bottle,Sports,1,46.55,0,46.55,0
2025-12-02,3793,433,Nora Marsh,Loyal,Organic,35,Building Blocks,Toys,2,32.84,10,59.11,0
2025-12-02,3794,471,Ivy Fischer,Champion,Email,34,Running Belt,Sports,1,29.4,25,22.05,0
2025-12-02,3795,550,Cole Ibarra,Champion,Organic,14,Power Bank,Electronics,3,64.37,5,183.45,0
2025-12-02,3796,590,Leo Okafor,Champion,Direct,24,Lip Balm,Beauty,1,36.1,20,28.88,0
2025-12-02,3796,590,Leo Okafor,Champion,Direct,28,SPF 50 Lotion,Beauty,2,34.44,10,61.99,0
2025-12-02,3797,649,Harper Nguyen,Champion,Referral,29,Yoga Mat,Sports,2,24.63,0,49.26,0
2025-12-02,3798,700,Owen Cohen,Champion,Social,19,Cutting Board,Home,1,53.71,10,48.34,0
2025-12-02,3798,700,Owen Cohen,Champion,Social,30,Water Bottle,Sports,1,46.55,0,46.55,0
2025-12-02,3799,705,Jamie Park,Champion,Paid Search,14,Power Bank,Electronics,3,64.37,0,193.11,0
2025-12-02,3800,710,Nora Khan,Champion,Email,40,Art Kit,Toys,1,53.64,5,50.96,0
2025-12-02,3801,711,Morgan Novak,Loyal,Direct,5,Socks 3-Pack,Apparel,1,65.81,0,65.81,0
2025-12-02,3801,711,Morgan Novak,Loyal,Direct,3,Denim Jacket,Apparel,1,65.95,0,65.95,0
2025-12-02,3801,711,Morgan Novak,Loyal,Direct,37,Plush Bear,Toys,1,15.95,5,15.15,0
2025-12-02,3802,722,Avery Petrov,New,Paid Search,27,Hand Cream,Beauty,3,18.43,0,55.29,0
2025-12-02,3803,760,Kai Novak,Regular,Social,3,Denim Jacket,Apparel,3,65.95,0,197.85,0
2025-12-02,3804,786,Reese Reyes,At-Risk,Email,20,Towel Set,Home,2,19.75,0,39.5,0
2025-12-02,3805,797,Tessa Petrov,New,Paid Search,31,Resistance Bands,Sports,1,65.69,0,65.69,0
2025-12-02,3805,797,Tessa Petrov,New,Paid Search,26,Shampoo Bar,Beauty,1,33.06,0,33.06,0
2025-12-02,3806,859,Mateo Mendez,Champion,Email,17,Ceramic Mug,Home,1,54.95,10,49.46,0
2025-12-02,3806,859,Mateo Mendez,Champion,Email,17,Ceramic Mug,Home,2,54.95,0,109.9,0
2025-12-02,3807,885,Wren Novak,At-Risk,Paid Search,11,Phone Case,Electronics,1,22.01,0,22.01,0
2025-12-02,3807,885,Wren Novak,At-Risk,Paid Search,24,Lip Balm,Beauty,1,36.1,0,36.1,0
2025-12-02,3807,885,Wren Novak,At-Risk,Paid Search,19,Cutting Board,Home,2,53.71,0,107.42,0
2025-12-02,3808,900,Mateo Costa,At-Risk,Email,30,Water Bottle,Sports,3,46.55,0,139.65,0
2025-12-02,3808,900,Mateo Costa,At-Risk,Email,22,Scented Candle,Home,2,18.98,0,37.96,0
2025-12-02,3808,900,Mateo Costa,At-Risk,Email,16,Throw Pillow,Home,2,19.11,0,38.22,0
2025-12-02,3808,900,Mateo Costa,At-Risk,Email,12,Bluetooth Speaker,Electronics,1,98.02,0,98.02,0
2025-12-02,3809,902,Quinn Fischer,Regular,Referral,40,Art Kit,Toys,3,53.64,0,160.92,0
2025-12-02,3810,915,Riley Park,Champion,Referral,39,RC Car,Toys,1,33.63,10,30.27,0
2025-12-02,3811,917,Devon Reid,Regular,Organic,10,USB-C Cable,Electronics,2,117.18,0,234.36,0
2025-12-02,3811,917,Devon Reid,Regular,Organic,4,Joggers,Apparel,1,42.18,0,42.18,0
2025-12-02,3811,917,Devon Reid,Regular,Organic,22,Scented Candle,Home,1,18.98,0,18.98,0
2025-12-02,3811,917,Devon Reid,Regular,Organic,14,Power Bank,Electronics,3,64.37,0,193.11,0
2025-12-02,3812,928,Ivy Sullivan,Loyal,Referral,8,Chino Pants,Apparel,1,64.72,0,64.72,0
2025-12-02,3812,928,Ivy Sullivan,Loyal,Referral,39,RC Car,Toys,2,33.63,0,67.26,0
2025-12-02,3813,931,Cole Reid,Champion,Organic,27,Hand Cream,Beauty,1,18.43,0,18.43,0
2025-12-02,3813,931,Cole Reid,Champion,Organic,6,Beanie,Apparel,1,30.7,10,27.63,0
2025-12-02,3813,931,Cole Reid,Champion,Organic,11,Phone Case,Electronics,3,22.01,5,62.73,0
2025-12-02,3814,932,Ivy Reid,New,Email,8,Chino Pants,Apparel,2,64.72,15,110.02,0
2025-12-02,3814,932,Ivy Reid,New,Email,36,Puzzle 500pc,Toys,1,44.86,10,40.37,0
2025-12-02,3815,945,Jamie Novak,Champion,Email,18,LED Lamp,Home,1,50.85,25,38.14,0
2025-12-02,3815,945,Jamie Novak,Champion,Email,13,Webcam,Electronics,1,64,15,54.4,0
2025-12-02,3815,945,Jamie Novak,Champion,Email,32,Foam Roller,Sports,2,65.98,20,105.57,0
2025-12-03,3816,10,Maya Okafor,Loyal,Paid Search,29,Yoga Mat,Sports,1,24.63,25,18.47,0
2025-12-03,3817,71,Wren Mendez,New,Organic,23,Vitamin C Serum,Beauty,3,32.33,0,96.99,0
2025-12-03,3818,131,Priya Cohen,Champion,Referral,25,Sheet Mask,Beauty,1,8.59,20,6.87,0
2025-12-03,3819,151,Harper Patel,Loyal,Social,37,Plush Bear,Toys,2,15.95,0,31.9,0
2025-12-03,3820,153,Reese Marsh,Loyal,Direct,24,Lip Balm,Beauty,2,36.1,0,72.2,0
2025-12-03,3820,153,Reese Marsh,Loyal,Direct,32,Foam Roller,Sports,3,65.98,5,188.04,1
2025-12-03,3821,180,Drew Reid,Regular,Organic,1,Crew Tee,Apparel,2,53.87,0,107.74,0
2025-12-03,3821,180,Drew Reid,Regular,Organic,14,Power Bank,Electronics,2,64.37,0,128.74,0
2025-12-03,3822,184,Kai Ahmed,Champion,Organic,23,Vitamin C Serum,Beauty,1,32.33,10,29.1,0
2025-12-03,3823,187,Owen Osei,Regular,Direct,38,Board Game,Toys,2,37.99,0,75.98,0
2025-12-03,3824,200,Rowan Tan,Regular,Social,23,Vitamin C Serum,Beauty,3,32.33,0,96.99,0
2025-12-03,3824,200,Rowan Tan,Regular,Social,33,Jump Rope,Sports,1,33.41,0,33.41,0
2025-12-03,3824,200,Rowan Tan,Regular,Social,32,Foam Roller,Sports,2,65.98,0,131.96,0
2025-12-03,3825,238,Avery Reyes,Champion,Referral,26,Shampoo Bar,Beauty,1,33.06,0,33.06,0
2025-12-03,3825,238,Avery Reyes,Champion,Referral,1,Crew Tee,Apparel,1,53.87,0,53.87,0
2025-12-03,3825,238,Avery Reyes,Champion,Referral,26,Shampoo Bar,Beauty,1,33.06,10,29.75,0
2025-12-03,3825,238,Avery Reyes,Champion,Referral,28,SPF 50 Lotion,Beauty,3,34.44,10,92.99,1
2025-12-03,3826,261,Ivy Nguyen,New,Organic,1,Crew Tee,Apparel,3,53.87,0,161.61,0
2025-12-03,3826,261,Ivy Nguyen,New,Organic,8,Chino Pants,Apparel,3,64.72,0,194.16,1
2025-12-03,3827,275,Jordan Fischer,Loyal,Referral,38,Board Game,Toys,1,37.99,0,37.99,0
2025-12-03,3828,279,Ivy Fischer,Loyal,Email,38,Board Game,Toys,2,37.99,10,68.38,0
2025-12-03,3829,321,Lila Petrov,Loyal,Organic,19,Cutting Board,Home,3,53.71,10,145.02,0
2025-12-03,3829,321,Lila Petrov,Loyal,Organic,16,Throw Pillow,Home,1,19.11,5,18.15,0
2025-12-03,3830,335,Sasha Petrov,Regular,Social,7,Rain Shell,Apparel,1,23.29,15,19.8,0
2025-12-03,3830,335,Sasha Petrov,Regular,Social,28,SPF 50 Lotion,Beauty,1,34.44,15,29.27,0
2025-12-03,3831,358,Casey Carter,Champion,Organic,1,Crew Tee,Apparel,2,53.87,25,80.8,0
2025-12-03,3832,394,Kai Diaz,Champion,Email,26,Shampoo Bar,Beauty,1,33.06,5,31.41,0
2025-12-03,3833,460,Harper Tan,Champion,Email,19,Cutting Board,Home,1,53.71,5,51.02,0
2025-12-03,3833,460,Harper Tan,Champion,Email,19,Cutting Board,Home,1,53.71,10,48.34,0
2025-12-03,3834,462,Leo Petrov,Champion,Referral,24,Lip Balm,Beauty,1,36.1,10,32.49,0
2025-12-03,3835,521,Reese Khan,Regular,Social,13,Webcam,Electronics,1,64,0,64,0
2025-12-03,3835,521,Reese Khan,Regular,Social,5,Socks 3-Pack,Apparel,1,65.81,0,65.81,0
2025-12-03,3835,521,Reese Khan,Regular,Social,29,Yoga Mat,Sports,3,24.63,0,73.89,0
2025-12-03,3836,565,Noel Fischer,Champion,Social,38,Board Game,Toys,1,37.99,0,37.99,0
2025-12-03,3837,578,Nora Marsh,Champion,Social,28,SPF 50 Lotion,Beauty,1,34.44,10,31,0
2025-12-03,3838,703,Avery Mendez,Loyal,Organic,18,LED Lamp,Home,2,50.85,25,76.28,0
2025-12-03,3839,715,Sasha Reid,Loyal,Direct,27,Hand Cream,Beauty,2,18.43,10,33.17,0
2025-12-03,3840,716,Iris Reyes,Champion,Email,11,Phone Case,Electronics,1,22.01,10,19.81,0
2025-12-03,3840,716,Iris Reyes,Champion,Email,12,Bluetooth Speaker,Electronics,1,98.02,5,93.12,1
2025-12-03,3840,716,Iris Reyes,Champion,Email,7,Rain Shell,Apparel,3,23.29,0,69.87,0
2025-12-03,3840,716,Iris Reyes,Champion,Email,27,Hand Cream,Beauty,1,18.43,0,18.43,0
2025-12-03,3841,730,Sasha Mendez,Regular,Email,18,LED Lamp,Home,1,50.85,0,50.85,0
2025-12-03,3842,749,Ivy Walsh,At-Risk,Organic,7,Rain Shell,Apparel,3,23.29,25,52.4,0
2025-12-03,3843,817,Jordan Carter,Loyal,Referral,38,Board Game,Toys,2,37.99,0,75.98,0
2025-12-03,3843,817,Jordan Carter,Loyal,Referral,25,Sheet Mask,Beauty,1,8.59,0,8.59,0
2025-12-03,3843,817,Jordan Carter,Loyal,Referral,35,Building Blocks,Toys,3,32.84,0,98.52,0
2025-12-03,3843,817,Jordan Carter,Loyal,Referral,14,Power Bank,Electronics,1,64.37,10,57.93,0
2025-12-03,3844,820,Drew Cohen,Loyal,Referral,8,Chino Pants,Apparel,1,64.72,0,64.72,0
2025-12-03,3844,820,Drew Cohen,Loyal,Referral,28,SPF 50 Lotion,Beauty,1,34.44,0,34.44,0
2025-12-03,3844,820,Drew Cohen,Loyal,Referral,4,Joggers,Apparel,2,42.18,10,75.92,0
2025-12-03,3845,857,Noel Osei,Champion,Referral,8,Chino Pants,Apparel,1,64.72,10,58.25,0
2025-12-03,3845,857,Noel Osei,Champion,Referral,40,Art Kit,Toys,1,53.64,15,45.59,0
2025-12-03,3846,885,Wren Novak,At-Risk,Paid Search,16,Throw Pillow,Home,2,19.11,0,38.22,0
2025-12-03,3847,928,Ivy Sullivan,Loyal,Referral,28,SPF 50 Lotion,Beauty,1,34.44,0,34.44,0
2025-12-04,3848,44,Casey Brooks,Regular,Email,1,Crew Tee,Apparel,1,53.87,0,53.87,0
2025-12-04,3849,62,Noel Novak,Loyal,Organic,18,LED Lamp,Home,1,50.85,5,48.31,0
2025-12-04,3849,62,Noel Novak,Loyal,Organic,35,Building Blocks,Toys,1,32.84,0,32.84,0
2025-12-04,3850,75,Jamie Ibarra,Loyal,Email,33,Jump Rope,Sports,1,33.41,10,30.07,0
2025-12-04,3850,75,Jamie Ibarra,Loyal,Email,6,Beanie,Apparel,2,30.7,0,61.4,0
2025-12-04,3851,76,Owen Flynn,Champion,Direct,35,Building Blocks,Toys,1,32.84,15,27.91,0
2025-12-04,3852,101,Noel Ibarra,Loyal,Paid Search,18,LED Lamp,Home,1,50.85,25,38.14,0
2025-12-04,3853,141,Maya Romano,Loyal,Organic,1,Crew Tee,Apparel,2,53.87,10,96.97,0
2025-12-04,3854,154,Drew Novak,Champion,Paid Search,5,Socks 3-Pack,Apparel,2,65.81,5,125.04,0
2025-12-04,3854,154,Drew Novak,Champion,Paid Search,14,Power Bank,Electronics,1,64.37,0,64.37,0
2025-12-04,3854,154,Drew Novak,Champion,Paid Search,11,Phone Case,Electronics,1,22.01,5,20.91,0
2025-12-04,3855,217,Lila Ibarra,Regular,Social,12,Bluetooth Speaker,Electronics,1,98.02,0,98.02,0
2025-12-04,3856,231,Priya Kowalski,Loyal,Organic,8,Chino Pants,Apparel,1,64.72,5,61.48,0
2025-12-04,3857,279,Ivy Fischer,Loyal,Email,11,Phone Case,Electronics,1,22.01,5,20.91,0
2025-12-04,3857,279,Ivy Fischer,Loyal,Email,9,Wireless Earbuds,Electronics,1,94.29,0,94.29,0
2025-12-04,3858,335,Sasha Petrov,Regular,Social,16,Throw Pillow,Home,1,19.11,0,19.11,1
2025-12-04,3859,361,Cole Flynn,Loyal,Email,28,SPF 50 Lotion,Beauty,2,34.44,0,68.88,0
2025-12-04,3859,361,Cole Flynn,Loyal,Email,33,Jump Rope,Sports,2,33.41,0,66.82,1
2025-12-04,3860,377,Nora Diaz,New,Social,5,Socks 3-Pack,Apparel,1,65.81,0,65.81,0
2025-12-04,3860,377,Nora Diaz,New,Social,13,Webcam,Electronics,1,64,0,64,0
2025-12-04,3861,380,Quinn Bauer,Champion,Referral,34,Running Belt,Sports,1,29.4,5,27.93,0
2025-12-04,3862,416,Ivy Larsen,Loyal,Organic,8,Chino Pants,Apparel,1,64.72,0,64.72,0
2025-12-04,3862,416,Ivy Larsen,Loyal,Organic,20,Towel Set,Home,2,19.75,0,39.5,0
2025-12-04,3862,416,Ivy Larsen,Loyal,Organic,19,Cutting Board,Home,1,53.71,0,53.71,0
2025-12-04,3863,456,Rowan Bauer,At-Risk,Referral,13,Webcam,Electronics,1,64,15,54.4,0
2025-12-04,3864,477,Wren Romano,Loyal,Organic,20,Towel Set,Home,3,19.75,15,50.36,0
2025-12-04,3864,477,Wren Romano,Loyal,Organic,39,RC Car,Toys,1,33.63,20,26.9,0
2025-12-04,3864,477,Wren Romano,Loyal,Organic,19,Cutting Board,Home,1,53.71,10,48.34,0
2025-12-04,3864,477,Wren Romano,Loyal,Organic,5,Socks 3-Pack,Apparel,3,65.81,20,157.94,0
2025-12-04,3865,508,Riley Diaz,Loyal,Email,40,Art Kit,Toys,1,53.64,5,50.96,0
2025-12-04,3866,527,Jamie Fischer,Champion,Referral,16,Throw Pillow,Home,3,19.11,0,57.33,0
2025-12-04,3867,569,Ivy Reyes,New,Paid Search,26,Shampoo Bar,Beauty,1,33.06,0,33.06,0
2025-12-04,3868,597,Morgan Fischer,Loyal,Social,18,LED Lamp,Home,2,50.85,25,76.28,0
2025-12-04,3868,597,Morgan Fischer,Loyal,Social,11,Phone Case,Electronics,1,22.01,25,16.51,0
2025-12-04,3868,597,Morgan Fischer,Loyal,Social,19,Cutting Board,Home,1,53.71,25,40.28,0
2025-12-04,3869,621,Harper Fischer,Regular,Direct,3,Denim Jacket,Apparel,2,65.95,15,112.12,0
2025-12-04,3869,621,Harper Fischer,Regular,Direct,18,LED Lamp,Home,2,50.85,25,76.28,0
2025-12-04,3870,647,Jordan Fischer,Loyal,Organic,26,Shampoo Bar,Beauty,1,33.06,0,33.06,0
2025-12-04,3870,647,Jordan Fischer,Loyal,Organic,30,Water Bottle,Sports,3,46.55,5,132.67,0
2025-12-04,3871,694,Devon Ibarra,At-Risk,Email,3,Denim Jacket,Apparel,1,65.95,0,65.95,0
2025-12-04,3872,696,Riley Tan,Champion,Referral,21,Storage Bin,Home,1,28.6,0,28.6,0
2025-12-04,3873,704,Owen Nguyen,Champion,Organic,29,Yoga Mat,Sports,1,24.63,20,19.7,0
2025-12-04,3874,715,Sasha Reid,Loyal,Direct,12,Bluetooth Speaker,Electronics,1,98.02,5,93.12,0
2025-12-04,3875,716,Iris Reyes,Champion,Email,6,Beanie,Apparel,1,30.7,10,27.63,0
2025-12-04,3875,716,Iris Reyes,Champion,Email,18,LED Lamp,Home,1,50.85,10,45.77,0
2025-12-04,3876,727,Devon Novak,Regular,Referral,20,Towel Set,Home,1,19.75,0,19.75,0
2025-12-04,3877,813,Nora Hassan,Loyal,Referral,5,Socks 3-Pack,Apparel,2,65.81,10,118.46,0
2025-12-04,3878,817,Jordan Carter,Loyal,Referral,38,Board Game,Toys,1,37.99,15,32.29,0
2025-12-04,3878,817,Jordan Carter,Loyal,Referral,40,Art Kit,Toys,1,53.64,10,48.28,0
2025-12-04,3878,817,Jordan Carter,Loyal,Referral,34,Running Belt,Sports,2,29.4,20,47.04,1
2025-12-04,3879,820,Drew Cohen,Loyal,Referral,36,Puzzle 500pc,Toys,2,44.86,20,71.78,1
2025-12-04,3880,829,Morgan Reid,Loyal,Email,15,Smart Plug,Electronics,1,110.18,10,99.16,0
2025-12-04,3881,839,Riley Khan,Loyal,Email,27,Hand Cream,Beauty,3,18.43,0,55.29,0
2025-12-04,3882,866,Leo Carter,Loyal,Organic,29,Yoga Mat,Sports,1,24.63,10,22.17,0
2025-12-04,3882,866,Leo Carter,Loyal,Organic,13,Webcam,Electronics,1,64,15,54.4,0
2025-12-04,3882,866,Leo Carter,Loyal,Organic,17,Ceramic Mug,Home,1,54.95,20,43.96,0
2025-12-04,3883,904,Harper Hassan,New,Social,3,Denim Jacket,Apparel,3,65.95,0,197.85,0
2025-12-04,3884,917,Devon Reid,Regular,Organic,12,Bluetooth Speaker,Electronics,3,98.02,0,294.06,0
2025-12-04,3884,917,Devon Reid,Regular,Organic,24,Lip Balm,Beauty,3,36.1,0,108.3,0
2025-12-04,3884,917,Devon Reid,Regular,Organic,40,Art Kit,Toys,1,53.64,0,53.64,0
2025-12-04,3884,917,Devon Reid,Regular,Organic,14,Power Bank,Electronics,1,64.37,0,64.37,0
2025-12-04,3885,928,Ivy Sullivan,Loyal,Referral,1,Crew Tee,Apparel,2,53.87,0,107.74,0
2025-12-04,3886,931,Cole Reid,Champion,Organic,30,Water Bottle,Sports,1,46.55,5,44.22,0
2025-12-04,3886,931,Cole Reid,Champion,Organic,1,Crew Tee,Apparel,3,53.87,5,153.53,0
2025-12-04,3886,931,Cole Reid,Champion,Organic,10,USB-C Cable,Electronics,1,117.18,5,111.32,0
2025-12-04,3887,945,Jamie Novak,Champion,Email,1,Crew Tee,Apparel,1,53.87,10,48.48,0
2025-12-04,3887,945,Jamie Novak,Champion,Email,23,Vitamin C Serum,Beauty,1,32.33,10,29.1,1
2025-12-04,3887,945,Jamie Novak,Champion,Email,8,Chino Pants,Apparel,1,64.72,0,64.72,0
2025-12-04,3887,945,Jamie Novak,Champion,Email,1,Crew Tee,Apparel,1,53.87,0,53.87,0
2025-12-04,3888,953,Jamie Reid,Champion,Referral,27,Hand Cream,Beauty,1,18.43,20,14.74,0
2025-12-04,3888,953,Jamie Reid,Champion,Referral,9,Wireless Earbuds,Electronics,3,94.29,15,240.44,0
2025-12-04,3888,953,Jamie Reid,Champion,Referral,39,RC Car,Toys,1,33.63,15,28.59,0
2025-12-04,3888,953,Jamie Reid,Champion,Referral,36,Puzzle 500pc,Toys,1,44.86,20,35.89,0
2025-12-04,3889,954,Morgan Walsh,Regular,Organic,30,Water Bottle,Sports,1,46.55,0,46.55,0
2025-12-04,3890,995,Kai Tan,Champion,Organic,25,Sheet Mask,Beauty,1,8.59,0,8.59,0
2025-12-04,3890,995,Kai Tan,Champion,Organic,30,Water Bottle,Sports,1,46.55,0,46.55,0
2025-12-04,3891,998,Lila Yamada,Champion,Email,20,Towel Set,Home,1,19.75,0,19.75,0
2025-12-04,3891,998,Lila Yamada,Champion,Email,27,Hand Cream,Beauty,1,18.43,0,18.43,0
2025-12-05,3892,42,Cole Reyes,Champion,Email,2,Hoodie,Apparel,2,19.91,0,39.82,0
2025-12-05,3893,48,Priya Yamada,Champion,Paid Search,2,Hoodie,Apparel,3,19.91,10,53.76,0
2025-12-05,3894,75,Jamie Ibarra,Loyal,Email,2,Hoodie,Apparel,1,19.91,10,17.92,0
2025-12-05,3895,86,Priya Okafor,Champion,Email,37,Plush Bear,Toys,1,15.95,15,13.56,0
2025-12-05,3895,86,Priya Okafor,Champion,Email,8,Chino Pants,Apparel,1,64.72,15,55.01,0
2025-12-05,3895,86,Priya Okafor,Champion,Email,30,Water Bottle,Sports,1,46.55,10,41.9,0
2025-12-05,3895,86,Priya Okafor,Champion,Email,15,Smart Plug,Electronics,1,110.18,25,82.64,0
2025-12-05,3896,140,Cole Marsh,Loyal,Email,9,Wireless Earbuds,Electronics,2,94.29,10,169.72,0
2025-12-05,3896,140,Cole Marsh,Loyal,Email,20,Towel Set,Home,2,19.75,0,39.5,0
2025-12-05,3896,140,Cole Marsh,Loyal,Email,7,Rain Shell,Apparel,1,23.29,0,23.29,0
2025-12-05,3896,140,Cole Marsh,Loyal,Email,27,Hand Cream,Beauty,1,18.43,0,18.43,0
2025-12-05,3897,151,Harper Patel,Loyal,Social,22,Scented Candle,Home,2,18.98,10,34.16,0
2025-12-05,3898,156,Hugo Flynn,Champion,Email,7,Rain Shell,Apparel,2,23.29,5,44.25,0
2025-12-05,3899,204,Jamie Kowalski,Loyal,Email,29,Yoga Mat,Sports,1,24.63,10,22.17,0
2025-12-05,3900,218,Taylor Patel,Champion,Paid Search,36,Puzzle 500pc,Toys,1,44.86,10,40.37,0
2025-12-05,3901,228,Priya Reid,Regular,Email,3,Denim Jacket,Apparel,1,65.95,25,49.46,0
2025-12-05,3901,228,Priya Reid,Regular,Email,5,Socks 3-Pack,Apparel,1,65.81,10,59.23,0
2025-12-05,3901,228,Priya Reid,Regular,Email,38,Board Game,Toys,1,37.99,10,34.19,0
2025-12-05,3901,228,Priya Reid,Regular,Email,7,Rain Shell,Apparel,1,23.29,15,19.8,0
2025-12-05,3902,231,Priya Kowalski,Loyal,Organic,24,Lip Balm,Beauty,3,36.1,15,92.06,0
2025-12-05,3902,231,Priya Kowalski,Loyal,Organic,8,Chino Pants,Apparel,1,64.72,25,48.54,0
2025-12-05,3903,237,Devon Yamada,New,Email,17,Ceramic Mug,Home,1,54.95,0,54.95,0
2025-12-05,3903,237,Devon Yamada,New,Email,36,Puzzle 500pc,Toys,1,44.86,0,44.86,0
2025-12-05,3904,260,Ezra Khan,At-Risk,Direct,31,Resistance Bands,Sports,2,65.69,0,131.38,0
2025-12-05,3905,277,Priya Patel,Regular,Social,40,Art Kit,Toys,1,53.64,0,53.64,0
2025-12-05,3906,312,Ivy Petrov,Regular,Direct,36,Puzzle 500pc,Toys,1,44.86,0,44.86,0
2025-12-05,3907,340,Reese Yamada,Loyal,Referral,3,Denim Jacket,Apparel,1,65.95,5,62.65,0
2025-12-05,3907,340,Reese Yamada,Loyal,Referral,18,LED Lamp,Home,2,50.85,5,96.62,0
2025-12-05,3907,340,Reese Yamada,Loyal,Referral,35,Building Blocks,Toys,2,32.84,5,62.4,0
2025-12-05,3908,351,Harper Costa,Loyal,Email,4,Joggers,Apparel,1,42.18,0,42.18,1
2025-12-05,3908,351,Harper Costa,Loyal,Email,6,Beanie,Apparel,1,30.7,0,30.7,0
2025-12-05,3909,429,Jamie Okafor,Champion,Email,15,Smart Plug,Electronics,2,110.18,15,187.31,0
2025-12-05,3909,429,Jamie Okafor,Champion,Email,22,Scented Candle,Home,1,18.98,10,17.08,0
2025-12-05,3910,433,Nora Marsh,Loyal,Organic,20,Towel Set,Home,1,19.75,0,19.75,0
2025-12-05,3910,433,Nora Marsh,Loyal,Organic,21,Storage Bin,Home,1,28.6,0,28.6,0
2025-12-05,3911,455,Casey Ahmed,Loyal,Email,36,Puzzle 500pc,Toys,1,44.86,0,44.86,0
2025-12-05,3911,455,Casey Ahmed,Loyal,Email,5,Socks 3-Pack,Apparel,3,65.81,0,197.43,0
2025-12-05,3912,489,Quinn Tan,New,Direct,32,Foam Roller,Sports,1,65.98,10,59.38,0
2025-12-05,3912,489,Quinn Tan,New,Direct,14,Power Bank,Electronics,1,64.37,20,51.5,0
2025-12-05,3912,489,Quinn Tan,New,Direct,16,Throw Pillow,Home,1,19.11,20,15.29,0
2025-12-05,3913,494,Wren Fischer,Loyal,Email,28,SPF 50 Lotion,Beauty,1,34.44,0,34.44,0
2025-12-05,3914,499,Hugo Fischer,New,Email,32,Foam Roller,Sports,2,65.98,0,131.96,0
2025-12-05,3915,514,Sasha Carter,Regular,Paid Search,35,Building Blocks,Toys,2,32.84,0,65.68,0
2025-12-05,3915,514,Sasha Carter,Regular,Paid Search,5,Socks 3-Pack,Apparel,2,65.81,0,131.62,0
2025-12-05,3916,517,Harper Khan,At-Risk,Paid Search,30,Water Bottle,Sports,2,46.55,0,93.1,0
2025-12-05,3917,522,Harper Romano,Champion,Referral,2,Hoodie,Apparel,2,19.91,5,37.83,0
2025-12-05,3917,522,Harper Romano,Champion,Referral,14,Power Bank,Electronics,1,64.37,10,57.93,0
2025-12-05,3918,547,Harper Costa,Loyal,Email,23,Vitamin C Serum,Beauty,1,32.33,0,32.33,0
2025-12-05,3918,547,Harper Costa,Loyal,Email,27,Hand Cream,Beauty,1,18.43,0,18.43,0
2025-12-05,3918,547,Harper Costa,Loyal,Email,14,Power Bank,Electronics,1,64.37,10,57.93,0
2025-12-05,3919,548,Rowan Cohen,Regular,Paid Search,32,Foam Roller,Sports,1,65.98,0,65.98,0
2025-12-05,3920,550,Cole Ibarra,Champion,Organic,17,Ceramic Mug,Home,1,54.95,20,43.96,0
2025-12-05,3921,561,Cole Brooks,Regular,Paid Search,12,Bluetooth Speaker,Electronics,1,98.02,0,98.02,0
2025-12-05,3921,561,Cole Brooks,Regular,Paid Search,20,Towel Set,Home,2,19.75,0,39.5,0
2025-12-05,3921,561,Cole Brooks,Regular,Paid Search,3,Denim Jacket,Apparel,3,65.95,0,197.85,0
2025-12-05,3922,600,Mateo Hassan,Loyal,Social,7,Rain Shell,Apparel,1,23.29,15,19.8,0
2025-12-05,3923,602,Mateo Hassan,Loyal,Paid Search,9,Wireless Earbuds,Electronics,1,94.29,10,84.86,0
2025-12-05,3924,637,Devon Walsh,Regular,Organic,9,Wireless Earbuds,Electronics,1,94.29,25,70.72,0
2025-12-05,3924,637,Devon Walsh,Regular,Organic,23,Vitamin C Serum,Beauty,2,32.33,15,54.96,0
2025-12-05,3924,637,Devon Walsh,Regular,Organic,21,Storage Bin,Home,1,28.6,15,24.31,0
2025-12-05,3925,657,Maya Osei,Loyal,Direct,37,Plush Bear,Toys,1,15.95,5,15.15,0
2025-12-05,3925,657,Maya Osei,Loyal,Direct,23,Vitamin C Serum,Beauty,1,32.33,10,29.1,1
2025-12-05,3925,657,Maya Osei,Loyal,Direct,1,Crew Tee,Apparel,1,53.87,0,53.87,0
2025-12-05,3926,665,Ezra Khan,Regular,Organic,17,Ceramic Mug,Home,1,54.95,0,54.95,0
2025-12-05,3927,671,Quinn Costa,New,Direct,11,Phone Case,Electronics,1,22.01,20,17.61,0
2025-12-05,3927,671,Quinn Costa,New,Direct,5,Socks 3-Pack,Apparel,1,65.81,25,49.36,0
2025-12-05,3928,672,Priya Petrov,Loyal,Organic,10,USB-C Cable,Electronics,1,117.18,0,117.18,0
2025-12-05,3929,703,Avery Mendez,Loyal,Organic,19,Cutting Board,Home,2,53.71,5,102.05,0
2025-12-05,3930,705,Jamie Park,Champion,Paid Search,20,Towel Set,Home,1,19.75,0,19.75,0
2025-12-05,3930,705,Jamie Park,Champion,Paid Search,12,Bluetooth Speaker,Electronics,2,98.02,0,196.04,0
2025-12-05,3930,705,Jamie Park,Champion,Paid Search,11,Phone Case,Electronics,1,22.01,5,20.91,0
2025-12-05,3931,710,Nora Khan,Champion,Email,28,SPF 50 Lotion,Beauty,1,34.44,10,31,0
2025-12-05,3932,736,Wren Fischer,Regular,Organic,39,RC Car,Toys,1,33.63,0,33.63,0
2025-12-05,3933,800,Owen Novak,Loyal,Referral,19,Cutting Board,Home,1,53.71,20,42.97,0
2025-12-05,3934,823,Leo Brooks,Loyal,Email,8,Chino Pants,Apparel,3,64.72,0,194.16,0
2025-12-05,3935,829,Morgan Reid,Loyal,Email,6,Beanie,Apparel,1,30.7,15,26.1,0
2025-12-05,3935,829,Morgan Reid,Loyal,Email,28,SPF 50 Lotion,Beauty,1,34.44,25,25.83,0
2025-12-05,3936,863,Jamie Costa,New,Email,30,Water Bottle,Sports,3,46.55,0,139.65,0
2025-12-05,3936,863,Jamie Costa,New,Email,32,Foam Roller,Sports,1,65.98,0,65.98,0
2025-12-05,3936,863,Jamie Costa,New,Email,25,Sheet Mask,Beauty,1,8.59,0,8.59,0
2025-12-05,3937,880,Tessa Yamada,Regular,Direct,11,Phone Case,Electronics,1,22.01,0,22.01,0
2025-12-05,3938,891,Taylor Khan,At-Risk,Paid Search,25,Sheet Mask,Beauty,1,8.59,0,8.59,0
2025-12-05,3939,932,Ivy Reid,New,Email,25,Sheet Mask,Beauty,2,8.59,15,14.6,0
2025-12-05,3940,938,Mateo Bauer,At-Risk,Paid Search,22,Scented Candle,Home,1,18.98,0,18.98,0
2025-12-05,3941,942,Morgan Walsh,Regular,Paid Search,5,Socks 3-Pack,Apparel,1,65.81,0,65.81,0
2025-12-05,3942,949,Quinn Okafor,Champion,Organic,9,Wireless Earbuds,Electronics,1,94.29,25,70.72,1
2025-12-05,3943,963,Cole Tan,New,Paid Search,14,Power Bank,Electronics,1,64.37,0,64.37,0
2025-12-05,3944,988,Priya Kowalski,Regular,Direct,37,Plush Bear,Toys,1,15.95,0,15.95,0
2025-12-06,3945,7,Wren Larsen,Loyal,Referral,10,USB-C Cable,Electronics,1,117.18,10,105.46,0
2025-12-06,3946,12,Hugo Carter,Loyal,Paid Search,39,RC Car,Toys,1,33.63,10,30.27,0
2025-12-06,3947,28,Owen Sullivan,Loyal,Organic,38,Board Game,Toys,2,37.99,0,75.98,0
2025-12-06,3947,28,Owen Sullivan,Loyal,Organic,35,Building Blocks,Toys,1,32.84,10,29.56,0
2025-12-06,3947,28,Owen Sullivan,Loyal,Organic,24,Lip Balm,Beauty,1,36.1,5,34.3,0
2025-12-06,3948,63,Cole Bauer,Champion,Organic,18,LED Lamp,Home,2,50.85,10,91.53,0
2025-12-06,3948,63,Cole Bauer,Champion,Organic,20,Towel Set,Home,1,19.75,20,15.8,0
2025-12-06,3949,66,Devon Reyes,Champion,Organic,11,Phone Case,Electronics,1,22.01,0,22.01,0
2025-12-06,3950,79,Kai Patel,Loyal,Direct,4,Joggers,Apparel,1,42.18,5,40.07,0
2025-12-06,3950,79,Kai Patel,Loyal,Direct,28,SPF 50 Lotion,Beauty,1,34.44,0,34.44,0
2025-12-06,3951,86,Priya Okafor,Champion,Email,16,Throw Pillow,Home,1,19.11,10,17.2,0
2025-12-06,3951,86,Priya Okafor,Champion,Email,30,Water Bottle,Sports,3,46.55,0,139.65,0
2025-12-06,3952,110,Tessa Yamada,Loyal,Social,8,Chino Pants,Apparel,1,64.72,5,61.48,0
2025-12-06,3952,110,Tessa Yamada,Loyal,Social,15,Smart Plug,Electronics,1,110.18,0,110.18,0
2025-12-06,3953,113,Priya Kowalski,New,Paid Search,8,Chino Pants,Apparel,1,64.72,0,64.72,0
2025-12-06,3954,115,Cole Ahmed,Champion,Paid Search,18,LED Lamp,Home,3,50.85,10,137.3,0
2025-12-06,3955,127,Lila Ahmed,New,Referral,31,Resistance Bands,Sports,1,65.69,0,65.69,0
2025-12-06,3956,151,Harper Patel,Loyal,Social,13,Webcam,Electronics,1,64,0,64,0
2025-12-06,3956,151,Harper Patel,Loyal,Social,37,Plush Bear,Toys,1,15.95,10,14.36,0
2025-12-06,3956,151,Harper Patel,Loyal,Social,28,SPF 50 Lotion,Beauty,1,34.44,0,34.44,0
2025-12-06,3957,156,Hugo Flynn,Champion,Email,19,Cutting Board,Home,1,53.71,10,48.34,0
2025-12-06,3958,164,Leo Ibarra,At-Risk,Paid Search,7,Rain Shell,Apparel,2,23.29,0,46.58,0
2025-12-06,3958,164,Leo Ibarra,At-Risk,Paid Search,27,Hand Cream,Beauty,1,18.43,0,18.43,0
2025-12-06,3959,193,Nora Cohen,Loyal,Paid Search,18,LED Lamp,Home,2,50.85,25,76.28,1
2025-12-06,3959,193,Nora Cohen,Loyal,Paid Search,16,Throw Pillow,Home,1,19.11,15,16.24,0
2025-12-06,3960,219,Quinn Marsh,Loyal,Referral,34,Running Belt,Sports,1,29.4,0,29.4,0
2025-12-06,3960,219,Quinn Marsh,Loyal,Referral,27,Hand Cream,Beauty,2,18.43,10,33.17,0
2025-12-06,3961,263,Morgan Sullivan,Regular,Paid Search,7,Rain Shell,Apparel,1,23.29,0,23.29,0
2025-12-06,3961,263,Morgan Sullivan,Regular,Paid Search,7,Rain Shell,Apparel,1,23.29,0,23.29,0
2025-12-06,3961,263,Morgan Sullivan,Regular,Paid Search,10,USB-C Cable,Electronics,1,117.18,0,117.18,0
2025-12-06,3962,313,Iris Hassan,Regular,Social,10,USB-C Cable,Electronics,1,117.18,0,117.18,0
2025-12-06,3962,313,Iris Hassan,Regular,Social,35,Building Blocks,Toys,1,32.84,0,32.84,0
2025-12-06,3963,338,Ivy Patel,Regular,Email,5,Socks 3-Pack,Apparel,1,65.81,15,55.94,0
2025-12-06,3963,338,Ivy Patel,Regular,Email,7,Rain Shell,Apparel,2,23.29,15,39.59,0
2025-12-06,3963,338,Ivy Patel,Regular,Email,16,Throw Pillow,Home,2,19.11,25,28.67,0
2025-12-06,3963,338,Ivy Patel,Regular,Email,39,RC Car,Toys,2,33.63,10,60.53,0
2025-12-06,3964,358,Casey Carter,Champion,Organic,7,Rain Shell,Apparel,3,23.29,15,59.39,1
2025-12-06,3964,358,Casey Carter,Champion,Organic,18,LED Lamp,Home,1,50.85,10,45.77,0
2025-12-06,3964,358,Casey Carter,Champion,Organic,23,Vitamin C Serum,Beauty,1,32.33,10,29.1,0
2025-12-06,3965,381,Kai Reid,Regular,Email,3,Denim Jacket,Apparel,1,65.95,10,59.36,0
2025-12-06,3966,386,Rowan Mendez,Loyal,Referral,12,Bluetooth Speaker,Electronics,1,98.02,10,88.22,0
2025-12-06,3967,426,Wren Fischer,Regular,Paid Search,3,Denim Jacket,Apparel,1,65.95,0,65.95,1
2025-12-06,3967,426,Wren Fischer,Regular,Paid Search,3,Denim Jacket,Apparel,1,65.95,0,65.95,0
2025-12-06,3968,442,Drew Flynn,Loyal,Organic,38,Board Game,Toys,3,37.99,0,113.97,0
2025-12-06,3968,442,Drew Flynn,Loyal,Organic,7,Rain Shell,Apparel,1,23.29,0,23.29,0
2025-12-06,3969,454,Casey Larsen,Loyal,Referral,36,Puzzle 500pc,Toys,2,44.86,25,67.29,0
2025-12-06,3969,454,Casey Larsen,Loyal,Referral,7,Rain Shell,Apparel,1,23.29,15,19.8,0
2025-12-06,3970,460,Harper Tan,Champion,Email,22,Scented Candle,Home,1,18.98,0,18.98,0
2025-12-06,3971,462,Leo Petrov,Champion,Referral,3,Denim Jacket,Apparel,2,65.95,10,118.71,0
2025-12-06,3972,480,Iris Costa,Regular,Social,15,Smart Plug,Electronics,1,110.18,0,110.18,0
2025-12-06,3973,494,Wren Fischer,Loyal,Email,10,USB-C Cable,Electronics,1,117.18,10,105.46,0
2025-12-06,3974,509,Devon Bauer,New,Paid Search,36,Puzzle 500pc,Toys,1,44.86,0,44.86,0
2025-12-06,3975,555,Ivy Ibarra,New,Referral,13,Webcam,Electronics,1,64,0,64,0
2025-12-06,3975,555,Ivy Ibarra,New,Referral,19,Cutting Board,Home,1,53.71,0,53.71,0
2025-12-06,3975,555,Ivy Ibarra,New,Referral,6,Beanie,Apparel,1,30.7,0,30.7,0
2025-12-06,3976,583,Lila Diaz,Loyal,Direct,33,Jump Rope,Sports,1,33.41,0,33.41,0
2025-12-06,3976,583,Lila Diaz,Loyal,Direct,24,Lip Balm,Beauty,1,36.1,0,36.1,0
2025-12-06,3976,583,Lila Diaz,Loyal,Direct,16,Throw Pillow,Home,2,19.11,0,38.22,0
2025-12-06,3977,587,Drew Cohen,Loyal,Referral,36,Puzzle 500pc,Toys,2,44.86,0,89.72,0
2025-12-06,3978,600,Mateo Hassan,Loyal,Social,15,Smart Plug,Electronics,1,110.18,0,110.18,0
2025-12-06,3978,600,Mateo Hassan,Loyal,Social,6,Beanie,Apparel,2,30.7,0,61.4,0
2025-12-06,3979,640,Avery Romano,Champion,Organic,11,Phone Case,Electronics,1,22.01,20,17.61,0
2025-12-06,3980,657,Maya Osei,Loyal,Direct,11,Phone Case,Electronics,1,22.01,0,22.01,0
2025-12-06,3981,789,Harper Sullivan,Loyal,Email,18,LED Lamp,Home,1,50.85,25,38.14,0
2025-12-06,3981,789,Harper Sullivan,Loyal,Email,37,Plush Bear,Toys,1,15.95,20,12.76,0
2025-12-06,3981,789,Harper Sullivan,Loyal,Email,40,Art Kit,Toys,2,53.64,15,91.19,0
2025-12-06,3982,799,Lila Brooks,Loyal,Referral,28,SPF 50 Lotion,Beauty,1,34.44,0,34.44,0
2025-12-06,3982,799,Lila Brooks,Loyal,Referral,28,SPF 50 Lotion,Beauty,1,34.44,0,34.44,0
2025-12-06,3983,824,Mateo Walsh,New,Organic,11,Phone Case,Electronics,1,22.01,0,22.01,0
2025-12-06,3983,824,Mateo Walsh,New,Organic,7,Rain Shell,Apparel,2,23.29,0,46.58,0
2025-12-06,3983,824,Mateo Walsh,New,Organic,29,Yoga Mat,Sports,2,24.63,0,49.26,0
2025-12-06,3984,843,Leo Patel,New,Direct,28,SPF 50 Lotion,Beauty,1,34.44,0,34.44,0
2025-12-06,3984,843,Leo Patel,New,Direct,3,Denim Jacket,Apparel,1,65.95,0,65.95,0
2025-12-06,3984,843,Leo Patel,New,Direct,17,Ceramic Mug,Home,1,54.95,0,54.95,1
2025-12-06,3985,850,Ivy Patel,Regular,Organic,26,Shampoo Bar,Beauty,1,33.06,0,33.06,0
2025-12-06,3985,850,Ivy Patel,Regular,Organic,4,Joggers,Apparel,1,42.18,0,42.18,1
2025-12-06,3986,852,Sasha Ahmed,Champion,Referral,5,Socks 3-Pack,Apparel,2,65.81,10,118.46,0
2025-12-06,3986,852,Sasha Ahmed,Champion,Referral,13,Webcam,Electronics,3,64,5,182.4,0
2025-12-06,3987,865,Rowan Costa,Champion,Referral,33,Jump Rope,Sports,1,33.41,20,26.73,0
2025-12-06,3988,868,Quinn Osei,Regular,Direct,26,Shampoo Bar,Beauty,1,33.06,0,33.06,0
2025-12-06,3988,868,Quinn Osei,Regular,Direct,20,Towel Set,Home,1,19.75,0,19.75,0
2025-12-06,3988,868,Quinn Osei,Regular,Direct,24,Lip Balm,Beauty,1,36.1,0,36.1,0
2025-12-06,3988,868,Quinn Osei,Regular,Direct,25,Sheet Mask,Beauty,2,8.59,0,17.18,0
2025-12-06,3989,890,Hugo Tan,Regular,Referral,20,Towel Set,Home,3,19.75,20,47.4,0
2025-12-06,3989,890,Hugo Tan,Regular,Referral,24,Lip Balm,Beauty,1,36.1,20,28.88,0
2025-12-06,3989,890,Hugo Tan,Regular,Referral,11,Phone Case,Electronics,1,22.01,20,17.61,0
2025-12-06,3989,890,Hugo Tan,Regular,Referral,10,USB-C Cable,Electronics,2,117.18,20,187.49,0
2025-12-06,3990,904,Harper Hassan,New,Social,17,Ceramic Mug,Home,2,54.95,0,109.9,0
2025-12-06,3991,931,Cole Reid,Champion,Organic,15,Smart Plug,Electronics,1,110.18,5,104.67,0
2025-12-06,3992,946,Hugo Marsh,At-Risk,Social,26,Shampoo Bar,Beauty,1,33.06,0,33.06,0
2025-12-06,3992,946,Hugo Marsh,At-Risk,Social,27,Hand Cream,Beauty,1,18.43,0,18.43,0
2025-12-06,3992,946,Hugo Marsh,At-Risk,Social,5,Socks 3-Pack,Apparel,1,65.81,0,65.81,0
2025-12-06,3993,949,Quinn Okafor,Champion,Organic,23,Vitamin C Serum,Beauty,3,32.33,10,87.29,0
2025-12-06,3993,949,Quinn Okafor,Champion,Organic,18,LED Lamp,Home,3,50.85,10,137.3,0
2025-12-06,3994,991,Reese Osei,Loyal,Referral,21,Storage Bin,Home,1,28.6,20,22.88,0
2025-12-06,3995,992,Jamie Osei,Loyal,Email,16,Throw Pillow,Home,1,19.11,10,17.2,0
2025-12-06,3995,992,Jamie Osei,Loyal,Email,25,Sheet Mask,Beauty,1,8.59,5,8.16,0
2025-12-06,3995,992,Jamie Osei,Loyal,Email,38,Board Game,Toys,1,37.99,5,36.09,0
2025-12-07,3996,16,Quinn Diaz,Regular,Organic,29,Yoga Mat,Sports,1,24.63,25,18.47,0
2025-12-07,3997,50,Drew Brooks,Champion,Email,24,Lip Balm,Beauty,3,36.1,5,102.89,0
2025-12-07,3998,57,Taylor Mendez,At-Risk,Paid Search,18,LED Lamp,Home,1,50.85,0,50.85,0
2025-12-07,3998,57,Taylor Mendez,At-Risk,Paid Search,1,Crew Tee,Apparel,2,53.87,0,107.74,0
2025-12-07,3999,63,Cole Bauer,Champion,Organic,20,Towel Set,Home,1,19.75,5,18.76,0
2025-12-07,3999,63,Cole Bauer,Champion,Organic,13,Webcam,Electronics,1,64,10,57.6,1
2025-12-07,3999,63,Cole Bauer,Champion,Organic,40,Art Kit,Toys,1,53.64,5,50.96,0
2025-12-07,4000,90,Avery Novak,Champion,Paid Search,6,Beanie,Apparel,1,30.7,20,24.56,0
2025-12-07,4000,90,Avery Novak,Champion,Paid Search,36,Puzzle 500pc,Toys,1,44.86,15,38.13,0
2025-12-07,4001,137,Iris Larsen,New,Email,4,Joggers,Apparel,1,42.18,0,42.18,0
2025-12-07,4001,137,Iris Larsen,New,Email,4,Joggers,Apparel,1,42.18,0,42.18,0
2025-12-07,4001,137,Iris Larsen,New,Email,6,Beanie,Apparel,2,30.7,0,61.4,0
2025-12-07,4001,137,Iris Larsen,New,Email,15,Smart Plug,Electronics,1,110.18,0,110.18,0
2025-12-07,4002,156,Hugo Flynn,Champion,Email,26,Shampoo Bar,Beauty,1,33.06,10,29.75,0
2025-12-07,4002,156,Hugo Flynn,Champion,Email,7,Rain Shell,Apparel,1,23.29,0,23.29,0
2025-12-07,4002,156,Hugo Flynn,Champion,Email,29,Yoga Mat,Sports,1,24.63,10,22.17,0
2025-12-07,4003,158,Mateo Fischer,Regular,Social,3,Denim Jacket,Apparel,1,65.95,0,65.95,0
2025-12-07,4004,172,Morgan Okafor,Loyal,Direct,40,Art Kit,Toys,1,53.64,15,45.59,0
2025-12-07,4005,174,Drew Costa,Champion,Social,10,USB-C Cable,Electronics,3,117.18,15,298.81,0
2025-12-07,4005,174,Drew Costa,Champion,Social,24,Lip Balm,Beauty,1,36.1,15,30.69,0
2025-12-07,4006,188,Priya Park,Loyal,Organic,31,Resistance Bands,Sports,2,65.69,0,131.38,0
2025-12-07,4007,189,Noel Romano,Champion,Organic,27,Hand Cream,Beauty,1,18.43,15,15.67,0
2025-12-07,4007,189,Noel Romano,Champion,Organic,1,Crew Tee,Apparel,1,53.87,15,45.79,0
2025-12-07,4008,215,Kai Flynn,Regular,Referral,38,Board Game,Toys,1,37.99,0,37.99,0
2025-12-07,4009,258,Taylor Ahmed,Loyal,Paid Search,29,Yoga Mat,Sports,1,24.63,5,23.4,0
2025-12-07,4010,276,Riley Costa,Loyal,Referral,8,Chino Pants,Apparel,1,64.72,10,58.25,0
2025-12-07,4010,276,Riley Costa,Loyal,Referral,39,RC Car,Toys,1,33.63,0,33.63,0
2025-12-07,4011,305,Wren Park,Loyal,Social,6,Beanie,Apparel,1,30.7,0,30.7,0
2025-12-07,4011,305,Wren Park,Loyal,Social,30,Water Bottle,Sports,1,46.55,5,44.22,0
2025-12-07,4011,305,Wren Park,Loyal,Social,1,Crew Tee,Apparel,2,53.87,0,107.74,0
2025-12-07,4011,305,Wren Park,Loyal,Social,34,Running Belt,Sports,1,29.4,10,26.46,0
2025-12-07,4012,309,Leo Cohen,Loyal,Organic,21,Storage Bin,Home,1,28.6,0,28.6,0
2025-12-07,4013,353,Tessa Osei,Regular,Referral,15,Smart Plug,Electronics,3,110.18,0,330.54,0
2025-12-07,4014,387,Owen Nguyen,Regular,Direct,38,Board Game,Toys,1,37.99,0,37.99,0
2025-12-07,4014,387,Owen Nguyen,Regular,Direct,33,Jump Rope,Sports,1,33.41,0,33.41,0
2025-12-07,4014,387,Owen Nguyen,Regular,Direct,15,Smart Plug,Electronics,1,110.18,0,110.18,0
2025-12-07,4014,387,Owen Nguyen,Regular,Direct,27,Hand Cream,Beauty,1,18.43,0,18.43,0
2025-12-07,4015,418,Quinn Diaz,New,Referral,25,Sheet Mask,Beauty,1,8.59,0,8.59,0
2025-12-07,4016,437,Lila Marsh,Loyal,Email,14,Power Bank,Electronics,2,64.37,10,115.87,0
2025-12-07,4016,437,Lila Marsh,Loyal,Email,29,Yoga Mat,Sports,1,24.63,5,23.4,0
2025-12-07,4016,437,Lila Marsh,Loyal,Email,27,Hand Cream,Beauty,1,18.43,5,17.51,0
2025-12-07,4016,437,Lila Marsh,Loyal,Email,12,Bluetooth Speaker,Electronics,1,98.02,0,98.02,1
2025-12-07,4017,490,Jamie Romano,Loyal,Organic,11,Phone Case,Electronics,1,22.01,5,20.91,0
2025-12-07,4018,505,Maya Khan,Regular,Paid Search,14,Power Bank,Electronics,3,64.37,0,193.11,0
2025-12-07,4018,505,Maya Khan,Regular,Paid Search,19,Cutting Board,Home,1,53.71,0,53.71,0
2025-12-07,4018,505,Maya Khan,Regular,Paid Search,29,Yoga Mat,Sports,2,24.63,0,49.26,0
2025-12-07,4018,505,Maya Khan,Regular,Paid Search,5,Socks 3-Pack,Apparel,2,65.81,0,131.62,0
2025-12-07,4019,507,Riley Novak,Regular,Referral,10,USB-C Cable,Electronics,1,117.18,0,117.18,0
2025-12-07,4020,522,Harper Romano,Champion,Referral,34,Running Belt,Sports,1,29.4,0,29.4,0
2025-12-07,4021,551,Devon Fischer,Loyal,Social,26,Shampoo Bar,Beauty,1,33.06,0,33.06,0
2025-12-07,4021,551,Devon Fischer,Loyal,Social,16,Throw Pillow,Home,1,19.11,5,18.15,0
2025-12-07,4022,565,Noel Fischer,Champion,Social,30,Water Bottle,Sports,3,46.55,0,139.65,0
2025-12-07,4022,565,Noel Fischer,Champion,Social,10,USB-C Cable,Electronics,3,117.18,10,316.39,0
2025-12-07,4023,577,Drew Romano,New,Referral,39,RC Car,Toys,1,33.63,0,33.63,0
2025-12-07,4023,577,Drew Romano,New,Referral,23,Vitamin C Serum,Beauty,3,32.33,0,96.99,0
2025-12-07,4024,597,Morgan Fischer,Loyal,Social,1,Crew Tee,Apparel,2,53.87,10,96.97,0
2025-12-07,4024,597,Morgan Fischer,Loyal,Social,35,Building Blocks,Toys,1,32.84,0,32.84,0
2025-12-07,4024,597,Morgan Fischer,Loyal,Social,34,Running Belt,Sports,1,29.4,0,29.4,0
2025-12-07,4025,630,Casey Sullivan,New,Email,23,Vitamin C Serum,Beauty,1,32.33,0,32.33,0
2025-12-07,4026,647,Jordan Fischer,Loyal,Organic,3,Denim Jacket,Apparel,1,65.95,0,65.95,0
2025-12-07,4026,647,Jordan Fischer,Loyal,Organic,4,Joggers,Apparel,2,42.18,10,75.92,0
2025-12-07,4026,647,Jordan Fischer,Loyal,Organic,4,Joggers,Apparel,2,42.18,5,80.14,0
2025-12-07,4027,702,Noel Petrov,Loyal,Paid Search,29,Yoga Mat,Sports,1,24.63,5,23.4,0
2025-12-07,4028,716,Iris Reyes,Champion,Email,25,Sheet Mask,Beauty,1,8.59,5,8.16,0
2025-12-07,4028,716,Iris Reyes,Champion,Email,13,Webcam,Electronics,2,64,5,121.6,0
2025-12-07,4028,716,Iris Reyes,Champion,Email,35,Building Blocks,Toys,1,32.84,0,32.84,0
2025-12-07,4029,720,Rowan Romano,New,Referral,30,Water Bottle,Sports,1,46.55,0,46.55,0
2025-12-07,4030,722,Avery Petrov,New,Paid Search,36,Puzzle 500pc,Toys,1,44.86,0,44.86,0
2025-12-07,4031,795,Jamie Reyes,Loyal,Email,6,Beanie,Apparel,1,30.7,0,30.7,0
2025-12-07,4032,810,Taylor Carter,At-Risk,Social,30,Water Bottle,Sports,2,46.55,20,74.48,0
2025-12-07,4033,836,Morgan Larsen,Loyal,Social,23,Vitamin C Serum,Beauty,2,32.33,5,61.43,0
2025-12-07,4033,836,Morgan Larsen,Loyal,Social,30,Water Bottle,Sports,1,46.55,10,41.9,0
2025-12-07,4034,859,Mateo Mendez,Champion,Email,3,Denim Jacket,Apparel,1,65.95,10,59.36,0
2025-12-07,4034,859,Mateo Mendez,Champion,Email,7,Rain Shell,Apparel,1,23.29,5,22.13,0
2025-12-07,4035,915,Riley Park,Champion,Referral,21,Storage Bin,Home,2,28.6,10,51.48,0
2025-12-07,4035,915,Riley Park,Champion,Referral,34,Running Belt,Sports,1,29.4,0,29.4,0
2025-12-07,4036,923,Drew Ibarra,Regular,Email,33,Jump Rope,Sports,2,33.41,0,66.82,0
2025-12-07,4036,923,Drew Ibarra,Regular,Email,29,Yoga Mat,Sports,1,24.63,0,24.63,0
2025-12-07,4037,933,Mateo Walsh,Regular,Social,24,Lip Balm,Beauty,1,36.1,0,36.1,0
2025-12-07,4038,937,Avery Romano,Loyal,Social,40,Art Kit,Toys,1,53.64,5,50.96,0
2025-12-07,4039,980,Lila Bauer,Regular,Direct,12,Bluetooth Speaker,Electronics,1,98.02,0,98.02,0
2025-12-07,4040,985,Rowan Petrov,Loyal,Paid Search,10,USB-C Cable,Electronics,1,117.18,15,99.6,0
2025-12-07,4040,985,Rowan Petrov,Loyal,Paid Search,20,Towel Set,Home,2,19.75,15,33.57,0
2025-12-07,4041,991,Reese Osei,Loyal,Referral,30,Water Bottle,Sports,1,46.55,0,46.55,0
2025-12-07,4041,991,Reese Osei,Loyal,Referral,15,Smart Plug,Electronics,1,110.18,0,110.18,0
2025-12-08,4042,48,Priya Yamada,Champion,Paid Search,36,Puzzle 500pc,Toys,1,44.86,5,42.62,0
2025-12-08,4042,48,Priya Yamada,Champion,Paid Search,20,Towel Set,Home,1,19.75,0,19.75,0
2025-12-08,4042,48,Priya Yamada,Champion,Paid Search,2,Hoodie,Apparel,1,19.91,0,19.91,0
2025-12-08,4043,94,Maya Diaz,Loyal,Social,34,Running Belt,Sports,1,29.4,5,27.93,0
2025-12-08,4044,131,Priya Cohen,Champion,Referral,27,Hand Cream,Beauty,1,18.43,0,18.43,0
2025-12-08,4044,131,Priya Cohen,Champion,Referral,12,Bluetooth Speaker,Electronics,1,98.02,0,98.02,0
2025-12-08,4044,131,Priya Cohen,Champion,Referral,38,Board Game,Toys,1,37.99,0,37.99,0
2025-12-08,4045,155,Hugo Marsh,Loyal,Email,33,Jump Rope,Sports,1,33.41,0,33.41,0
2025-12-08,4045,155,Hugo Marsh,Loyal,Email,5,Socks 3-Pack,Apparel,1,65.81,10,59.23,0
2025-12-08,4045,155,Hugo Marsh,Loyal,Email,12,Bluetooth Speaker,Electronics,3,98.02,0,294.06,0
2025-12-08,4045,155,Hugo Marsh,Loyal,Email,6,Beanie,Apparel,1,30.7,5,29.17,0
2025-12-08,4046,204,Jamie Kowalski,Loyal,Email,36,Puzzle 500pc,Toys,1,44.86,10,40.37,0
2025-12-08,4046,204,Jamie Kowalski,Loyal,Email,30,Water Bottle,Sports,1,46.55,0,46.55,0
2025-12-08,4047,227,Maya Reid,Regular,Email,37,Plush Bear,Toys,2,15.95,0,31.9,0
2025-12-08,4047,227,Maya Reid,Regular,Email,19,Cutting Board,Home,2,53.71,0,107.42,0
2025-12-08,4048,302,Drew Mendez,Regular,Referral,39,RC Car,Toys,1,33.63,25,25.22,0
2025-12-08,4049,305,Wren Park,Loyal,Social,1,Crew Tee,Apparel,2,53.87,5,102.35,0
2025-12-08,4049,305,Wren Park,Loyal,Social,19,Cutting Board,Home,1,53.71,0,53.71,0
2025-12-08,4050,356,Rowan Hassan,Regular,Email,18,LED Lamp,Home,1,50.85,15,43.22,0
2025-12-08,4050,356,Rowan Hassan,Regular,Email,37,Plush Bear,Toys,2,15.95,20,25.52,0
2025-12-08,4051,363,Iris Carter,Regular,Organic,19,Cutting Board,Home,1,53.71,0,53.71,0
2025-12-08,4052,418,Quinn Diaz,New,Referral,27,Hand Cream,Beauty,1,18.43,0,18.43,0
2025-12-08,4052,418,Quinn Diaz,New,Referral,40,Art Kit,Toys,1,53.64,0,53.64,0
2025-12-08,4053,442,Drew Flynn,Loyal,Organic,5,Socks 3-Pack,Apparel,1,65.81,10,59.23,0
2025-12-08,4054,459,Hugo Romano,New,Direct,18,LED Lamp,Home,1,50.85,0,50.85,0
2025-12-08,4055,460,Harper Tan,Champion,Email,7,Rain Shell,Apparel,1,23.29,10,20.96,0
2025-12-08,4056,462,Leo Petrov,Champion,Referral,20,Towel Set,Home,3,19.75,25,44.44,0
2025-12-08,4057,463,Jamie Hassan,Regular,Social,8,Chino Pants,Apparel,1,64.72,0,64.72,0
2025-12-08,4057,463,Jamie Hassan,Regular,Social,4,Joggers,Apparel,2,42.18,0,84.36,0
2025-12-08,4058,484,Owen Walsh,New,Organic,6,Beanie,Apparel,1,30.7,0,30.7,0
2025-12-08,4058,484,Owen Walsh,New,Organic,23,Vitamin C Serum,Beauty,1,32.33,0,32.33,0
2025-12-08,4058,484,Owen Walsh,New,Organic,19,Cutting Board,Home,3,53.71,0,161.13,0
2025-12-08,4058,484,Owen Walsh,New,Organic,15,Smart Plug,Electronics,1,110.18,0,110.18,0
2025-12-08,4059,492,Drew Petrov,Champion,Social,15,Smart Plug,Electronics,3,110.18,10,297.49,0
2025-12-08,4059,492,Drew Petrov,Champion,Social,15,Smart Plug,Electronics,2,110.18,0,220.36,0
2025-12-08,4060,508,Riley Diaz,Loyal,Email,27,Hand Cream,Beauty,1,18.43,10,16.59,0
2025-12-08,4060,508,Riley Diaz,Loyal,Email,22,Scented Candle,Home,1,18.98,10,17.08,0
2025-12-08,4060,508,Riley Diaz,Loyal,Email,28,SPF 50 Lotion,Beauty,1,34.44,10,31,0
2025-12-08,4060,508,Riley Diaz,Loyal,Email,15,Smart Plug,Electronics,1,110.18,20,88.14,0
2025-12-08,4061,516,Maya Cohen,Loyal,Email,6,Beanie,Apparel,1,30.7,5,29.17,0
2025-12-08,4061,516,Maya Cohen,Loyal,Email,16,Throw Pillow,Home,1,19.11,0,19.11,1
2025-12-08,4061,516,Maya Cohen,Loyal,Email,35,Building Blocks,Toys,1,32.84,5,31.2,0
2025-12-08,4062,531,Wren Carter,Loyal,Direct,6,Beanie,Apparel,1,30.7,0,30.7,0
2025-12-08,4063,579,Lila Novak,Regular,Social,32,Foam Roller,Sports,1,65.98,25,49.49,0
2025-12-08,4064,589,Kai Brooks,Regular,Email,8,Chino Pants,Apparel,1,64.72,0,64.72,0
2025-12-08,4064,589,Kai Brooks,Regular,Email,4,Joggers,Apparel,1,42.18,0,42.18,0
2025-12-08,4065,591,Noel Petrov,Regular,Email,25,Sheet Mask,Beauty,3,8.59,0,25.77,0
2025-12-08,4066,647,Jordan Fischer,Loyal,Organic,18,LED Lamp,Home,1,50.85,15,43.22,0
2025-12-08,4066,647,Jordan Fischer,Loyal,Organic,7,Rain Shell,Apparel,1,23.29,10,20.96,0
2025-12-08,4067,672,Priya Petrov,Loyal,Organic,8,Chino Pants,Apparel,1,64.72,0,64.72,0
2025-12-08,4067,672,Priya Petrov,Loyal,Organic,5,Socks 3-Pack,Apparel,3,65.81,0,197.43,0
2025-12-08,4068,679,Owen Park,Loyal,Paid Search,35,Building Blocks,Toys,1,32.84,0,32.84,0
2025-12-08,4068,679,Owen Park,Loyal,Paid Search,12,Bluetooth Speaker,Electronics,1,98.02,10,88.22,0
2025-12-08,4069,716,Iris Reyes,Champion,Email,19,Cutting Board,Home,1,53.71,25,40.28,0
2025-12-08,4069,716,Iris Reyes,Champion,Email,9,Wireless Earbuds,Electronics,1,94.29,10,84.86,0
2025-12-08,4070,745,Devon Carter,Loyal,Email,36,Puzzle 500pc,Toys,1,44.86,25,33.64,0
2025-12-08,4070,745,Devon Carter,Loyal,Email,9,Wireless Earbuds,Electronics,3,94.29,25,212.15,0
2025-12-08,4070,745,Devon Carter,Loyal,Email,17,Ceramic Mug,Home,2,54.95,15,93.42,0
2025-12-08,4070,745,Devon Carter,Loyal,Email,14,Power Bank,Electronics,1,64.37,15,54.71,0
2025-12-08,4071,751,Riley Kowalski,Champion,Direct,37,Plush Bear,Toys,1,15.95,0,15.95,0
2025-12-08,4071,751,Riley Kowalski,Champion,Direct,9,Wireless Earbuds,Electronics,2,94.29,0,188.58,0
2025-12-08,4072,815,Wren Mendez,Regular,Direct,1,Crew Tee,Apparel,1,53.87,0,53.87,0
2025-12-08,4073,828,Sasha Walsh,At-Risk,Direct,29,Yoga Mat,Sports,2,24.63,0,49.26,0
2025-12-08,4074,848,Sasha Carter,Loyal,Paid Search,4,Joggers,Apparel,1,42.18,10,37.96,0
2025-12-08,4074,848,Sasha Carter,Loyal,Paid Search,40,Art Kit,Toys,1,53.64,0,53.64,0
2025-12-08,4074,848,Sasha Carter,Loyal,Paid Search,6,Beanie,Apparel,1,30.7,0,30.7,0
2025-12-08,4075,857,Noel Osei,Champion,Referral,15,Smart Plug,Electronics,1,110.18,10,99.16,0
2025-12-08,4076,919,Quinn Ibarra,Regular,Referral,11,Phone Case,Electronics,1,22.01,0,22.01,0
2025-12-08,4076,919,Quinn Ibarra,Regular,Referral,6,Beanie,Apparel,3,30.7,0,92.1,0
2025-12-08,4076,919,Quinn Ibarra,Regular,Referral,3,Denim Jacket,Apparel,1,65.95,0,65.95,0
2025-12-08,4077,937,Avery Romano,Loyal,Social,21,Storage Bin,Home,1,28.6,5,27.17,0
2025-12-08,4077,937,Avery Romano,Loyal,Social,21,Storage Bin,Home,1,28.6,0,28.6,0
2025-12-08,4077,937,Avery Romano,Loyal,Social,40,Art Kit,Toys,1,53.64,0,53.64,0
2025-12-08,4077,937,Avery Romano,Loyal,Social,11,Phone Case,Electronics,1,22.01,5,20.91,0
2025-12-08,4078,987,Jordan Sullivan,Champion,Paid Search,26,Shampoo Bar,Beauty,1,33.06,15,28.1,0
2025-12-09,4079,12,Hugo Carter,Loyal,Paid Search,2,Hoodie,Apparel,3,19.91,5,56.74,0
2025-12-09,4080,66,Devon Reyes,Champion,Organic,7,Rain Shell,Apparel,1,23.29,15,19.8,0
2025-12-09,4080,66,Devon Reyes,Champion,Organic,8,Chino Pants,Apparel,1,64.72,15,55.01,0
2025-12-09,4080,66,Devon Reyes,Champion,Organic,15,Smart Plug,Electronics,1,110.18,15,93.65,0
2025-12-09,4081,90,Avery Novak,Champion,Paid Search,5,Socks 3-Pack,Apparel,2,65.81,10,118.46,0
2025-12-09,4081,90,Avery Novak,Champion,Paid Search,14,Power Bank,Electronics,1,64.37,5,61.15,0
2025-12-09,4081,90,Avery Novak,Champion,Paid Search,38,Board Game,Toys,2,37.99,0,75.98,0
2025-12-09,4082,115,Cole Ahmed,Champion,Paid Search,4,Joggers,Apparel,2,42.18,10,75.92,0
2025-12-09,4082,115,Cole Ahmed,Champion,Paid Search,16,Throw Pillow,Home,1,19.11,0,19.11,0
2025-12-09,4083,130,Wren Patel,Regular,Social,16,Throw Pillow,Home,1,19.11,20,15.29,0
2025-12-09,4084,145,Iris Yamada,Loyal,Direct,9,Wireless Earbuds,Electronics,2,94.29,0,188.58,0
2025-12-09,4084,145,Iris Yamada,Loyal,Direct,5,Socks 3-Pack,Apparel,1,65.81,5,62.52,0
2025-12-09,4085,157,Cole Park,Regular,Organic,19,Cutting Board,Home,1,53.71,0,53.71,0
2025-12-09,4086,174,Drew Costa,Champion,Social,2,Hoodie,Apparel,1,19.91,10,17.92,0
2025-12-09,4086,174,Drew Costa,Champion,Social,2,Hoodie,Apparel,2,19.91,0,39.82,1
2025-12-09,4087,227,Maya Reid,Regular,Email,12,Bluetooth Speaker,Electronics,1,98.02,0,98.02,0
2025-12-09,4087,227,Maya Reid,Regular,Email,7,Rain Shell,Apparel,2,23.29,0,46.58,0
2025-12-09,4088,254,Sasha Okafor,Regular,Email,14,Power Bank,Electronics,1,64.37,0,64.37,0
2025-12-09,4088,254,Sasha Okafor,Regular,Email,37,Plush Bear,Toys,3,15.95,0,47.85,0
2025-12-09,4088,254,Sasha Okafor,Regular,Email,15,Smart Plug,Electronics,3,110.18,0,330.54,0
2025-12-09,4089,274,Drew Flynn,Loyal,Email,9,Wireless Earbuds,Electronics,3,94.29,5,268.73,0
2025-12-09,4090,288,Owen Osei,New,Paid Search,30,Water Bottle,Sports,2,46.55,10,83.79,0
2025-12-09,4091,292,Cole Marsh,Champion,Direct,33,Jump Rope,Sports,1,33.41,0,33.41,0
2025-12-09,4092,298,Lila Walsh,New,Organic,28,SPF 50 Lotion,Beauty,1,34.44,0,34.44,0
2025-12-09,4093,321,Lila Petrov,Loyal,Organic,26,Shampoo Bar,Beauty,1,33.06,0,33.06,0
2025-12-09,4094,406,Taylor Costa,At-Risk,Email,32,Foam Roller,Sports,1,65.98,0,65.98,0
2025-12-09,4095,407,Drew Petrov,New,Paid Search,1,Crew Tee,Apparel,1,53.87,0,53.87,0
2025-12-09,4096,420,Nora Reid,Regular,Referral,4,Joggers,Apparel,1,42.18,0,42.18,0
2025-12-09,4097,421,Quinn Petrov,New,Email,35,Building Blocks,Toys,1,32.84,0,32.84,1
2025-12-09,4097,421,Quinn Petrov,New,Email,20,Towel Set,Home,1,19.75,0,19.75,0
2025-12-09,4098,487,Avery Park,New,Social,37,Plush Bear,Toys,1,15.95,0,15.95,0
2025-12-09,4098,487,Avery Park,New,Social,24,Lip Balm,Beauty,1,36.1,0,36.1,0
2025-12-09,4099,528,Avery Costa,New,Direct,39,RC Car,Toys,1,33.63,0,33.63,1
2025-12-09,4099,528,Avery Costa,New,Direct,17,Ceramic Mug,Home,1,54.95,0,54.95,0
2025-12-09,4100,551,Devon Fischer,Loyal,Social,24,Lip Balm,Beauty,2,36.1,10,64.98,0
2025-12-09,4100,551,Devon Fischer,Loyal,Social,12,Bluetooth Speaker,Electronics,2,98.02,0,196.04,0
2025-12-09,4101,567,Avery Bauer,Loyal,Organic,11,Phone Case,Electronics,2,22.01,20,35.22,0
2025-12-09,4102,590,Leo Okafor,Champion,Direct,10,USB-C Cable,Electronics,2,117.18,10,210.92,0
2025-12-09,4103,601,Owen Carter,Loyal,Social,18,LED Lamp,Home,1,50.85,10,45.77,0
2025-12-09,4104,613,Kai Kowalski,Regular,Referral,34,Running Belt,Sports,1,29.4,0,29.4,0
2025-12-09,4104,613,Kai Kowalski,Regular,Referral,2,Hoodie,Apparel,1,19.91,0,19.91,0
2025-12-09,4105,640,Avery Romano,Champion,Organic,32,Foam Roller,Sports,1,65.98,0,65.98,0
2025-12-09,4106,649,Harper Nguyen,Champion,Referral,5,Socks 3-Pack,Apparel,2,65.81,10,118.46,1
2025-12-09,4107,660,Jordan Romano,Loyal,Email,16,Throw Pillow,Home,1,19.11,0,19.11,0
2025-12-09,4107,660,Jordan Romano,Loyal,Email,29,Yoga Mat,Sports,1,24.63,5,23.4,0
2025-12-09,4107,660,Jordan Romano,Loyal,Email,8,Chino Pants,Apparel,1,64.72,0,64.72,0
2025-12-09,4107,660,Jordan Romano,Loyal,Email,24,Lip Balm,Beauty,1,36.1,0,36.1,0
2025-12-09,4108,667,Maya Petrov,Champion,Paid Search,19,Cutting Board,Home,1,53.71,0,53.71,0
2025-12-09,4108,667,Maya Petrov,Champion,Paid Search,14,Power Bank,Electronics,1,64.37,0,64.37,0
2025-12-09,4109,679,Owen Park,Loyal,Paid Search,40,Art Kit,Toys,1,53.64,10,48.28,0
2025-12-09,4110,687,Kai Reid,Loyal,Referral,25,Sheet Mask,Beauty,1,8.59,10,7.73,0
2025-12-09,4110,687,Kai Reid,Loyal,Referral,36,Puzzle 500pc,Toys,1,44.86,10,40.37,0
2025-12-09,4110,687,Kai Reid,Loyal,Referral,29,Yoga Mat,Sports,1,24.63,0,24.63,0
2025-12-09,4111,705,Jamie Park,Champion,Paid Search,38,Board Game,Toys,1,37.99,10,34.19,0
2025-12-09,4111,705,Jamie Park,Champion,Paid Search,26,Shampoo Bar,Beauty,2,33.06,10,59.51,0
2025-12-09,4111,705,Jamie Park,Champion,Paid Search,17,Ceramic Mug,Home,2,54.95,15,93.42,0
2025-12-09,4111,705,Jamie Park,Champion,Paid Search,34,Running Belt,Sports,2,29.4,20,47.04,0
2025-12-09,4112,715,Sasha Reid,Loyal,Direct,3,Denim Jacket,Apparel,1,65.95,5,62.65,0
2025-12-09,4113,719,Avery Kowalski,Loyal,Email,38,Board Game,Toys,1,37.99,10,34.19,0
2025-12-09,4114,738,Harper Ibarra,New,Referral,14,Power Bank,Electronics,1,64.37,0,64.37,0
2025-12-09,4114,738,Harper Ibarra,New,Referral,37,Plush Bear,Toys,1,15.95,0,15.95,1
2025-12-09,4115,767,Harper Bauer,Loyal,Direct,3,Denim Jacket,Apparel,1,65.95,10,59.36,1
2025-12-09,4116,793,Hugo Osei,Champion,Social,13,Webcam,Electronics,2,64,0,128,0
2025-12-09,4116,793,Hugo Osei,Champion,Social,4,Joggers,Apparel,1,42.18,5,40.07,0
2025-12-09,4117,848,Sasha Carter,Loyal,Paid Search,27,Hand Cream,Beauty,2,18.43,0,36.86,0
2025-12-09,4118,913,Wren Osei,Regular,Direct,25,Sheet Mask,Beauty,1,8.59,0,8.59,0
2025-12-09,4119,919,Quinn Ibarra,Regular,Referral,36,Puzzle 500pc,Toys,2,44.86,0,89.72,1
2025-12-09,4120,937,Avery Romano,Loyal,Social,30,Water Bottle,Sports,1,46.55,0,46.55,0
2025-12-09,4120,937,Avery Romano,Loyal,Social,24,Lip Balm,Beauty,3,36.1,5,102.89,1
2025-12-09,4120,937,Avery Romano,Loyal,Social,37,Plush Bear,Toys,2,15.95,10,28.71,0
2025-12-09,4120,937,Avery Romano,Loyal,Social,20,Towel Set,Home,1,19.75,0,19.75,0
2025-12-10,4121,27,Nora Bauer,Champion,Referral,35,Building Blocks,Toys,1,32.84,10,29.56,0
2025-12-10,4122,29,Nora Sullivan,New,Social,33,Jump Rope,Sports,1,33.41,0,33.41,0
2025-12-10,4122,29,Nora Sullivan,New,Social,37,Plush Bear,Toys,1,15.95,0,15.95,0
2025-12-10,4123,76,Owen Flynn,Champion,Direct,27,Hand Cream,Beauty,3,18.43,0,55.29,0
2025-12-10,4123,76,Owen Flynn,Champion,Direct,19,Cutting Board,Home,1,53.71,5,51.02,0
2025-12-10,4123,76,Owen Flynn,Champion,Direct,38,Board Game,Toys,1,37.99,0,37.99,0
2025-12-10,4123,76,Owen Flynn,Champion,Direct,18,LED Lamp,Home,1,50.85,10,45.77,0
2025-12-10,4124,92,Iris Ibarra,Champion,Email,5,Socks 3-Pack,Apparel,1,65.81,25,49.36,0
2025-12-10,4124,92,Iris Ibarra,Champion,Email,19,Cutting Board,Home,1,53.71,20,42.97,0
2025-12-10,4125,118,Nora Bauer,At-Risk,Direct,24,Lip Balm,Beauty,2,36.1,0,72.2,0
2025-12-10,4126,123,Kai Park,New,Direct,35,Building Blocks,Toys,1,32.84,25,24.63,0
2025-12-10,4127,156,Hugo Flynn,Champion,Email,15,Smart Plug,Electronics,1,110.18,10,99.16,0
2025-12-10,4128,159,Jordan Tan,Loyal,Direct,13,Webcam,Electronics,1,64,15,54.4,0
2025-12-10,4128,159,Jordan Tan,Loyal,Direct,37,Plush Bear,Toys,3,15.95,20,38.28,0
2025-12-10,4129,194,Noel Kowalski,Loyal,Direct,31,Resistance Bands,Sports,1,65.69,0,65.69,0
2025-12-10,4130,222,Ivy Romano,Champion,Social,8,Chino Pants,Apparel,1,64.72,0,64.72,0
2025-12-10,4131,234,Kai Walsh,Loyal,Paid Search,23,Vitamin C Serum,Beauty,1,32.33,5,30.71,0
2025-12-10,4131,234,Kai Walsh,Loyal,Paid Search,34,Running Belt,Sports,1,29.4,10,26.46,0
2025-12-10,4132,240,Morgan Flynn,Regular,Direct,21,Storage Bin,Home,3,28.6,15,72.93,0
2025-12-10,4133,247,Maya Flynn,Regular,Social,25,Sheet Mask,Beauty,2,8.59,0,17.18,0
2025-12-10,4134,262,Drew Park,New,Direct,17,Ceramic Mug,Home,1,54.95,0,54.95,0
2025-12-10,4134,262,Drew Park,New,Direct,11,Phone Case,Electronics,1,22.01,0,22.01,1
2025-12-10,4134,262,Drew Park,New,Direct,10,USB-C Cable,Electronics,2,117.18,0,234.36,0
2025-12-10,4135,270,Casey Ahmed,Loyal,Direct,15,Smart Plug,Electronics,2,110.18,20,176.29,0
2025-12-10,4135,270,Casey Ahmed,Loyal,Direct,17,Ceramic Mug,Home,1,54.95,10,49.46,0
2025-12-10,4135,270,Casey Ahmed,Loyal,Direct,4,Joggers,Apparel,1,42.18,10,37.96,0
2025-12-10,4136,284,Sasha Okafor,Regular,Social,3,Denim Jacket,Apparel,1,65.95,20,52.76,0
2025-12-10,4137,312,Ivy Petrov,Regular,Direct,23,Vitamin C Serum,Beauty,1,32.33,0,32.33,0
2025-12-10,4137,312,Ivy Petrov,Regular,Direct,9,Wireless Earbuds,Electronics,1,94.29,0,94.29,0
2025-12-10,4138,371,Morgan Hassan,Regular,Paid Search,25,Sheet Mask,Beauty,3,8.59,20,20.62,0
2025-12-10,4139,382,Owen Okafor,New,Social,26,Shampoo Bar,Beauty,1,33.06,0,33.06,0
2025-12-10,4139,382,Owen Okafor,New,Social,20,Towel Set,Home,2,19.75,0,39.5,0
2025-12-10,4140,420,Nora Reid,Regular,Referral,9,Wireless Earbuds,Electronics,1,94.29,0,94.29,0
2025-12-10,4140,420,Nora Reid,Regular,Referral,15,Smart Plug,Electronics,1,110.18,0,110.18,0
2025-12-10,4141,422,Iris Mendez,Champion,Social,15,Smart Plug,Electronics,1,110.18,0,110.18,0
2025-12-10,4141,422,Iris Mendez,Champion,Social,11,Phone Case,Electronics,1,22.01,0,22.01,0
2025-12-10,4142,428,Quinn Diaz,Champion,Paid Search,30,Water Bottle,Sports,1,46.55,5,44.22,0
2025-12-10,4142,428,Quinn Diaz,Champion,Paid Search,25,Sheet Mask,Beauty,1,8.59,10,7.73,1
2025-12-10,4142,428,Quinn Diaz,Champion,Paid Search,38,Board Game,Toys,2,37.99,5,72.18,0
2025-12-10,4143,460,Harper Tan,Champion,Email,11,Phone Case,Electronics,1,22.01,10,19.81,0
2025-12-10,4143,460,Harper Tan,Champion,Email,3,Denim Jacket,Apparel,1,65.95,10,59.36,0
2025-12-10,4143,460,Harper Tan,Champion,Email,15,Smart Plug,Electronics,2,110.18,10,198.32,0
2025-12-10,4144,522,Harper Romano,Champion,Referral,5,Socks 3-Pack,Apparel,2,65.81,0,131.62,0
2025-12-10,4145,550,Cole Ibarra,Champion,Organic,25,Sheet Mask,Beauty,1,8.59,5,8.16,0
2025-12-10,4146,563,Taylor Reid,New,Paid Search,11,Phone Case,Electronics,1,22.01,15,18.71,0
2025-12-10,4146,563,Taylor Reid,New,Paid Search,25,Sheet Mask,Beauty,2,8.59,10,15.46,0
2025-12-10,4147,566,Drew Carter,New,Direct,25,Sheet Mask,Beauty,1,8.59,0,8.59,0
2025-12-10,4148,571,Ezra Reid,Regular,Referral,25,Sheet Mask,Beauty,2,8.59,0,17.18,0
2025-12-10,4148,571,Ezra Reid,Regular,Referral,16,Throw Pillow,Home,1,19.11,0,19.11,0
2025-12-10,4149,574,Ezra Sullivan,Loyal,Email,39,RC Car,Toys,3,33.63,0,100.89,0
2025-12-10,4149,574,Ezra Sullivan,Loyal,Email,28,SPF 50 Lotion,Beauty,1,34.44,5,32.72,0
2025-12-10,4150,584,Maya Mendez,Regular,Email,15,Smart Plug,Electronics,1,110.18,0,110.18,0
2025-12-10,4151,590,Leo Okafor,Champion,Direct,31,Resistance Bands,Sports,1,65.69,10,59.12,0
2025-12-10,4152,599,Ezra Carter,Regular,Social,6,Beanie,Apparel,1,30.7,0,30.7,0
2025-12-10,4153,637,Devon Walsh,Regular,Organic,16,Throw Pillow,Home,1,19.11,0,19.11,0
2025-12-10,4154,644,Avery Osei,Loyal,Paid Search,27,Hand Cream,Beauty,3,18.43,0,55.29,0
2025-12-10,4154,644,Avery Osei,Loyal,Paid Search,8,Chino Pants,Apparel,3,64.72,5,184.45,0
2025-12-10,4155,656,Priya Tan,Regular,Social,1,Crew Tee,Apparel,1,53.87,0,53.87,0
2025-12-10,4156,673,Iris Ahmed,Regular,Organic,18,LED Lamp,Home,2,50.85,0,101.7,0
2025-12-10,4157,678,Mateo Cohen,Champion,Social,14,Power Bank,Electronics,1,64.37,10,57.93,0
2025-12-10,4157,678,Mateo Cohen,Champion,Social,14,Power Bank,Electronics,1,64.37,5,61.15,0
2025-12-10,4158,705,Jamie Park,Champion,Paid Search,30,Water Bottle,Sports,2,46.55,10,83.79,0
2025-12-10,4159,713,Wren Costa,Champion,Organic,4,Joggers,Apparel,3,42.18,10,113.89,0
2025-12-10,4159,713,Wren Costa,Champion,Organic,17,Ceramic Mug,Home,2,54.95,25,82.43,0
2025-12-10,4159,713,Wren Costa,Champion,Organic,27,Hand Cream,Beauty,3,18.43,10,49.76,0
2025-12-10,4160,800,Owen Novak,Loyal,Referral,7,Rain Shell,Apparel,1,23.29,0,23.29,0
2025-12-10,4161,831,Kai Bauer,Regular,Referral,36,Puzzle 500pc,Toys,1,44.86,0,44.86,0
2025-12-10,4161,831,Kai Bauer,Regular,Referral,4,Joggers,Apparel,3,42.18,0,126.54,0
2025-12-10,4161,831,Kai Bauer,Regular,Referral,14,Power Bank,Electronics,2,64.37,0,128.74,0
2025-12-10,4162,846,Jamie Novak,Loyal,Email,24,Lip Balm,Beauty,3,36.1,25,81.23,0
2025-12-10,4162,846,Jamie Novak,Loyal,Email,19,Cutting Board,Home,1,53.71,25,40.28,0
2025-12-10,4162,846,Jamie Novak,Loyal,Email,32,Foam Roller,Sports,1,65.98,10,59.38,0
2025-12-10,4163,890,Hugo Tan,Regular,Referral,39,RC Car,Toys,1,33.63,0,33.63,0
2025-12-10,4163,890,Hugo Tan,Regular,Referral,11,Phone Case,Electronics,3,22.01,0,66.03,0
2025-12-10,4164,894,Devon Park,At-Risk,Organic,40,Art Kit,Toys,2,53.64,15,91.19,0
2025-12-10,4164,894,Devon Park,At-Risk,Organic,14,Power Bank,Electronics,1,64.37,15,54.71,0
2025-12-10,4164,894,Devon Park,At-Risk,Organic,23,Vitamin C Serum,Beauty,3,32.33,10,87.29,0
2025-12-10,4164,894,Devon Park,At-Risk,Organic,26,Shampoo Bar,Beauty,2,33.06,15,56.2,0
2025-12-10,4165,915,Riley Park,Champion,Referral,3,Denim Jacket,Apparel,1,65.95,5,62.65,0
2025-12-10,4166,937,Avery Romano,Loyal,Social,40,Art Kit,Toys,2,53.64,0,107.28,0
2025-12-10,4166,937,Avery Romano,Loyal,Social,39,RC Car,Toys,1,33.63,0,33.63,0
2025-12-10,4167,964,Jordan Fischer,Loyal,Referral,8,Chino Pants,Apparel,2,64.72,10,116.5,0
2025-12-11,4168,10,Maya Okafor,Loyal,Paid Search,7,Rain Shell,Apparel,3,23.29,0,69.87,0
2025-12-11,4169,24,Sasha Reid,Champion,Referral,19,Cutting Board,Home,1,53.71,10,48.34,0
2025-12-11,4170,27,Nora Bauer,Champion,Referral,30,Water Bottle,Sports,1,46.55,20,37.24,0
2025-12-11,4170,27,Nora Bauer,Champion,Referral,29,Yoga Mat,Sports,1,24.63,20,19.7,0
2025-12-11,4171,47,Jamie Diaz,Regular,Referral,4,Joggers,Apparel,1,42.18,10,37.96,0
2025-12-11,4172,66,Devon Reyes,Champion,Organic,33,Jump Rope,Sports,3,33.41,10,90.21,1
2025-12-11,4173,94,Maya Diaz,Loyal,Social,8,Chino Pants,Apparel,1,64.72,10,58.25,0
2025-12-11,4174,101,Noel Ibarra,Loyal,Paid Search,18,LED Lamp,Home,1,50.85,15,43.22,1
2025-12-11,4175,104,Tessa Diaz,Regular,Email,26,Shampoo Bar,Beauty,1,33.06,0,33.06,0
2025-12-11,4175,104,Tessa Diaz,Regular,Email,34,Running Belt,Sports,1,29.4,0,29.4,0
2025-12-11,4175,104,Tessa Diaz,Regular,Email,29,Yoga Mat,Sports,1,24.63,0,24.63,1
2025-12-11,4176,116,Wren Mendez,Champion,Email,39,RC Car,Toys,1,33.63,0,33.63,0
2025-12-11,4177,160,Hugo Brooks,Loyal,Paid Search,40,Art Kit,Toys,1,53.64,20,42.91,0
2025-12-11,4178,177,Kai Kowalski,New,Referral,15,Smart Plug,Electronics,2,110.18,0,220.36,0
2025-12-11,4178,177,Kai Kowalski,New,Referral,16,Throw Pillow,Home,1,19.11,0,19.11,0
2025-12-11,4178,177,Kai Kowalski,New,Referral,6,Beanie,Apparel,1,30.7,0,30.7,0
2025-12-11,4178,177,Kai Kowalski,New,Referral,38,Board Game,Toys,1,37.99,0,37.99,0
2025-12-11,4179,249,Harper Patel,Regular,Organic,4,Joggers,Apparel,2,42.18,0,84.36,0
2025-12-11,4180,264,Lila Novak,Regular,Social,38,Board Game,Toys,2,37.99,0,75.98,0
2025-12-11,4180,264,Lila Novak,Regular,Social,32,Foam Roller,Sports,2,65.98,0,131.96,0
2025-12-11,4181,276,Riley Costa,Loyal,Referral,15,Smart Plug,Electronics,2,110.18,10,198.32,0
2025-12-11,4182,334,Tessa Park,Loyal,Organic,35,Building Blocks,Toys,1,32.84,5,31.2,0
2025-12-11,4183,341,Tessa Diaz,At-Risk,Paid Search,7,Rain Shell,Apparel,3,23.29,0,69.87,0
2025-12-11,4183,341,Tessa Diaz,At-Risk,Paid Search,25,Sheet Mask,Beauty,1,8.59,0,8.59,1
2025-12-11,4184,344,Owen Walsh,Regular,Organic,34,Running Belt,Sports,2,29.4,0,58.8,0
2025-12-11,4185,358,Casey Carter,Champion,Organic,18,LED Lamp,Home,1,50.85,0,50.85,0
2025-12-11,4186,375,Taylor Bauer,Loyal,Referral,5,Socks 3-Pack,Apparel,1,65.81,10,59.23,0
2025-12-11,4187,376,Ivy Bauer,Loyal,Paid Search,9,Wireless Earbuds,Electronics,1,94.29,5,89.58,0
2025-12-11,4188,385,Hugo Patel,Loyal,Paid Search,25,Sheet Mask,Beauty,1,8.59,5,8.16,0
2025-12-11,4189,412,Riley Diaz,Regular,Email,27,Hand Cream,Beauty,1,18.43,0,18.43,0
2025-12-11,4190,422,Iris Mendez,Champion,Social,15,Smart Plug,Electronics,3,110.18,5,314.01,0
2025-12-11,4190,422,Iris Mendez,Champion,Social,33,Jump Rope,Sports,1,33.41,0,33.41,0
2025-12-11,4191,437,Lila Marsh,Loyal,Email,40,Art Kit,Toys,1,53.64,10,48.28,0
2025-12-11,4192,492,Drew Petrov,Champion,Social,40,Art Kit,Toys,2,53.64,10,96.55,0
2025-12-11,4192,492,Drew Petrov,Champion,Social,30,Water Bottle,Sports,2,46.55,5,88.45,0
2025-12-11,4192,492,Drew Petrov,Champion,Social,2,Hoodie,Apparel,3,19.91,10,53.76,0
2025-12-11,4193,554,Noel Cohen,Champion,Paid Search,9,Wireless Earbuds,Electronics,1,94.29,10,84.86,0
2025-12-11,4194,580,Priya Okafor,Regular,Social,28,SPF 50 Lotion,Beauty,1,34.44,0,34.44,0
2025-12-11,4195,636,Casey Petrov,Loyal,Organic,38,Board Game,Toys,1,37.99,0,37.99,0
2025-12-11,4196,658,Leo Carter,At-Risk,Social,33,Jump Rope,Sports,1,33.41,0,33.41,0
2025-12-11,4196,658,Leo Carter,At-Risk,Social,33,Jump Rope,Sports,1,33.41,0,33.41,1
2025-12-11,4196,658,Leo Carter,At-Risk,Social,10,USB-C Cable,Electronics,1,117.18,0,117.18,0
2025-12-11,4197,664,Nora Kowalski,At-Risk,Paid Search,38,Board Game,Toys,1,37.99,0,37.99,0
2025-12-11,4197,664,Nora Kowalski,At-Risk,Paid Search,5,Socks 3-Pack,Apparel,1,65.81,0,65.81,0
2025-12-11,4198,704,Owen Nguyen,Champion,Organic,22,Scented Candle,Home,1,18.98,0,18.98,0
2025-12-11,4198,704,Owen Nguyen,Champion,Organic,31,Resistance Bands,Sports,1,65.69,10,59.12,0
2025-12-11,4199,713,Wren Costa,Champion,Organic,34,Running Belt,Sports,1,29.4,5,27.93,0
2025-12-11,4200,754,Tessa Okafor,Regular,Social,38,Board Game,Toys,1,37.99,0,37.99,0
2025-12-11,4200,754,Tessa Okafor,Regular,Social,21,Storage Bin,Home,1,28.6,0,28.6,0
2025-12-11,4201,755,Mateo Mendez,Regular,Referral,4,Joggers,Apparel,3,42.18,0,126.54,0
2025-12-11,4202,793,Hugo Osei,Champion,Social,22,Scented Candle,Home,3,18.98,5,54.09,0
2025-12-11,4202,793,Hugo Osei,Champion,Social,29,Yoga Mat,Sports,1,24.63,0,24.63,0
2025-12-11,4203,805,Cole Costa,Champion,Direct,34,Running Belt,Sports,1,29.4,10,26.46,0
2025-12-11,4203,805,Cole Costa,Champion,Direct,30,Water Bottle,Sports,1,46.55,10,41.9,0
2025-12-11,4204,813,Nora Hassan,Loyal,Referral,29,Yoga Mat,Sports,3,24.63,5,70.2,0
2025-12-11,4205,833,Jamie Hassan,Loyal,Email,10,USB-C Cable,Electronics,1,117.18,10,105.46,0
2025-12-11,4205,833,Jamie Hassan,Loyal,Email,7,Rain Shell,Apparel,1,23.29,25,17.47,0
2025-12-11,4206,874,Avery Marsh,Loyal,Referral,23,Vitamin C Serum,Beauty,3,32.33,0,96.99,0
2025-12-11,4206,874,Avery Marsh,Loyal,Referral,37,Plush Bear,Toys,2,15.95,0,31.9,0
2025-12-11,4206,874,Avery Marsh,Loyal,Referral,37,Plush Bear,Toys,1,15.95,5,15.15,0
2025-12-11,4207,922,Ivy Fischer,Regular,Referral,39,RC Car,Toys,1,33.63,0,33.63,0
2025-12-11,4208,945,Jamie Novak,Champion,Email,15,Smart Plug,Electronics,3,110.18,0,330.54,0
2025-12-11,4209,955,Taylor Yamada,Regular,Referral,23,Vitamin C Serum,Beauty,2,32.33,0,64.66,0
2025-12-11,4209,955,Taylor Yamada,Regular,Referral,11,Phone Case,Electronics,1,22.01,0,22.01,0
2025-12-11,4210,992,Jamie Osei,Loyal,Email,10,USB-C Cable,Electronics,2,117.18,10,210.92,0
2025-12-12,4211,8,Rowan Okafor,Regular,Paid Search,13,Webcam,Electronics,1,64,0,64,0
2025-12-12,4211,8,Rowan Okafor,Regular,Paid Search,3,Denim Jacket,Apparel,1,65.95,0,65.95,0
2025-12-12,4211,8,Rowan Okafor,Regular,Paid Search,34,Running Belt,Sports,1,29.4,0,29.4,0
2025-12-12,4211,8,Rowan Okafor,Regular,Paid Search,40,Art Kit,Toys,2,53.64,0,107.28,0
2025-12-12,4212,33,Ivy Okafor,New,Paid Search,26,Shampoo Bar,Beauty,1,33.06,0,33.06,0
2025-12-12,4213,57,Taylor Mendez,At-Risk,Paid Search,24,Lip Balm,Beauty,2,36.1,0,72.2,0
2025-12-12,4214,66,Devon Reyes,Champion,Organic,14,Power Bank,Electronics,1,64.37,0,64.37,0
2025-12-12,4214,66,Devon Reyes,Champion,Organic,10,USB-C Cable,Electronics,1,117.18,0,117.18,0
2025-12-12,4215,92,Iris Ibarra,Champion,Email,14,Power Bank,Electronics,1,64.37,0,64.37,0
2025-12-12,4216,101,Noel Ibarra,Loyal,Paid Search,20,Towel Set,Home,1,19.75,0,19.75,0
2025-12-12,4217,108,Lila Flynn,Loyal,Email,11,Phone Case,Electronics,2,22.01,20,35.22,0
2025-12-12,4217,108,Lila Flynn,Loyal,Email,5,Socks 3-Pack,Apparel,1,65.81,10,59.23,0
2025-12-12,4218,135,Riley Tan,Regular,Referral,34,Running Belt,Sports,2,29.4,0,58.8,0
2025-12-12,4219,154,Drew Novak,Champion,Paid Search,38,Board Game,Toys,1,37.99,10,34.19,0
2025-12-12,4219,154,Drew Novak,Champion,Paid Search,2,Hoodie,Apparel,1,19.91,5,18.91,0
2025-12-12,4220,156,Hugo Flynn,Champion,Email,27,Hand Cream,Beauty,1,18.43,10,16.59,0
2025-12-12,4221,169,Owen Park,Regular,Referral,5,Socks 3-Pack,Apparel,1,65.81,0,65.81,0
2025-12-12,4221,169,Owen Park,Regular,Referral,20,Towel Set,Home,3,19.75,0,59.25,0
2025-12-12,4222,231,Priya Kowalski,Loyal,Organic,3,Denim Jacket,Apparel,3,65.95,25,148.39,0
2025-12-12,4223,307,Casey Ahmed,Champion,Organic,14,Power Bank,Electronics,1,64.37,10,57.93,0
2025-12-12,4223,307,Casey Ahmed,Champion,Organic,13,Webcam,Electronics,3,64,5,182.4,0
2025-12-12,4223,307,Casey Ahmed,Champion,Organic,17,Ceramic Mug,Home,1,54.95,0,54.95,0
2025-12-12,4224,335,Sasha Petrov,Regular,Social,32,Foam Roller,Sports,1,65.98,25,49.49,0
2025-12-12,4225,392,Leo Reid,At-Risk,Email,5,Socks 3-Pack,Apparel,1,65.81,0,65.81,0
2025-12-12,4225,392,Leo Reid,At-Risk,Email,17,Ceramic Mug,Home,1,54.95,0,54.95,0
2025-12-12,4225,392,Leo Reid,At-Risk,Email,1,Crew Tee,Apparel,1,53.87,0,53.87,0
2025-12-12,4226,405,Tessa Kowalski,Loyal,Organic,2,Hoodie,Apparel,1,19.91,5,18.91,0
2025-12-12,4226,405,Tessa Kowalski,Loyal,Organic,40,Art Kit,Toys,1,53.64,0,53.64,0
2025-12-12,4226,405,Tessa Kowalski,Loyal,Organic,29,Yoga Mat,Sports,2,24.63,5,46.8,0
2025-12-12,4227,409,Cole Osei,Loyal,Direct,24,Lip Balm,Beauty,1,36.1,15,30.69,0
2025-12-12,4227,409,Cole Osei,Loyal,Direct,31,Resistance Bands,Sports,1,65.69,20,52.55,0
2025-12-12,4228,437,Lila Marsh,Loyal,Email,32,Foam Roller,Sports,2,65.98,10,118.76,0
2025-12-12,4228,437,Lila Marsh,Loyal,Email,40,Art Kit,Toys,1,53.64,0,53.64,0
2025-12-12,4228,437,Lila Marsh,Loyal,Email,11,Phone Case,Electronics,2,22.01,0,44.02,0
2025-12-12,4229,461,Lila Tan,Loyal,Social,10,USB-C Cable,Electronics,1,117.18,25,87.89,0
2025-12-12,4230,471,Ivy Fischer,Champion,Email,31,Resistance Bands,Sports,1,65.69,0,65.69,1
2025-12-12,4231,508,Riley Diaz,Loyal,Email,32,Foam Roller,Sports,1,65.98,10,59.38,0
2025-12-12,4232,518,Casey Patel,Loyal,Referral,22,Scented Candle,Home,1,18.98,10,17.08,0
2025-12-12,4233,527,Jamie Fischer,Champion,Referral,33,Jump Rope,Sports,2,33.41,0,66.82,0
2025-12-12,4233,527,Jamie Fischer,Champion,Referral,13,Webcam,Electronics,2,64,10,115.2,0
2025-12-12,4233,527,Jamie Fischer,Champion,Referral,33,Jump Rope,Sports,3,33.41,10,90.21,0
2025-12-12,4234,543,Riley Petrov,New,Email,4,Joggers,Apparel,2,42.18,0,84.36,0
2025-12-12,4234,543,Riley Petrov,New,Email,19,Cutting Board,Home,1,53.71,0,53.71,0
2025-12-12,4235,556,Priya Sullivan,Regular,Referral,7,Rain Shell,Apparel,1,23.29,0,23.29,0
2025-12-12,4236,565,Noel Fischer,Champion,Social,33,Jump Rope,Sports,1,33.41,0,33.41,0
2025-12-12,4236,565,Noel Fischer,Champion,Social,27,Hand Cream,Beauty,2,18.43,0,36.86,0
2025-12-12,4236,565,Noel Fischer,Champion,Social,22,Scented Candle,Home,1,18.98,0,18.98,0
2025-12-12,4236,565,Noel Fischer,Champion,Social,18,LED Lamp,Home,1,50.85,0,50.85,0
2025-12-12,4237,574,Ezra Sullivan,Loyal,Email,19,Cutting Board,Home,1,53.71,10,48.34,0
2025-12-12,4238,579,Lila Novak,Regular,Social,6,Beanie,Apparel,1,30.7,0,30.7,0
2025-12-12,4238,579,Lila Novak,Regular,Social,1,Crew Tee,Apparel,1,53.87,0,53.87,0
2025-12-12,4239,644,Avery Osei,Loyal,Paid Search,14,Power Bank,Electronics,3,64.37,20,154.49,0
2025-12-12,4240,700,Owen Cohen,Champion,Social,35,Building Blocks,Toys,1,32.84,0,32.84,0
2025-12-12,4241,705,Jamie Park,Champion,Paid Search,32,Foam Roller,Sports,2,65.98,10,118.76,0
2025-12-12,4241,705,Jamie Park,Champion,Paid Search,17,Ceramic Mug,Home,1,54.95,5,52.2,0
2025-12-12,4241,705,Jamie Park,Champion,Paid Search,1,Crew Tee,Apparel,1,53.87,0,53.87,0
2025-12-12,4242,715,Sasha Reid,Loyal,Direct,8,Chino Pants,Apparel,3,64.72,5,184.45,0
2025-12-12,4242,715,Sasha Reid,Loyal,Direct,8,Chino Pants,Apparel,2,64.72,0,129.44,0
2025-12-12,4243,722,Avery Petrov,New,Paid Search,32,Foam Roller,Sports,1,65.98,0,65.98,0
2025-12-12,4243,722,Avery Petrov,New,Paid Search,31,Resistance Bands,Sports,1,65.69,0,65.69,0
2025-12-12,4244,760,Kai Novak,Regular,Social,24,Lip Balm,Beauty,3,36.1,20,86.64,0
2025-12-12,4244,760,Kai Novak,Regular,Social,28,SPF 50 Lotion,Beauty,1,34.44,25,25.83,0
2025-12-12,4245,773,Ivy Yamada,Loyal,Email,15,Smart Plug,Electronics,1,110.18,5,104.67,0
2025-12-12,4245,773,Ivy Yamada,Loyal,Email,21,Storage Bin,Home,1,28.6,5,27.17,0
2025-12-12,4245,773,Ivy Yamada,Loyal,Email,18,LED Lamp,Home,1,50.85,0,50.85,0
2025-12-12,4246,819,Nora Mendez,Champion,Paid Search,29,Yoga Mat,Sports,3,24.63,10,66.5,0
2025-12-12,4247,839,Riley Khan,Loyal,Email,12,Bluetooth Speaker,Electronics,1,98.02,5,93.12,0
2025-12-12,4247,839,Riley Khan,Loyal,Email,37,Plush Bear,Toys,1,15.95,10,14.36,0
2025-12-12,4248,845,Jordan Costa,Champion,Email,23,Vitamin C Serum,Beauty,1,32.33,0,32.33,0
2025-12-12,4249,870,Sasha Sullivan,New,Organic,6,Beanie,Apparel,3,30.7,20,73.68,0
2025-12-12,4249,870,Sasha Sullivan,New,Organic,20,Towel Set,Home,1,19.75,20,15.8,0
2025-12-12,4250,893,Kai Sullivan,Loyal,Organic,35,Building Blocks,Toys,2,32.84,10,59.11,0
2025-12-12,4251,940,Avery Flynn,Loyal,Direct,21,Storage Bin,Home,2,28.6,0,57.2,0
2025-12-12,4251,940,Avery Flynn,Loyal,Direct,32,Foam Roller,Sports,1,65.98,0,65.98,0
2025-12-12,4252,949,Quinn Okafor,Champion,Organic,37,Plush Bear,Toys,2,15.95,0,31.9,1
2025-12-12,4252,949,Quinn Okafor,Champion,Organic,15,Smart Plug,Electronics,1,110.18,0,110.18,0
2025-12-12,4253,967,Morgan Fischer,Loyal,Organic,9,Wireless Earbuds,Electronics,3,94.29,5,268.73,0
2025-12-13,4254,19,Rowan Osei,Regular,Organic,14,Power Bank,Electronics,2,64.37,0,128.74,0
2025-12-13,4254,19,Rowan Osei,Regular,Organic,25,Sheet Mask,Beauty,1,8.59,0,8.59,0
2025-12-13,4255,92,Iris Ibarra,Champion,Email,36,Puzzle 500pc,Toys,1,44.86,0,44.86,0
2025-12-13,4255,92,Iris Ibarra,Champion,Email,1,Crew Tee,Apparel,2,53.87,5,102.35,0
2025-12-13,4255,92,Iris Ibarra,Champion,Email,13,Webcam,Electronics,1,64,0,64,0
2025-12-13,4256,115,Cole Ahmed,Champion,Paid Search,10,USB-C Cable,Electronics,1,117.18,10,105.46,0
2025-12-13,4256,115,Cole Ahmed,Champion,Paid Search,31,Resistance Bands,Sports,1,65.69,5,62.41,0
2025-12-13,4256,115,Cole Ahmed,Champion,Paid Search,4,Joggers,Apparel,3,42.18,5,120.21,0
2025-12-13,4257,144,Nora Ibarra,New,Referral,14,Power Bank,Electronics,1,64.37,15,54.71,0
2025-12-13,4257,144,Nora Ibarra,New,Referral,34,Running Belt,Sports,1,29.4,10,26.46,0
2025-12-13,4257,144,Nora Ibarra,New,Referral,19,Cutting Board,Home,1,53.71,10,48.34,0
2025-12-13,4257,144,Nora Ibarra,New,Referral,33,Jump Rope,Sports,1,33.41,20,26.73,0
2025-12-13,4258,145,Iris Yamada,Loyal,Direct,22,Scented Candle,Home,3,18.98,0,56.94,0
2025-12-13,4259,189,Noel Romano,Champion,Organic,32,Foam Roller,Sports,1,65.98,20,52.78,0
2025-12-13,4259,189,Noel Romano,Champion,Organic,40,Art Kit,Toys,1,53.64,20,42.91,0
2025-12-13,4260,228,Priya Reid,Regular,Email,37,Plush Bear,Toys,1,15.95,0,15.95,0
2025-12-13,4260,228,Priya Reid,Regular,Email,3,Denim Jacket,Apparel,1,65.95,0,65.95,0
2025-12-13,4260,228,Priya Reid,Regular,Email,37,Plush Bear,Toys,2,15.95,0,31.9,0
2025-12-13,4261,275,Jordan Fischer,Loyal,Referral,27,Hand Cream,Beauty,3,18.43,5,52.53,0
2025-12-13,4262,293,Tessa Novak,Loyal,Direct,38,Board Game,Toys,1,37.99,25,28.49,0
2025-12-13,4263,334,Tessa Park,Loyal,Organic,27,Hand Cream,Beauty,1,18.43,10,16.59,0
2025-12-13,4264,344,Owen Walsh,Regular,Organic,37,Plush Bear,Toys,1,15.95,0,15.95,0
2025-12-13,4264,344,Owen Walsh,Regular,Organic,18,LED Lamp,Home,1,50.85,0,50.85,0
2025-12-13,4265,358,Casey Carter,Champion,Organic,27,Hand Cream,Beauty,1,18.43,0,18.43,0
2025-12-13,4265,358,Casey Carter,Champion,Organic,22,Scented Candle,Home,1,18.98,0,18.98,0
2025-12-13,4265,358,Casey Carter,Champion,Organic,36,Puzzle 500pc,Toys,1,44.86,5,42.62,0
2025-12-13,4265,358,Casey Carter,Champion,Organic,20,Towel Set,Home,1,19.75,0,19.75,0
2025-12-13,4266,359,Nora Reid,New,Organic,30,Water Bottle,Sports,1,46.55,0,46.55,0
2025-12-13,4267,371,Morgan Hassan,Regular,Paid Search,13,Webcam,Electronics,1,64,25,48,0
2025-12-13,4268,385,Hugo Patel,Loyal,Paid Search,6,Beanie,Apparel,1,30.7,10,27.63,0
2025-12-13,4268,385,Hugo Patel,Loyal,Paid Search,12,Bluetooth Speaker,Electronics,1,98.02,10,88.22,0
2025-12-13,4269,394,Kai Diaz,Champion,Email,39,RC Car,Toys,3,33.63,5,95.85,0
2025-12-13,4270,395,Rowan Hassan,Regular,Referral,14,Power Bank,Electronics,1,64.37,0,64.37,0
2025-12-13,4270,395,Rowan Hassan,Regular,Referral,8,Chino Pants,Apparel,1,64.72,0,64.72,0
2025-12-13,4271,422,Iris Mendez,Champion,Social,26,Shampoo Bar,Beauty,1,33.06,20,26.45,0
2025-12-13,4271,422,Iris Mendez,Champion,Social,35,Building Blocks,Toys,1,32.84,20,26.27,0
2025-12-13,4272,445,Tessa Okafor,Regular,Referral,18,LED Lamp,Home,2,50.85,0,101.7,0
2025-12-13,4273,460,Harper Tan,Champion,Email,17,Ceramic Mug,Home,2,54.95,0,109.9,0
2025-12-13,4273,460,Harper Tan,Champion,Email,31,Resistance Bands,Sports,1,65.69,5,62.41,0
2025-12-13,4273,460,Harper Tan,Champion,Email,39,RC Car,Toys,3,33.63,5,95.85,0
2025-12-13,4274,465,Drew Flynn,Regular,Email,27,Hand Cream,Beauty,1,18.43,0,18.43,0
2025-12-13,4275,470,Ezra Tan,Champion,Social,33,Jump Rope,Sports,1,33.41,20,26.73,0
2025-12-13,4276,477,Wren Romano,Loyal,Organic,28,SPF 50 Lotion,Beauty,1,34.44,0,34.44,0
2025-12-13,4276,477,Wren Romano,Loyal,Organic,35,Building Blocks,Toys,3,32.84,0,98.52,0
2025-12-13,4277,482,Jordan Mendez,Loyal,Email,24,Lip Balm,Beauty,2,36.1,5,68.59,0
2025-12-13,4277,482,Jordan Mendez,Loyal,Email,17,Ceramic Mug,Home,2,54.95,0,109.9,0
2025-12-13,4278,529,Drew Novak,Regular,Social,3,Denim Jacket,Apparel,1,65.95,0,65.95,0
2025-12-13,4278,529,Drew Novak,Regular,Social,1,Crew Tee,Apparel,3,53.87,0,161.61,0
2025-12-13,4279,572,Iris Reyes,At-Risk,Social,3,Denim Jacket,Apparel,1,65.95,0,65.95,0
2025-12-13,4279,572,Iris Reyes,At-Risk,Social,1,Crew Tee,Apparel,1,53.87,0,53.87,0
2025-12-13,4280,611,Jamie Osei,Regular,Paid Search,29,Yoga Mat,Sports,3,24.63,0,73.89,0
2025-12-13,4280,611,Jamie Osei,Regular,Paid Search,28,SPF 50 Lotion,Beauty,1,34.44,0,34.44,0
2025-12-13,4280,611,Jamie Osei,Regular,Paid Search,24,Lip Balm,Beauty,1,36.1,0,36.1,0
2025-12-13,4280,611,Jamie Osei,Regular,Paid Search,19,Cutting Board,Home,1,53.71,0,53.71,0
2025-12-13,4281,627,Hugo Sullivan,Champion,Paid Search,37,Plush Bear,Toys,2,15.95,10,28.71,0
2025-12-13,4281,627,Hugo Sullivan,Champion,Paid Search,11,Phone Case,Electronics,1,22.01,0,22.01,0
2025-12-13,4282,651,Leo Petrov,Champion,Organic,12,Bluetooth Speaker,Electronics,1,98.02,10,88.22,0
2025-12-13,4282,651,Leo Petrov,Champion,Organic,27,Hand Cream,Beauty,1,18.43,20,14.74,0
2025-12-13,4283,665,Ezra Khan,Regular,Organic,17,Ceramic Mug,Home,1,54.95,0,54.95,0
2025-12-13,4284,683,Owen Patel,Loyal,Email,19,Cutting Board,Home,1,53.71,25,40.28,0
2025-12-13,4285,718,Devon Tan,Regular,Paid Search,13,Webcam,Electronics,1,64,0,64,0
2025-12-13,4285,718,Devon Tan,Regular,Paid Search,16,Throw Pillow,Home,1,19.11,0,19.11,0
2025-12-13,4286,731,Wren Reyes,Regular,Social,9,Wireless Earbuds,Electronics,1,94.29,0,94.29,0
2025-12-13,4287,744,Quinn Ahmed,Loyal,Email,36,Puzzle 500pc,Toys,2,44.86,10,80.75,0
2025-12-13,4287,744,Quinn Ahmed,Loyal,Email,28,SPF 50 Lotion,Beauty,1,34.44,10,31,0
2025-12-13,4287,744,Quinn Ahmed,Loyal,Email,7,Rain Shell,Apparel,2,23.29,25,34.94,0
2025-12-13,4288,760,Kai Novak,Regular,Social,31,Resistance Bands,Sports,1,65.69,0,65.69,0
2025-12-13,4289,789,Harper Sullivan,Loyal,Email,13,Webcam,Electronics,3,64,10,172.8,0
2025-12-13,4289,789,Harper Sullivan,Loyal,Email,37,Plush Bear,Toys,1,15.95,10,14.36,0
2025-12-13,4289,789,Harper Sullivan,Loyal,Email,36,Puzzle 500pc,Toys,1,44.86,25,33.64,0
2025-12-13,4289,789,Harper Sullivan,Loyal,Email,19,Cutting Board,Home,2,53.71,20,85.94,0
2025-12-13,4290,793,Hugo Osei,Champion,Social,14,Power Bank,Electronics,1,64.37,0,64.37,0
2025-12-13,4290,793,Hugo Osei,Champion,Social,8,Chino Pants,Apparel,1,64.72,0,64.72,0
2025-12-13,4291,799,Lila Brooks,Loyal,Referral,40,Art Kit,Toys,2,53.64,0,107.28,0
2025-12-13,4291,799,Lila Brooks,Loyal,Referral,8,Chino Pants,Apparel,3,64.72,0,194.16,0
2025-12-13,4291,799,Lila Brooks,Loyal,Referral,22,Scented Candle,Home,3,18.98,0,56.94,0
2025-12-13,4291,799,Lila Brooks,Loyal,Referral,20,Towel Set,Home,2,19.75,10,35.55,0
2025-12-13,4292,819,Nora Mendez,Champion,Paid Search,30,Water Bottle,Sports,1,46.55,10,41.9,0
2025-12-13,4293,827,Harper Larsen,At-Risk,Social,31,Resistance Bands,Sports,1,65.69,0,65.69,1
2025-12-13,4294,828,Sasha Walsh,At-Risk,Direct,1,Crew Tee,Apparel,1,53.87,0,53.87,0
2025-12-13,4295,832,Rowan Yamada,New,Referral,19,Cutting Board,Home,3,53.71,20,128.9,0
2025-12-13,4296,846,Jamie Novak,Loyal,Email,28,SPF 50 Lotion,Beauty,1,34.44,10,31,0
2025-12-13,4297,897,Wren Khan,Loyal,Paid Search,40,Art Kit,Toys,1,53.64,10,48.28,0
2025-12-13,4298,904,Harper Hassan,New,Social,5,Socks 3-Pack,Apparel,1,65.81,15,55.94,0
2025-12-13,4299,937,Avery Romano,Loyal,Social,12,Bluetooth Speaker,Electronics,1,98.02,0,98.02,0
2025-12-13,4300,940,Avery Flynn,Loyal,Direct,26,Shampoo Bar,Beauty,1,33.06,10,29.75,1
2025-12-13,4301,960,Wren Mendez,Champion,Social,33,Jump Rope,Sports,1,33.41,5,31.74,0
2025-12-13,4301,960,Wren Mendez,Champion,Social,32,Foam Roller,Sports,1,65.98,0,65.98,0
2025-12-13,4302,963,Cole Tan,New,Paid Search,38,Board Game,Toys,3,37.99,0,113.97,0
2025-12-13,4302,963,Cole Tan,New,Paid Search,17,Ceramic Mug,Home,1,54.95,0,54.95,0
2025-12-13,4302,963,Cole Tan,New,Paid Search,15,Smart Plug,Electronics,2,110.18,0,220.36,0
2025-12-13,4302,963,Cole Tan,New,Paid Search,20,Towel Set,Home,1,19.75,0,19.75,0
2025-12-13,4303,990,Hugo Reid,New,Referral,18,LED Lamp,Home,1,50.85,0,50.85,0
2025-12-13,4303,990,Hugo Reid,New,Referral,31,Resistance Bands,Sports,1,65.69,0,65.69,0
2025-12-13,4303,990,Hugo Reid,New,Referral,6,Beanie,Apparel,3,30.7,0,92.1,0
2025-12-13,4303,990,Hugo Reid,New,Referral,25,Sheet Mask,Beauty,3,8.59,0,25.77,1
2025-12-13,4304,995,Kai Tan,Champion,Organic,33,Jump Rope,Sports,1,33.41,0,33.41,1
2025-12-14,4305,32,Owen Tan,Regular,Email,40,Art Kit,Toys,2,53.64,10,96.55,0
2025-12-14,4306,45,Quinn Bauer,Regular,Paid Search,25,Sheet Mask,Beauty,3,8.59,0,25.77,0
2025-12-14,4307,48,Priya Yamada,Champion,Paid Search,15,Smart Plug,Electronics,1,110.18,5,104.67,0
2025-12-14,4308,77,Devon Okafor,Regular,Email,37,Plush Bear,Toys,1,15.95,25,11.96,0
2025-12-14,4308,77,Devon Okafor,Regular,Email,8,Chino Pants,Apparel,1,64.72,10,58.25,0
2025-12-14,4309,92,Iris Ibarra,Champion,Email,22,Scented Candle,Home,1,18.98,0,18.98,0
2025-12-14,4309,92,Iris Ibarra,Champion,Email,19,Cutting Board,Home,3,53.71,0,161.13,0
2025-12-14,4310,114,Avery Marsh,Loyal,Social,14,Power Bank,Electronics,1,64.37,15,54.71,0
2025-12-14,4311,115,Cole Ahmed,Champion,Paid Search,17,Ceramic Mug,Home,1,54.95,10,49.46,0
2025-12-14,4311,115,Cole Ahmed,Champion,Paid Search,17,Ceramic Mug,Home,1,54.95,10,49.46,0
2025-12-14,4312,116,Wren Mendez,Champion,Email,34,Running Belt,Sports,1,29.4,0,29.4,0
2025-12-14,4313,121,Kai Nguyen,Loyal,Direct,35,Building Blocks,Toys,1,32.84,20,26.27,0
2025-12-14,4314,124,Ezra Kowalski,Champion,Social,7,Rain Shell,Apparel,1,23.29,10,20.96,0
2025-12-14,4315,148,Quinn Patel,New,Organic,35,Building Blocks,Toys,1,32.84,0,32.84,0
2025-12-14,4315,148,Quinn Patel,New,Organic,9,Wireless Earbuds,Electronics,3,94.29,0,282.87,0
2025-12-14,4315,148,Quinn Patel,New,Organic,9,Wireless Earbuds,Electronics,1,94.29,0,94.29,0
2025-12-14,4315,148,Quinn Patel,New,Organic,8,Chino Pants,Apparel,2,64.72,0,129.44,0
2025-12-14,4316,186,Kai Novak,Loyal,Organic,34,Running Belt,Sports,1,29.4,0,29.4,0
2025-12-14,4317,190,Maya Okafor,Regular,Referral,31,Resistance Bands,Sports,3,65.69,0,197.07,0
2025-12-14,4317,190,Maya Okafor,Regular,Referral,18,LED Lamp,Home,1,50.85,0,50.85,0
2025-12-14,4317,190,Maya Okafor,Regular,Referral,7,Rain Shell,Apparel,2,23.29,0,46.58,0
2025-12-14,4317,190,Maya Okafor,Regular,Referral,8,Chino Pants,Apparel,1,64.72,0,64.72,0
2025-12-14,4318,295,Priya Diaz,Champion,Paid Search,9,Wireless Earbuds,Electronics,1,94.29,5,89.58,0
2025-12-14,4318,295,Priya Diaz,Champion,Paid Search,8,Chino Pants,Apparel,1,64.72,0,64.72,0
2025-12-14,4319,302,Drew Mendez,Regular,Referral,30,Water Bottle,Sports,1,46.55,0,46.55,0
2025-12-14,4320,306,Harper Romano,At-Risk,Email,19,Cutting Board,Home,1,53.71,0,53.71,0
2025-12-14,4320,306,Harper Romano,At-Risk,Email,34,Running Belt,Sports,1,29.4,0,29.4,0
2025-12-14,4321,375,Taylor Bauer,Loyal,Referral,4,Joggers,Apparel,1,42.18,15,35.85,0
2025-12-14,4321,375,Taylor Bauer,Loyal,Referral,35,Building Blocks,Toys,3,32.84,15,83.74,0
2025-12-14,4322,394,Kai Diaz,Champion,Email,37,Plush Bear,Toys,1,15.95,15,13.56,0
2025-12-14,4322,394,Kai Diaz,Champion,Email,36,Puzzle 500pc,Toys,1,44.86,10,40.37,0
2025-12-14,4322,394,Kai Diaz,Champion,Email,3,Denim Jacket,Apparel,1,65.95,15,56.06,0
2025-12-14,4323,411,Nora Hassan,Regular,Social,10,USB-C Cable,Electronics,1,117.18,0,117.18,0
2025-12-14,4324,413,Nora Park,Regular,Organic,13,Webcam,Electronics,1,64,0,64,0
2025-12-14,4325,459,Hugo Romano,New,Direct,39,RC Car,Toys,1,33.63,10,30.27,0
2025-12-14,4326,479,Leo Ibarra,Loyal,Referral,39,RC Car,Toys,1,33.63,0,33.63,0
2025-12-14,4326,479,Leo Ibarra,Loyal,Referral,24,Lip Balm,Beauty,1,36.1,5,34.3,0
2025-12-14,4327,482,Jordan Mendez,Loyal,Email,38,Board Game,Toys,1,37.99,0,37.99,0
2025-12-14,4328,510,Drew Cohen,Loyal,Email,35,Building Blocks,Toys,1,32.84,10,29.56,0
2025-12-14,4328,510,Drew Cohen,Loyal,Email,1,Crew Tee,Apparel,3,53.87,0,161.61,0
2025-12-14,4329,535,Taylor Patel,Loyal,Referral,29,Yoga Mat,Sports,1,24.63,10,22.17,0
2025-12-14,4330,543,Riley Petrov,New,Email,5,Socks 3-Pack,Apparel,1,65.81,0,65.81,0
2025-12-14,4330,543,Riley Petrov,New,Email,27,Hand Cream,Beauty,1,18.43,0,18.43,0
2025-12-14,4331,550,Cole Ibarra,Champion,Organic,18,LED Lamp,Home,1,50.85,10,45.77,0
2025-12-14,4331,550,Cole Ibarra,Champion,Organic,6,Beanie,Apparel,2,30.7,0,61.4,0
2025-12-14,4331,550,Cole Ibarra,Champion,Organic,39,RC Car,Toys,1,33.63,5,31.95,0
2025-12-14,4332,567,Avery Bauer,Loyal,Organic,13,Webcam,Electronics,1,64,0,64,0
2025-12-14,4332,567,Avery Bauer,Loyal,Organic,2,Hoodie,Apparel,1,19.91,0,19.91,0
2025-12-14,4333,576,Noel Petrov,Loyal,Paid Search,27,Hand Cream,Beauty,1,18.43,0,18.43,0
2025-12-14,4334,640,Avery Romano,Champion,Organic,23,Vitamin C Serum,Beauty,1,32.33,5,30.71,0
2025-12-14,4335,647,Jordan Fischer,Loyal,Organic,7,Rain Shell,Apparel,2,23.29,5,44.25,0
2025-12-14,4335,647,Jordan Fischer,Loyal,Organic,23,Vitamin C Serum,Beauty,1,32.33,0,32.33,0
2025-12-14,4336,713,Wren Costa,Champion,Organic,24,Lip Balm,Beauty,1,36.1,10,32.49,0
2025-12-14,4337,755,Mateo Mendez,Regular,Referral,31,Resistance Bands,Sports,1,65.69,0,65.69,0
2025-12-14,4337,755,Mateo Mendez,Regular,Referral,2,Hoodie,Apparel,2,19.91,0,39.82,0
2025-12-14,4338,799,Lila Brooks,Loyal,Referral,22,Scented Candle,Home,3,18.98,10,51.25,0
2025-12-14,4339,800,Owen Novak,Loyal,Referral,16,Throw Pillow,Home,1,19.11,0,19.11,0
2025-12-14,4339,800,Owen Novak,Loyal,Referral,1,Crew Tee,Apparel,1,53.87,0,53.87,0
2025-12-14,4339,800,Owen Novak,Loyal,Referral,1,Crew Tee,Apparel,1,53.87,0,53.87,0
2025-12-14,4340,817,Jordan Carter,Loyal,Referral,31,Resistance Bands,Sports,1,65.69,10,59.12,0
2025-12-14,4340,817,Jordan Carter,Loyal,Referral,18,LED Lamp,Home,1,50.85,10,45.77,0
2025-12-14,4340,817,Jordan Carter,Loyal,Referral,37,Plush Bear,Toys,1,15.95,10,14.36,0
2025-12-14,4341,857,Noel Osei,Champion,Referral,36,Puzzle 500pc,Toys,3,44.86,0,134.58,0
2025-12-14,4341,857,Noel Osei,Champion,Referral,37,Plush Bear,Toys,1,15.95,0,15.95,0
2025-12-14,4341,857,Noel Osei,Champion,Referral,33,Jump Rope,Sports,1,33.41,5,31.74,0
2025-12-14,4342,861,Mateo Sullivan,At-Risk,Referral,21,Storage Bin,Home,1,28.6,20,22.88,1
2025-12-14,4342,861,Mateo Sullivan,At-Risk,Referral,8,Chino Pants,Apparel,1,64.72,20,51.78,0
2025-12-14,4343,862,Ezra Patel,Regular,Paid Search,33,Jump Rope,Sports,1,33.41,0,33.41,0
2025-12-14,4344,865,Rowan Costa,Champion,Referral,21,Storage Bin,Home,1,28.6,10,25.74,0
2025-12-14,4344,865,Rowan Costa,Champion,Referral,5,Socks 3-Pack,Apparel,1,65.81,10,59.23,0
2025-12-14,4345,905,Devon Fischer,Regular,Referral,5,Socks 3-Pack,Apparel,2,65.81,0,131.62,0
2025-12-14,4346,975,Jordan Park,Loyal,Paid Search,39,RC Car,Toys,1,33.63,15,28.59,0
2025-12-14,4346,975,Jordan Park,Loyal,Paid Search,14,Power Bank,Electronics,1,64.37,25,48.28,0
2025-12-14,4347,987,Jordan Sullivan,Champion,Paid Search,28,SPF 50 Lotion,Beauty,2,34.44,20,55.1,0
2025-12-15,4348,11,Cole Marsh,Regular,Referral,33,Jump Rope,Sports,1,33.41,0,33.41,1
2025-12-15,4349,31,Harper Ibarra,Regular,Email,24,Lip Balm,Beauty,1,36.1,0,36.1,0
2025-12-15,4350,39,Mateo Larsen,At-Risk,Referral,38,Board Game,Toys,1,37.99,0,37.99,0
2025-12-15,4351,42,Cole Reyes,Champion,Email,17,Ceramic Mug,Home,2,54.95,10,98.91,0
2025-12-15,4351,42,Cole Reyes,Champion,Email,25,Sheet Mask,Beauty,3,8.59,0,25.77,0
2025-12-15,4351,42,Cole Reyes,Champion,Email,36,Puzzle 500pc,Toys,1,44.86,0,44.86,0
2025-12-15,4352,116,Wren Mendez,Champion,Email,13,Webcam,Electronics,1,64,5,60.8,0
2025-12-15,4352,116,Wren Mendez,Champion,Email,37,Plush Bear,Toys,2,15.95,0,31.9,0
2025-12-15,4352,116,Wren Mendez,Champion,Email,35,Building Blocks,Toys,2,32.84,10,59.11,0
2025-12-15,4353,184,Kai Ahmed,Champion,Organic,24,Lip Balm,Beauty,1,36.1,0,36.1,0
2025-12-15,4354,185,Kai Bauer,Loyal,Direct,34,Running Belt,Sports,2,29.4,10,52.92,0
2025-12-15,4354,185,Kai Bauer,Loyal,Direct,29,Yoga Mat,Sports,1,24.63,5,23.4,0
2025-12-15,4355,231,Priya Kowalski,Loyal,Organic,13,Webcam,Electronics,1,64,10,57.6,0
2025-12-15,4356,271,Nora Bauer,Loyal,Email,10,USB-C Cable,Electronics,1,117.18,0,117.18,0
2025-12-15,4357,290,Wren Okafor,Regular,Email,12,Bluetooth Speaker,Electronics,3,98.02,0,294.06,0
2025-12-15,4357,290,Wren Okafor,Regular,Email,3,Denim Jacket,Apparel,1,65.95,0,65.95,0
2025-12-15,4358,386,Rowan Mendez,Loyal,Referral,39,RC Car,Toys,1,33.63,0,33.63,0
2025-12-15,4359,429,Jamie Okafor,Champion,Email,23,Vitamin C Serum,Beauty,1,32.33,0,32.33,0
2025-12-15,4360,451,Casey Mendez,Regular,Referral,16,Throw Pillow,Home,1,19.11,0,19.11,0
2025-12-15,4360,451,Casey Mendez,Regular,Referral,39,RC Car,Toys,2,33.63,0,67.26,0
2025-12-15,4360,451,Casey Mendez,Regular,Referral,40,Art Kit,Toys,1,53.64,0,53.64,0
2025-12-15,4360,451,Casey Mendez,Regular,Referral,32,Foam Roller,Sports,1,65.98,0,65.98,0
2025-12-15,4361,461,Lila Tan,Loyal,Social,16,Throw Pillow,Home,1,19.11,0,19.11,0
2025-12-15,4362,463,Jamie Hassan,Regular,Social,29,Yoga Mat,Sports,1,24.63,0,24.63,0
2025-12-15,4363,471,Ivy Fischer,Champion,Email,27,Hand Cream,Beauty,1,18.43,0,18.43,0
2025-12-15,4364,479,Leo Ibarra,Loyal,Referral,16,Throw Pillow,Home,2,19.11,10,34.4,0
2025-12-15,4365,489,Quinn Tan,New,Direct,34,Running Belt,Sports,1,29.4,0,29.4,0
2025-12-15,4365,489,Quinn Tan,New,Direct,23,Vitamin C Serum,Beauty,1,32.33,0,32.33,0
2025-12-15,4365,489,Quinn Tan,New,Direct,19,Cutting Board,Home,1,53.71,0,53.71,0
2025-12-15,4365,489,Quinn Tan,New,Direct,11,Phone Case,Electronics,1,22.01,0,22.01,0
2025-12-15,4366,565,Noel Fischer,Champion,Social,31,Resistance Bands,Sports,1,65.69,0,65.69,0
2025-12-15,4367,571,Ezra Reid,Regular,Referral,21,Storage Bin,Home,3,28.6,0,85.8,0
2025-12-15,4367,571,Ezra Reid,Regular,Referral,15,Smart Plug,Electronics,1,110.18,0,110.18,0
2025-12-15,4368,630,Casey Sullivan,New,Email,3,Denim Jacket,Apparel,1,65.95,0,65.95,0
2025-12-15,4368,630,Casey Sullivan,New,Email,1,Crew Tee,Apparel,2,53.87,0,107.74,0
2025-12-15,4369,639,Devon Yamada,Regular,Direct,5,Socks 3-Pack,Apparel,3,65.81,0,197.43,0
2025-12-15,4370,678,Mateo Cohen,Champion,Social,4,Joggers,Apparel,3,42.18,0,126.54,0
2025-12-15,4371,679,Owen Park,Loyal,Paid Search,10,USB-C Cable,Electronics,1,117.18,15,99.6,0
2025-12-15,4371,679,Owen Park,Loyal,Paid Search,1,Crew Tee,Apparel,1,53.87,10,48.48,0
2025-12-15,4372,707,Lila Bauer,Regular,Organic,13,Webcam,Electronics,1,64,0,64,0
2025-12-15,4372,707,Lila Bauer,Regular,Organic,37,Plush Bear,Toys,1,15.95,0,15.95,0
2025-12-15,4372,707,Lila Bauer,Regular,Organic,23,Vitamin C Serum,Beauty,1,32.33,0,32.33,0
2025-12-15,4373,745,Devon Carter,Loyal,Email,3,Denim Jacket,Apparel,1,65.95,5,62.65,0
2025-12-15,4373,745,Devon Carter,Loyal,Email,21,Storage Bin,Home,1,28.6,0,28.6,0
2025-12-15,4374,764,Jordan Flynn,Loyal,Referral,29,Yoga Mat,Sports,2,24.63,15,41.87,0
2025-12-15,4374,764,Jordan Flynn,Loyal,Referral,12,Bluetooth Speaker,Electronics,1,98.02,15,83.32,1
2025-12-15,4375,843,Leo Patel,New,Direct,35,Building Blocks,Toys,2,32.84,25,49.26,0
2025-12-15,4376,848,Sasha Carter,Loyal,Paid Search,8,Chino Pants,Apparel,1,64.72,0,64.72,0
2025-12-15,4377,857,Noel Osei,Champion,Referral,13,Webcam,Electronics,1,64,10,57.6,0
2025-12-15,4377,857,Noel Osei,Champion,Referral,30,Water Bottle,Sports,1,46.55,0,46.55,0
2025-12-15,4378,918,Owen Okafor,Loyal,Direct,22,Scented Candle,Home,2,18.98,10,34.16,0
2025-12-15,4379,928,Ivy Sullivan,Loyal,Referral,10,USB-C Cable,Electronics,3,117.18,10,316.39,0
2025-12-15,4380,960,Wren Mendez,Champion,Social,35,Building Blocks,Toys,1,32.84,5,31.2,0
2025-12-15,4380,960,Wren Mendez,Champion,Social,24,Lip Balm,Beauty,2,36.1,10,64.98,0
2025-12-15,4380,960,Wren Mendez,Champion,Social,10,USB-C Cable,Electronics,2,117.18,10,210.92,0
2025-12-15,4380,960,Wren Mendez,Champion,Social,22,Scented Candle,Home,2,18.98,0,37.96,0
2025-12-15,4381,985,Rowan Petrov,Loyal,Paid Search,32,Foam Roller,Sports,2,65.98,0,131.96,0
2025-12-15,4381,985,Rowan Petrov,Loyal,Paid Search,3,Denim Jacket,Apparel,1,65.95,0,65.95,0
2025-12-15,4381,985,Rowan Petrov,Loyal,Paid Search,2,Hoodie,Apparel,1,19.91,10,17.92,0
2025-12-15,4381,985,Rowan Petrov,Loyal,Paid Search,15,Smart Plug,Electronics,1,110.18,5,104.67,0
2025-12-15,4382,987,Jordan Sullivan,Champion,Paid Search,19,Cutting Board,Home,1,53.71,0,53.71,0
2025-12-16,4383,19,Rowan Osei,Regular,Organic,30,Water Bottle,Sports,1,46.55,0,46.55,0
2025-12-16,4383,19,Rowan Osei,Regular,Organic,25,Sheet Mask,Beauty,2,8.59,0,17.18,0
2025-12-16,4384,40,Owen Fischer,Regular,Direct,20,Towel Set,Home,2,19.75,0,39.5,0
2025-12-16,4384,40,Owen Fischer,Regular,Direct,32,Foam Roller,Sports,1,65.98,0,65.98,0
2025-12-16,4385,48,Priya Yamada,Champion,Paid Search,3,Denim Jacket,Apparel,1,65.95,10,59.36,0
2025-12-16,4386,49,Nora Romano,Loyal,Direct,22,Scented Candle,Home,1,18.98,10,17.08,0
2025-12-16,4387,62,Noel Novak,Loyal,Organic,12,Bluetooth Speaker,Electronics,2,98.02,25,147.03,0
2025-12-16,4387,62,Noel Novak,Loyal,Organic,1,Crew Tee,Apparel,1,53.87,25,40.4,0
2025-12-16,4388,63,Cole Bauer,Champion,Organic,23,Vitamin C Serum,Beauty,2,32.33,5,61.43,0
2025-12-16,4389,66,Devon Reyes,Champion,Organic,34,Running Belt,Sports,1,29.4,0,29.4,0
2025-12-16,4389,66,Devon Reyes,Champion,Organic,17,Ceramic Mug,Home,3,54.95,10,148.37,0
2025-12-16,4390,70,Jordan Cohen,Regular,Referral,30,Water Bottle,Sports,1,46.55,0,46.55,0
2025-12-16,4391,76,Owen Flynn,Champion,Direct,28,SPF 50 Lotion,Beauty,3,34.44,20,82.66,0
2025-12-16,4392,94,Maya Diaz,Loyal,Social,20,Towel Set,Home,2,19.75,0,39.5,0
2025-12-16,4392,94,Maya Diaz,Loyal,Social,27,Hand Cream,Beauty,1,18.43,5,17.51,0
2025-12-16,4393,117,Noel Larsen,Regular,Paid Search,22,Scented Candle,Home,1,18.98,0,18.98,0
2025-12-16,4394,144,Nora Ibarra,New,Referral,33,Jump Rope,Sports,3,33.41,0,100.23,0
2025-12-16,4395,173,Tessa Flynn,At-Risk,Social,32,Foam Roller,Sports,1,65.98,0,65.98,0
2025-12-16,4395,173,Tessa Flynn,At-Risk,Social,22,Scented Candle,Home,1,18.98,0,18.98,1
2025-12-16,4396,174,Drew Costa,Champion,Social,39,RC Car,Toys,3,33.63,5,95.85,0
2025-12-16,4396,174,Drew Costa,Champion,Social,22,Scented Candle,Home,1,18.98,0,18.98,0
2025-12-16,4397,204,Jamie Kowalski,Loyal,Email,3,Denim Jacket,Apparel,1,65.95,10,59.36,0
2025-12-16,4397,204,Jamie Kowalski,Loyal,Email,26,Shampoo Bar,Beauty,2,33.06,0,66.12,0
2025-12-16,4398,247,Maya Flynn,Regular,Social,13,Webcam,Electronics,1,64,0,64,0
2025-12-16,4399,305,Wren Park,Loyal,Social,4,Joggers,Apparel,1,42.18,0,42.18,0
2025-12-16,4400,307,Casey Ahmed,Champion,Organic,6,Beanie,Apparel,1,30.7,20,24.56,0
2025-12-16,4400,307,Casey Ahmed,Champion,Organic,8,Chino Pants,Apparel,1,64.72,15,55.01,0
2025-12-16,4400,307,Casey Ahmed,Champion,Organic,14,Power Bank,Electronics,1,64.37,15,54.71,0
2025-12-16,4401,334,Tessa Park,Loyal,Organic,34,Running Belt,Sports,1,29.4,10,26.46,0
2025-12-16,4402,363,Iris Carter,Regular,Organic,32,Foam Roller,Sports,1,65.98,10,59.38,0
2025-12-16,4402,363,Iris Carter,Regular,Organic,23,Vitamin C Serum,Beauty,1,32.33,15,27.48,0
2025-12-16,4403,380,Quinn Bauer,Champion,Referral,20,Towel Set,Home,2,19.75,5,37.53,0
2025-12-16,4404,385,Hugo Patel,Loyal,Paid Search,28,SPF 50 Lotion,Beauty,2,34.44,10,61.99,0
2025-12-16,4404,385,Hugo Patel,Loyal,Paid Search,24,Lip Balm,Beauty,1,36.1,25,27.08,0
2025-12-16,4405,401,Priya Ahmed,Loyal,Referral,28,SPF 50 Lotion,Beauty,2,34.44,0,68.88,0
2025-12-16,4406,411,Nora Hassan,Regular,Social,15,Smart Plug,Electronics,1,110.18,0,110.18,0
2025-12-16,4407,442,Drew Flynn,Loyal,Organic,21,Storage Bin,Home,2,28.6,10,51.48,0
2025-12-16,4407,442,Drew Flynn,Loyal,Organic,16,Throw Pillow,Home,2,19.11,20,30.58,0
2025-12-16,4407,442,Drew Flynn,Loyal,Organic,39,RC Car,Toys,1,33.63,25,25.22,0
2025-12-16,4407,442,Drew Flynn,Loyal,Organic,25,Sheet Mask,Beauty,1,8.59,10,7.73,0
2025-12-16,4408,449,Leo Fischer,Regular,Social,4,Joggers,Apparel,1,42.18,0,42.18,0
2025-12-16,4409,462,Leo Petrov,Champion,Referral,22,Scented Candle,Home,2,18.98,0,37.96,0
2025-12-16,4410,470,Ezra Tan,Champion,Social,1,Crew Tee,Apparel,1,53.87,0,53.87,0
2025-12-16,4411,474,Iris Hassan,Loyal,Direct,8,Chino Pants,Apparel,1,64.72,10,58.25,0
2025-12-16,4411,474,Iris Hassan,Loyal,Direct,38,Board Game,Toys,2,37.99,5,72.18,0
2025-12-16,4411,474,Iris Hassan,Loyal,Direct,32,Foam Roller,Sports,1,65.98,10,59.38,0
2025-12-16,4412,509,Devon Bauer,New,Paid Search,13,Webcam,Electronics,2,64,0,128,0
2025-12-16,4412,509,Devon Bauer,New,Paid Search,13,Webcam,Electronics,1,64,0,64,0
2025-12-16,4413,582,Taylor Park,Regular,Direct,6,Beanie,Apparel,2,30.7,0,61.4,0
2025-12-16,4413,582,Taylor Park,Regular,Direct,25,Sheet Mask,Beauty,3,8.59,0,25.77,0
2025-12-16,4413,582,Taylor Park,Regular,Direct,14,Power Bank,Electronics,1,64.37,0,64.37,0
2025-12-16,4414,583,Lila Diaz,Loyal,Direct,33,Jump Rope,Sports,1,33.41,0,33.41,0
2025-12-16,4414,583,Lila Diaz,Loyal,Direct,37,Plush Bear,Toys,1,15.95,0,15.95,0
2025-12-16,4414,583,Lila Diaz,Loyal,Direct,10,USB-C Cable,Electronics,1,117.18,10,105.46,0
2025-12-16,4415,590,Leo Okafor,Champion,Direct,9,Wireless Earbuds,Electronics,1,94.29,25,70.72,0
2025-12-16,4416,605,Jamie Carter,Loyal,Direct,12,Bluetooth Speaker,Electronics,1,98.02,25,73.52,1
2025-12-16,4417,705,Jamie Park,Champion,Paid Search,3,Denim Jacket,Apparel,1,65.95,10,59.36,0
2025-12-16,4417,705,Jamie Park,Champion,Paid Search,23,Vitamin C Serum,Beauty,1,32.33,0,32.33,0
2025-12-16,4418,725,Sasha Okafor,Regular,Direct,12,Bluetooth Speaker,Electronics,3,98.02,0,294.06,0
2025-12-16,4419,744,Quinn Ahmed,Loyal,Email,20,Towel Set,Home,1,19.75,10,17.78,0
2025-12-16,4419,744,Quinn Ahmed,Loyal,Email,36,Puzzle 500pc,Toys,1,44.86,0,44.86,0
2025-12-16,4420,745,Devon Carter,Loyal,Email,20,Towel Set,Home,1,19.75,10,17.78,0
2025-12-16,4420,745,Devon Carter,Loyal,Email,27,Hand Cream,Beauty,1,18.43,0,18.43,0
2025-12-16,4421,776,Owen Romano,New,Direct,31,Resistance Bands,Sports,1,65.69,0,65.69,0
2025-12-16,4421,776,Owen Romano,New,Direct,5,Socks 3-Pack,Apparel,1,65.81,0,65.81,0
2025-12-16,4421,776,Owen Romano,New,Direct,38,Board Game,Toys,1,37.99,0,37.99,0
2025-12-16,4422,817,Jordan Carter,Loyal,Referral,18,LED Lamp,Home,2,50.85,0,101.7,0
2025-12-16,4422,817,Jordan Carter,Loyal,Referral,9,Wireless Earbuds,Electronics,3,94.29,10,254.58,0
2025-12-16,4422,817,Jordan Carter,Loyal,Referral,27,Hand Cream,Beauty,3,18.43,5,52.53,0
2025-12-16,4423,823,Leo Brooks,Loyal,Email,1,Crew Tee,Apparel,1,53.87,0,53.87,0
2025-12-16,4423,823,Leo Brooks,Loyal,Email,3,Denim Jacket,Apparel,1,65.95,10,59.36,0
2025-12-16,4424,859,Mateo Mendez,Champion,Email,7,Rain Shell,Apparel,1,23.29,0,23.29,0
2025-12-16,4424,859,Mateo Mendez,Champion,Email,4,Joggers,Apparel,1,42.18,0,42.18,0
2025-12-16,4425,864,Iris Novak,Regular,Referral,12,Bluetooth Speaker,Electronics,1,98.02,0,98.02,0
2025-12-16,4425,864,Iris Novak,Regular,Referral,8,Chino Pants,Apparel,2,64.72,0,129.44,0
2025-12-16,4425,864,Iris Novak,Regular,Referral,28,SPF 50 Lotion,Beauty,2,34.44,0,68.88,0
2025-12-16,4425,864,Iris Novak,Regular,Referral,3,Denim Jacket,Apparel,1,65.95,0,65.95,0
2025-12-16,4426,867,Maya Ibarra,Regular,Email,37,Plush Bear,Toys,3,15.95,20,38.28,0
2025-12-16,4426,867,Maya Ibarra,Regular,Email,8,Chino Pants,Apparel,1,64.72,15,55.01,0
2025-12-16,4426,867,Maya Ibarra,Regular,Email,35,Building Blocks,Toys,1,32.84,10,29.56,0
2025-12-16,4427,967,Morgan Fischer,Loyal,Organic,29,Yoga Mat,Sports,1,24.63,10,22.17,0
2025-12-16,4427,967,Morgan Fischer,Loyal,Organic,24,Lip Balm,Beauty,1,36.1,5,34.3,0
2025-12-16,4427,967,Morgan Fischer,Loyal,Organic,11,Phone Case,Electronics,1,22.01,0,22.01,0
2025-12-16,4428,975,Jordan Park,Loyal,Paid Search,3,Denim Jacket,Apparel,1,65.95,10,59.36,0
2025-12-16,4428,975,Jordan Park,Loyal,Paid Search,1,Crew Tee,Apparel,1,53.87,5,51.18,0
2025-12-16,4429,987,Jordan Sullivan,Champion,Paid Search,24,Lip Balm,Beauty,1,36.1,20,28.88,0
2025-12-16,4429,987,Jordan Sullivan,Champion,Paid Search,1,Crew Tee,Apparel,1,53.87,20,43.1,0
2025-12-17,4430,10,Maya Okafor,Loyal,Paid Search,20,Towel Set,Home,1,19.75,0,19.75,0
2025-12-17,4430,10,Maya Okafor,Loyal,Paid Search,20,Towel Set,Home,1,19.75,0,19.75,0
2025-12-17,4431,24,Sasha Reid,Champion,Referral,35,Building Blocks,Toys,2,32.84,0,65.68,0
2025-12-17,4431,24,Sasha Reid,Champion,Referral,3,Denim Jacket,Apparel,1,65.95,0,65.95,0
2025-12-17,4432,28,Owen Sullivan,Loyal,Organic,4,Joggers,Apparel,2,42.18,10,75.92,0
2025-12-17,4432,28,Owen Sullivan,Loyal,Organic,37,Plush Bear,Toys,1,15.95,5,15.15,0
2025-12-17,4432,28,Owen Sullivan,Loyal,Organic,3,Denim Jacket,Apparel,3,65.95,0,197.85,0
2025-12-17,4432,28,Owen Sullivan,Loyal,Organic,21,Storage Bin,Home,1,28.6,0,28.6,0
2025-12-17,4433,76,Owen Flynn,Champion,Direct,19,Cutting Board,Home,3,53.71,5,153.07,0
2025-12-17,4433,76,Owen Flynn,Champion,Direct,38,Board Game,Toys,1,37.99,10,34.19,0
2025-12-17,4434,97,Harper Petrov,At-Risk,Paid Search,33,Jump Rope,Sports,1,33.41,0,33.41,0
2025-12-17,4434,97,Harper Petrov,At-Risk,Paid Search,37,Plush Bear,Toys,2,15.95,0,31.9,0
2025-12-17,4435,101,Noel Ibarra,Loyal,Paid Search,38,Board Game,Toys,3,37.99,0,113.97,0
2025-12-17,4435,101,Noel Ibarra,Loyal,Paid Search,10,USB-C Cable,Electronics,1,117.18,5,111.32,0
2025-12-17,4435,101,Noel Ibarra,Loyal,Paid Search,10,USB-C Cable,Electronics,2,117.18,0,234.36,0
2025-12-17,4435,101,Noel Ibarra,Loyal,Paid Search,17,Ceramic Mug,Home,2,54.95,0,109.9,0
2025-12-17,4436,114,Avery Marsh,Loyal,Social,9,Wireless Earbuds,Electronics,1,94.29,5,89.58,0
2025-12-17,4436,114,Avery Marsh,Loyal,Social,23,Vitamin C Serum,Beauty,1,32.33,0,32.33,0
2025-12-17,4437,115,Cole Ahmed,Champion,Paid Search,32,Foam Roller,Sports,1,65.98,0,65.98,0
2025-12-17,4438,121,Kai Nguyen,Loyal,Direct,26,Shampoo Bar,Beauty,2,33.06,10,59.51,0
2025-12-17,4438,121,Kai Nguyen,Loyal,Direct,3,Denim Jacket,Apparel,1,65.95,0,65.95,0
2025-12-17,4439,156,Hugo Flynn,Champion,Email,14,Power Bank,Electronics,1,64.37,10,57.93,1
2025-12-17,4440,206,Iris Petrov,At-Risk,Direct,12,Bluetooth Speaker,Electronics,2,98.02,0,196.04,0
2025-12-17,4440,206,Iris Petrov,At-Risk,Direct,25,Sheet Mask,Beauty,1,8.59,0,8.59,0
2025-12-17,4440,206,Iris Petrov,At-Risk,Direct,21,Storage Bin,Home,2,28.6,0,57.2,0
2025-12-17,4440,206,Iris Petrov,At-Risk,Direct,19,Cutting Board,Home,2,53.71,0,107.42,0
2025-12-17,4441,214,Rowan Bauer,Regular,Paid Search,15,Smart Plug,Electronics,1,110.18,10,99.16,0
2025-12-17,4441,214,Rowan Bauer,Regular,Paid Search,36,Puzzle 500pc,Toys,3,44.86,20,107.66,0
2025-12-17,4441,214,Rowan Bauer,Regular,Paid Search,15,Smart Plug,Electronics,3,110.18,10,297.49,0
2025-12-17,4441,214,Rowan Bauer,Regular,Paid Search,39,RC Car,Toys,1,33.63,10,30.27,0
2025-12-17,4442,229,Priya Bauer,At-Risk,Referral,29,Yoga Mat,Sports,1,24.63,0,24.63,0
2025-12-17,4443,249,Harper Patel,Regular,Organic,22,Scented Candle,Home,3,18.98,0,56.94,1
2025-12-17,4444,266,Wren Ahmed,Regular,Direct,3,Denim Jacket,Apparel,1,65.95,10,59.36,0
2025-12-17,4445,271,Nora Bauer,Loyal,Email,15,Smart Plug,Electronics,3,110.18,0,330.54,0
2025-12-17,4445,271,Nora Bauer,Loyal,Email,28,SPF 50 Lotion,Beauty,3,34.44,0,103.32,0
2025-12-17,4446,307,Casey Ahmed,Champion,Organic,2,Hoodie,Apparel,1,19.91,0,19.91,0
2025-12-17,4447,326,Maya Hassan,Loyal,Email,34,Running Belt,Sports,1,29.4,10,26.46,0
2025-12-17,4448,334,Tessa Park,Loyal,Organic,40,Art Kit,Toys,1,53.64,10,48.28,0
2025-12-17,4448,334,Tessa Park,Loyal,Organic,9,Wireless Earbuds,Electronics,3,94.29,5,268.73,0
2025-12-17,4449,366,Riley Okafor,Regular,Organic,35,Building Blocks,Toys,3,32.84,0,98.52,0
2025-12-17,4449,366,Riley Okafor,Regular,Organic,5,Socks 3-Pack,Apparel,2,65.81,0,131.62,0
2025-12-17,4450,376,Ivy Bauer,Loyal,Paid Search,4,Joggers,Apparel,1,42.18,20,33.74,0
2025-12-17,4451,401,Priya Ahmed,Loyal,Referral,26,Shampoo Bar,Beauty,2,33.06,10,59.51,0
2025-12-17,4452,405,Tessa Kowalski,Loyal,Organic,22,Scented Candle,Home,1,18.98,5,18.03,0
2025-12-17,4453,429,Jamie Okafor,Champion,Email,11,Phone Case,Electronics,2,22.01,10,39.62,0
2025-12-17,4453,429,Jamie Okafor,Champion,Email,38,Board Game,Toys,2,37.99,0,75.98,0
2025-12-17,4453,429,Jamie Okafor,Champion,Email,30,Water Bottle,Sports,2,46.55,0,93.1,0
2025-12-17,4453,429,Jamie Okafor,Champion,Email,14,Power Bank,Electronics,3,64.37,10,173.8,0
2025-12-17,4454,431,Mateo Ibarra,Loyal,Referral,22,Scented Candle,Home,1,18.98,10,17.08,1
2025-12-17,4455,460,Harper Tan,Champion,Email,23,Vitamin C Serum,Beauty,1,32.33,0,32.33,0
2025-12-17,4455,460,Harper Tan,Champion,Email,14,Power Bank,Electronics,1,64.37,5,61.15,0
2025-12-17,4455,460,Harper Tan,Champion,Email,33,Jump Rope,Sports,3,33.41,5,95.22,0
2025-12-17,4456,507,Riley Novak,Regular,Referral,17,Ceramic Mug,Home,1,54.95,10,49.46,0
2025-12-17,4456,507,Riley Novak,Regular,Referral,37,Plush Bear,Toys,1,15.95,20,12.76,0
2025-12-17,4457,512,Kai Petrov,Regular,Email,26,Shampoo Bar,Beauty,3,33.06,0,99.18,0
2025-12-17,4457,512,Kai Petrov,Regular,Email,32,Foam Roller,Sports,1,65.98,0,65.98,0
2025-12-17,4457,512,Kai Petrov,Regular,Email,11,Phone Case,Electronics,1,22.01,0,22.01,0
2025-12-17,4458,526,Mateo Flynn,Regular,Social,10,USB-C Cable,Electronics,1,117.18,0,117.18,0
2025-12-17,4458,526,Mateo Flynn,Regular,Social,38,Board Game,Toys,1,37.99,0,37.99,0
2025-12-17,4459,550,Cole Ibarra,Champion,Organic,33,Jump Rope,Sports,1,33.41,15,28.4,0
2025-12-17,4459,550,Cole Ibarra,Champion,Organic,23,Vitamin C Serum,Beauty,2,32.33,20,51.73,0
2025-12-17,4459,550,Cole Ibarra,Champion,Organic,34,Running Belt,Sports,1,29.4,15,24.99,0
2025-12-17,4459,550,Cole Ibarra,Champion,Organic,23,Vitamin C Serum,Beauty,1,32.33,20,25.86,0
2025-12-17,4460,554,Noel Cohen,Champion,Paid Search,40,Art Kit,Toys,2,53.64,10,96.55,0
2025-12-17,4460,554,Noel Cohen,Champion,Paid Search,37,Plush Bear,Toys,1,15.95,5,15.15,0
2025-12-17,4461,570,Casey Bauer,New,Email,26,Shampoo Bar,Beauty,1,33.06,0,33.06,0
2025-12-17,4462,638,Owen Fischer,At-Risk,Direct,30,Water Bottle,Sports,1,46.55,0,46.55,0
2025-12-17,4463,644,Avery Osei,Loyal,Paid Search,38,Board Game,Toys,2,37.99,0,75.98,0
2025-12-17,4463,644,Avery Osei,Loyal,Paid Search,17,Ceramic Mug,Home,2,54.95,0,109.9,0
2025-12-17,4464,654,Devon Diaz,Regular,Social,30,Water Bottle,Sports,3,46.55,0,139.65,0
2025-12-17,4464,654,Devon Diaz,Regular,Social,8,Chino Pants,Apparel,1,64.72,0,64.72,0
2025-12-17,4465,672,Priya Petrov,Loyal,Organic,31,Resistance Bands,Sports,2,65.69,0,131.38,0
2025-12-17,4465,672,Priya Petrov,Loyal,Organic,11,Phone Case,Electronics,1,22.01,0,22.01,0
2025-12-17,4465,672,Priya Petrov,Loyal,Organic,17,Ceramic Mug,Home,1,54.95,10,49.46,0
2025-12-17,4466,685,Mateo Novak,Regular,Organic,19,Cutting Board,Home,1,53.71,0,53.71,0
2025-12-17,4466,685,Mateo Novak,Regular,Organic,27,Hand Cream,Beauty,1,18.43,0,18.43,0
2025-12-17,4466,685,Mateo Novak,Regular,Organic,31,Resistance Bands,Sports,3,65.69,0,197.07,0
2025-12-17,4466,685,Mateo Novak,Regular,Organic,32,Foam Roller,Sports,2,65.98,0,131.96,0
2025-12-17,4467,713,Wren Costa,Champion,Organic,27,Hand Cream,Beauty,1,18.43,0,18.43,0
2025-12-17,4468,753,Tessa Mendez,Regular,Social,29,Yoga Mat,Sports,2,24.63,0,49.26,0
2025-12-17,4468,753,Tessa Mendez,Regular,Social,4,Joggers,Apparel,1,42.18,0,42.18,0
2025-12-17,4468,753,Tessa Mendez,Regular,Social,29,Yoga Mat,Sports,1,24.63,0,24.63,0
2025-12-17,4468,753,Tessa Mendez,Regular,Social,3,Denim Jacket,Apparel,1,65.95,0,65.95,0
2025-12-17,4469,779,Hugo Ibarra,Loyal,Organic,18,LED Lamp,Home,1,50.85,10,45.77,0
2025-12-17,4470,800,Owen Novak,Loyal,Referral,6,Beanie,Apparel,1,30.7,0,30.7,0
2025-12-17,4470,800,Owen Novak,Loyal,Referral,9,Wireless Earbuds,Electronics,1,94.29,10,84.86,0
2025-12-17,4471,813,Nora Hassan,Loyal,Referral,27,Hand Cream,Beauty,2,18.43,15,31.33,0
2025-12-17,4472,839,Riley Khan,Loyal,Email,7,Rain Shell,Apparel,2,23.29,5,44.25,0
2025-12-17,4472,839,Riley Khan,Loyal,Email,15,Smart Plug,Electronics,1,110.18,5,104.67,0
2025-12-17,4472,839,Riley Khan,Loyal,Email,1,Crew Tee,Apparel,1,53.87,0,53.87,0
2025-12-17,4472,839,Riley Khan,Loyal,Email,8,Chino Pants,Apparel,1,64.72,10,58.25,0
2025-12-17,4473,845,Jordan Costa,Champion,Email,28,SPF 50 Lotion,Beauty,2,34.44,15,58.55,0
2025-12-17,4473,845,Jordan Costa,Champion,Email,37,Plush Bear,Toys,1,15.95,25,11.96,1
2025-12-17,4474,858,Morgan Marsh,Loyal,Referral,14,Power Bank,Electronics,1,64.37,10,57.93,0
2025-12-17,4474,858,Morgan Marsh,Loyal,Referral,23,Vitamin C Serum,Beauty,1,32.33,0,32.33,0
2025-12-17,4474,858,Morgan Marsh,Loyal,Referral,22,Scented Candle,Home,2,18.98,0,37.96,0
2025-12-17,4475,939,Avery Ibarra,New,Social,22,Scented Candle,Home,1,18.98,0,18.98,0
2025-12-17,4476,960,Wren Mendez,Champion,Social,11,Phone Case,Electronics,1,22.01,0,22.01,0
2025-12-17,4477,987,Jordan Sullivan,Champion,Paid Search,29,Yoga Mat,Sports,1,24.63,0,24.63,0
2025-12-17,4477,987,Jordan Sullivan,Champion,Paid Search,35,Building Blocks,Toys,1,32.84,0,32.84,0
2025-12-17,4477,987,Jordan Sullivan,Champion,Paid Search,6,Beanie,Apparel,1,30.7,5,29.17,0
2025-12-18,4478,12,Hugo Carter,Loyal,Paid Search,7,Rain Shell,Apparel,2,23.29,5,44.25,0
2025-12-18,4478,12,Hugo Carter,Loyal,Paid Search,27,Hand Cream,Beauty,1,18.43,0,18.43,0
2025-12-18,4479,43,Maya Okafor,Loyal,Organic,2,Hoodie,Apparel,1,19.91,5,18.91,0
2025-12-18,4480,50,Drew Brooks,Champion,Email,34,Running Belt,Sports,1,29.4,0,29.4,0
2025-12-18,4480,50,Drew Brooks,Champion,Email,15,Smart Plug,Electronics,2,110.18,0,220.36,0
2025-12-18,4480,50,Drew Brooks,Champion,Email,25,Sheet Mask,Beauty,1,8.59,10,7.73,0
2025-12-18,4481,63,Cole Bauer,Champion,Organic,7,Rain Shell,Apparel,1,23.29,10,20.96,0
2025-12-18,4481,63,Cole Bauer,Champion,Organic,40,Art Kit,Toys,1,53.64,10,48.28,0
2025-12-18,4481,63,Cole Bauer,Champion,Organic,26,Shampoo Bar,Beauty,1,33.06,0,33.06,0
2025-12-18,4482,104,Tessa Diaz,Regular,Email,11,Phone Case,Electronics,1,22.01,20,17.61,0
2025-12-18,4482,104,Tessa Diaz,Regular,Email,13,Webcam,Electronics,2,64,15,108.8,0
2025-12-18,4483,115,Cole Ahmed,Champion,Paid Search,29,Yoga Mat,Sports,3,24.63,0,73.89,0
2025-12-18,4484,117,Noel Larsen,Regular,Paid Search,37,Plush Bear,Toys,1,15.95,0,15.95,0
2025-12-18,4485,130,Wren Patel,Regular,Social,22,Scented Candle,Home,1,18.98,20,15.18,0
2025-12-18,4485,130,Wren Patel,Regular,Social,28,SPF 50 Lotion,Beauty,1,34.44,25,25.83,0
2025-12-18,4486,184,Kai Ahmed,Champion,Organic,14,Power Bank,Electronics,1,64.37,10,57.93,0
2025-12-18,4487,194,Noel Kowalski,Loyal,Direct,4,Joggers,Apparel,2,42.18,5,80.14,0
2025-12-18,4487,194,Noel Kowalski,Loyal,Direct,20,Towel Set,Home,1,19.75,5,18.76,0
2025-12-18,4488,219,Quinn Marsh,Loyal,Referral,38,Board Game,Toys,1,37.99,5,36.09,0
2025-12-18,4488,219,Quinn Marsh,Loyal,Referral,33,Jump Rope,Sports,2,33.41,10,60.14,0
2025-12-18,4488,219,Quinn Marsh,Loyal,Referral,31,Resistance Bands,Sports,1,65.69,0,65.69,0
2025-12-18,4489,240,Morgan Flynn,Regular,Direct,18,LED Lamp,Home,1,50.85,0,50.85,0
2025-12-18,4490,275,Jordan Fischer,Loyal,Referral,4,Joggers,Apparel,1,42.18,10,37.96,0
2025-12-18,4490,275,Jordan Fischer,Loyal,Referral,24,Lip Balm,Beauty,1,36.1,0,36.1,0
2025-12-18,4491,300,Quinn Sullivan,Regular,Referral,37,Plush Bear,Toys,1,15.95,0,15.95,0
2025-12-18,4491,300,Quinn Sullivan,Regular,Referral,5,Socks 3-Pack,Apparel,1,65.81,0,65.81,0
2025-12-18,4492,310,Jamie Marsh,Loyal,Social,4,Joggers,Apparel,3,42.18,0,126.54,0
2025-12-18,4493,326,Maya Hassan,Loyal,Email,25,Sheet Mask,Beauty,1,8.59,0,8.59,0
2025-12-18,4493,326,Maya Hassan,Loyal,Email,32,Foam Roller,Sports,1,65.98,5,62.68,0
2025-12-18,4494,355,Tessa Park,Loyal,Direct,32,Foam Roller,Sports,3,65.98,25,148.45,0
2025-12-18,4495,385,Hugo Patel,Loyal,Paid Search,20,Towel Set,Home,2,19.75,0,39.5,0
2025-12-18,4496,394,Kai Diaz,Champion,Email,27,Hand Cream,Beauty,1,18.43,10,16.59,0
2025-12-18,4497,408,Drew Ibarra,New,Direct,2,Hoodie,Apparel,1,19.91,25,14.93,0
2025-12-18,4497,408,Drew Ibarra,New,Direct,15,Smart Plug,Electronics,2,110.18,25,165.27,0
2025-12-18,4497,408,Drew Ibarra,New,Direct,25,Sheet Mask,Beauty,1,8.59,15,7.3,0
2025-12-18,4498,461,Lila Tan,Loyal,Social,37,Plush Bear,Toys,1,15.95,0,15.95,0
2025-12-18,4499,470,Ezra Tan,Champion,Social,37,Plush Bear,Toys,2,15.95,10,28.71,0
2025-12-18,4500,472,Noel Ibarra,Loyal,Direct,2,Hoodie,Apparel,1,19.91,10,17.92,0
2025-12-18,4501,493,Iris Carter,At-Risk,Paid Search,30,Water Bottle,Sports,3,46.55,15,118.7,0
2025-12-18,4501,493,Iris Carter,At-Risk,Paid Search,12,Bluetooth Speaker,Electronics,1,98.02,20,78.42,0
2025-12-18,4501,493,Iris Carter,At-Risk,Paid Search,19,Cutting Board,Home,1,53.71,25,40.28,0
2025-12-18,4502,495,Jordan Reid,Regular,Paid Search,25,Sheet Mask,Beauty,2,8.59,0,17.18,0
2025-12-18,4503,521,Reese Khan,Regular,Social,22,Scented Candle,Home,1,18.98,0,18.98,0
2025-12-18,4503,521,Reese Khan,Regular,Social,38,Board Game,Toys,1,37.99,0,37.99,0
2025-12-18,4503,521,Reese Khan,Regular,Social,30,Water Bottle,Sports,2,46.55,0,93.1,0
2025-12-18,4504,531,Wren Carter,Loyal,Direct,13,Webcam,Electronics,1,64,10,57.6,0
2025-12-18,4505,554,Noel Cohen,Champion,Paid Search,37,Plush Bear,Toys,2,15.95,0,31.9,0
2025-12-18,4506,602,Mateo Hassan,Loyal,Paid Search,22,Scented Candle,Home,1,18.98,5,18.03,0
2025-12-18,4506,602,Mateo Hassan,Loyal,Paid Search,5,Socks 3-Pack,Apparel,1,65.81,5,62.52,0
2025-12-18,4507,607,Taylor Marsh,Regular,Paid Search,1,Crew Tee,Apparel,1,53.87,0,53.87,0
2025-12-18,4508,610,Maya Khan,New,Social,3,Denim Jacket,Apparel,1,65.95,0,65.95,0
2025-12-18,4509,665,Ezra Khan,Regular,Organic,8,Chino Pants,Apparel,2,64.72,0,129.44,0
2025-12-18,4509,665,Ezra Khan,Regular,Organic,25,Sheet Mask,Beauty,1,8.59,0,8.59,0
2025-12-18,4510,679,Owen Park,Loyal,Paid Search,30,Water Bottle,Sports,2,46.55,15,79.13,0
2025-12-18,4511,696,Riley Tan,Champion,Referral,17,Ceramic Mug,Home,1,54.95,15,46.71,0
2025-12-18,4512,713,Wren Costa,Champion,Organic,38,Board Game,Toys,1,37.99,5,36.09,0
2025-12-18,4512,713,Wren Costa,Champion,Organic,30,Water Bottle,Sports,1,46.55,10,41.9,0
2025-12-18,4513,748,Maya Reid,Loyal,Email,13,Webcam,Electronics,3,64,10,172.8,0
2025-12-18,4514,751,Riley Kowalski,Champion,Direct,28,SPF 50 Lotion,Beauty,1,34.44,0,34.44,0
2025-12-18,4515,774,Iris Ahmed,New,Paid Search,20,Towel Set,Home,1,19.75,0,19.75,0
2025-12-18,4516,775,Nora Patel,Champion,Paid Search,5,Socks 3-Pack,Apparel,1,65.81,10,59.23,0
2025-12-18,4517,806,Avery Carter,New,Social,5,Socks 3-Pack,Apparel,1,65.81,0,65.81,0
2025-12-18,4518,823,Leo Brooks,Loyal,Email,11,Phone Case,Electronics,1,22.01,10,19.81,0
2025-12-18,4519,859,Mateo Mendez,Champion,Email,34,Running Belt,Sports,1,29.4,10,26.46,0
2025-12-18,4519,859,Mateo Mendez,Champion,Email,22,Scented Candle,Home,2,18.98,10,34.16,0
2025-12-18,4520,893,Kai Sullivan,Loyal,Organic,39,RC Car,Toys,1,33.63,0,33.63,1
2025-12-18,4521,910,Quinn Bauer,Regular,Organic,18,LED Lamp,Home,1,50.85,10,45.77,0
2025-12-18,4521,910,Quinn Bauer,Regular,Organic,24,Lip Balm,Beauty,1,36.1,20,28.88,0
2025-12-18,4521,910,Quinn Bauer,Regular,Organic,8,Chino Pants,Apparel,1,64.72,25,48.54,0
2025-12-18,4522,919,Quinn Ibarra,Regular,Referral,14,Power Bank,Electronics,1,64.37,15,54.71,0
2025-12-18,4522,919,Quinn Ibarra,Regular,Referral,26,Shampoo Bar,Beauty,3,33.06,25,74.39,0
2025-12-18,4523,945,Jamie Novak,Champion,Email,21,Storage Bin,Home,1,28.6,0,28.6,0
2025-12-18,4523,945,Jamie Novak,Champion,Email,27,Hand Cream,Beauty,2,18.43,10,33.17,0
2025-12-18,4523,945,Jamie Novak,Champion,Email,23,Vitamin C Serum,Beauty,1,32.33,10,29.1,0
2025-12-18,4523,945,Jamie Novak,Champion,Email,12,Bluetooth Speaker,Electronics,1,98.02,0,98.02,0
2025-12-18,4524,949,Quinn Okafor,Champion,Organic,31,Resistance Bands,Sports,1,65.69,10,59.12,0
2025-12-18,4524,949,Quinn Okafor,Champion,Organic,5,Socks 3-Pack,Apparel,1,65.81,20,52.65,0
2025-12-18,4524,949,Quinn Okafor,Champion,Organic,40,Art Kit,Toys,1,53.64,25,40.23,0
2025-12-18,4525,950,Reese Bauer,Loyal,Social,9,Wireless Earbuds,Electronics,1,94.29,10,84.86,0
2025-12-18,4525,950,Reese Bauer,Loyal,Social,17,Ceramic Mug,Home,1,54.95,0,54.95,0
2025-12-18,4525,950,Reese Bauer,Loyal,Social,19,Cutting Board,Home,2,53.71,0,107.42,0
2025-12-18,4526,955,Taylor Yamada,Regular,Referral,29,Yoga Mat,Sports,1,24.63,0,24.63,0
2025-12-18,4527,979,Wren Brooks,At-Risk,Organic,28,SPF 50 Lotion,Beauty,1,34.44,0,34.44,0
2025-12-18,4527,979,Wren Brooks,At-Risk,Organic,31,Resistance Bands,Sports,1,65.69,0,65.69,1
2025-12-19,4528,40,Owen Fischer,Regular,Direct,13,Webcam,Electronics,1,64,0,64,0
2025-12-19,4528,40,Owen Fischer,Regular,Direct,6,Beanie,Apparel,1,30.7,0,30.7,0
2025-12-19,4528,40,Owen Fischer,Regular,Direct,5,Socks 3-Pack,Apparel,2,65.81,0,131.62,0
2025-12-19,4529,103,Maya Walsh,Regular,Email,12,Bluetooth Speaker,Electronics,2,98.02,0,196.04,0
2025-12-19,4529,103,Maya Walsh,Regular,Email,20,Towel Set,Home,1,19.75,0,19.75,0
2025-12-19,4529,103,Maya Walsh,Regular,Email,6,Beanie,Apparel,1,30.7,0,30.7,0
2025-12-19,4530,141,Maya Romano,Loyal,Organic,33,Jump Rope,Sports,2,33.41,5,63.48,0
2025-12-19,4530,141,Maya Romano,Loyal,Organic,1,Crew Tee,Apparel,1,53.87,0,53.87,0
2025-12-19,4530,141,Maya Romano,Loyal,Organic,40,Art Kit,Toys,1,53.64,0,53.64,0
2025-12-19,4530,141,Maya Romano,Loyal,Organic,21,Storage Bin,Home,1,28.6,10,25.74,1
2025-12-19,4531,153,Reese Marsh,Loyal,Direct,5,Socks 3-Pack,Apparel,2,65.81,5,125.04,0
2025-12-19,4532,159,Jordan Tan,Loyal,Direct,11,Phone Case,Electronics,1,22.01,10,19.81,0
2025-12-19,4532,159,Jordan Tan,Loyal,Direct,32,Foam Roller,Sports,1,65.98,0,65.98,0
2025-12-19,4533,172,Morgan Okafor,Loyal,Direct,12,Bluetooth Speaker,Electronics,2,98.02,5,186.24,0
2025-12-19,4533,172,Morgan Okafor,Loyal,Direct,14,Power Bank,Electronics,1,64.37,0,64.37,0
2025-12-19,4534,174,Drew Costa,Champion,Social,3,Denim Jacket,Apparel,2,65.95,0,131.9,0
2025-12-19,4535,180,Drew Reid,Regular,Organic,5,Socks 3-Pack,Apparel,2,65.81,0,131.62,0
2025-12-19,4536,220,Reese Nguyen,Regular,Referral,21,Storage Bin,Home,1,28.6,0,28.6,0
2025-12-19,4536,220,Reese Nguyen,Regular,Referral,10,USB-C Cable,Electronics,1,117.18,0,117.18,0
2025-12-19,4537,226,Leo Petrov,Champion,Organic,20,Towel Set,Home,1,19.75,10,17.78,0
2025-12-19,4537,226,Leo Petrov,Champion,Organic,34,Running Belt,Sports,1,29.4,0,29.4,0
2025-12-19,4537,226,Leo Petrov,Champion,Organic,24,Lip Balm,Beauty,1,36.1,0,36.1,0
2025-12-19,4538,238,Avery Reyes,Champion,Referral,13,Webcam,Electronics,1,64,0,64,0
2025-12-19,4538,238,Avery Reyes,Champion,Referral,25,Sheet Mask,Beauty,1,8.59,0,8.59,0
2025-12-19,4538,238,Avery Reyes,Champion,Referral,7,Rain Shell,Apparel,1,23.29,10,20.96,0
2025-12-19,4538,238,Avery Reyes,Champion,Referral,6,Beanie,Apparel,1,30.7,0,30.7,0
2025-12-19,4539,242,Sasha Hassan,Loyal,Paid Search,6,Beanie,Apparel,1,30.7,10,27.63,0
2025-12-19,4539,242,Sasha Hassan,Loyal,Paid Search,28,SPF 50 Lotion,Beauty,1,34.44,10,31,0
2025-12-19,4540,251,Tessa Ahmed,Regular,Social,21,Storage Bin,Home,1,28.6,25,21.45,0
2025-12-19,4541,270,Casey Ahmed,Loyal,Direct,33,Jump Rope,Sports,1,33.41,20,26.73,0
2025-12-19,4541,270,Casey Ahmed,Loyal,Direct,28,SPF 50 Lotion,Beauty,1,34.44,20,27.55,0
2025-12-19,4542,307,Casey Ahmed,Champion,Organic,40,Art Kit,Toys,1,53.64,10,48.28,0
2025-12-19,4543,324,Morgan Carter,New,Referral,30,Water Bottle,Sports,3,46.55,0,139.65,0
2025-12-19,4543,324,Morgan Carter,New,Referral,1,Crew Tee,Apparel,1,53.87,0,53.87,0
2025-12-19,4544,340,Reese Yamada,Loyal,Referral,37,Plush Bear,Toys,1,15.95,5,15.15,0
2025-12-19,4544,340,Reese Yamada,Loyal,Referral,27,Hand Cream,Beauty,2,18.43,0,36.86,1
2025-12-19,4544,340,Reese Yamada,Loyal,Referral,15,Smart Plug,Electronics,1,110.18,5,104.67,0
2025-12-19,4545,355,Tessa Park,Loyal,Direct,31,Resistance Bands,Sports,2,65.69,0,131.38,0
2025-12-19,4545,355,Tessa Park,Loyal,Direct,19,Cutting Board,Home,1,53.71,10,48.34,0
2025-12-19,4546,429,Jamie Okafor,Champion,Email,29,Yoga Mat,Sports,1,24.63,0,24.63,0
2025-12-19,4547,460,Harper Tan,Champion,Email,11,Phone Case,Electronics,2,22.01,0,44.02,0
2025-12-19,4547,460,Harper Tan,Champion,Email,11,Phone Case,Electronics,2,22.01,10,39.62,0
2025-12-19,4547,460,Harper Tan,Champion,Email,37,Plush Bear,Toys,1,15.95,0,15.95,0
2025-12-19,4548,508,Riley Diaz,Loyal,Email,6,Beanie,Apparel,3,30.7,25,69.07,0
2025-12-19,4549,523,Morgan Flynn,Loyal,Social,38,Board Game,Toys,1,37.99,10,34.19,1
2025-12-19,4550,531,Wren Carter,Loyal,Direct,22,Scented Candle,Home,1,18.98,25,14.24,0
2025-12-19,4550,531,Wren Carter,Loyal,Direct,20,Towel Set,Home,1,19.75,10,17.78,1
2025-12-19,4551,554,Noel Cohen,Champion,Paid Search,28,SPF 50 Lotion,Beauty,3,34.44,0,103.32,0
2025-12-19,4552,583,Lila Diaz,Loyal,Direct,16,Throw Pillow,Home,3,19.11,10,51.6,0
2025-12-19,4553,598,Nora Petrov,New,Email,31,Resistance Bands,Sports,1,65.69,0,65.69,0
2025-12-19,4554,621,Harper Fischer,Regular,Direct,16,Throw Pillow,Home,3,19.11,0,57.33,0
2025-12-19,4554,621,Harper Fischer,Regular,Direct,11,Phone Case,Electronics,1,22.01,0,22.01,0
2025-12-19,4554,621,Harper Fischer,Regular,Direct,6,Beanie,Apparel,1,30.7,0,30.7,0
2025-12-19,4554,621,Harper Fischer,Regular,Direct,19,Cutting Board,Home,1,53.71,0,53.71,0
2025-12-19,4555,624,Devon Carter,At-Risk,Direct,3,Denim Jacket,Apparel,2,65.95,0,131.9,0
2025-12-19,4556,626,Lila Patel,At-Risk,Referral,11,Phone Case,Electronics,1,22.01,0,22.01,0
2025-12-19,4556,626,Lila Patel,At-Risk,Referral,15,Smart Plug,Electronics,1,110.18,0,110.18,0
2025-12-19,4557,627,Hugo Sullivan,Champion,Paid Search,13,Webcam,Electronics,1,64,5,60.8,0
2025-12-19,4557,627,Hugo Sullivan,Champion,Paid Search,29,Yoga Mat,Sports,1,24.63,0,24.63,0
2025-12-19,4557,627,Hugo Sullivan,Champion,Paid Search,27,Hand Cream,Beauty,2,18.43,0,36.86,0
2025-12-19,4557,627,Hugo Sullivan,Champion,Paid Search,2,Hoodie,Apparel,1,19.91,0,19.91,0
2025-12-19,4558,657,Maya Osei,Loyal,Direct,26,Shampoo Bar,Beauty,1,33.06,20,26.45,0
2025-12-19,4558,657,Maya Osei,Loyal,Direct,37,Plush Bear,Toys,2,15.95,20,25.52,1
2025-12-19,4558,657,Maya Osei,Loyal,Direct,9,Wireless Earbuds,Electronics,2,94.29,15,160.29,0
2025-12-19,4559,665,Ezra Khan,Regular,Organic,34,Running Belt,Sports,2,29.4,0,58.8,0
2025-12-19,4559,665,Ezra Khan,Regular,Organic,27,Hand Cream,Beauty,1,18.43,0,18.43,0
2025-12-19,4560,687,Kai Reid,Loyal,Referral,4,Joggers,Apparel,1,42.18,0,42.18,0
2025-12-19,4560,687,Kai Reid,Loyal,Referral,36,Puzzle 500pc,Toys,1,44.86,5,42.62,0
2025-12-19,4561,691,Ivy Reyes,At-Risk,Direct,32,Foam Roller,Sports,1,65.98,0,65.98,0
2025-12-19,4561,691,Ivy Reyes,At-Risk,Direct,1,Crew Tee,Apparel,1,53.87,0,53.87,0
2025-12-19,4562,716,Iris Reyes,Champion,Email,21,Storage Bin,Home,1,28.6,0,28.6,1
2025-12-19,4563,743,Riley Ahmed,Regular,Organic,31,Resistance Bands,Sports,1,65.69,20,52.55,0
2025-12-19,4564,778,Reese Osei,New,Email,19,Cutting Board,Home,1,53.71,0,53.71,0
2025-12-19,4565,781,Jordan Hassan,New,Direct,17,Ceramic Mug,Home,1,54.95,0,54.95,0
2025-12-19,4566,807,Owen Ahmed,New,Organic,20,Towel Set,Home,3,19.75,0,59.25,0
2025-12-19,4566,807,Owen Ahmed,New,Organic,28,SPF 50 Lotion,Beauty,1,34.44,0,34.44,0
2025-12-19,4567,809,Devon Yamada,New,Social,5,Socks 3-Pack,Apparel,1,65.81,0,65.81,0
2025-12-19,4567,809,Devon Yamada,New,Social,32,Foam Roller,Sports,2,65.98,0,131.96,0
2025-12-19,4568,848,Sasha Carter,Loyal,Paid Search,22,Scented Candle,Home,1,18.98,15,16.13,0
2025-12-19,4569,859,Mateo Mendez,Champion,Email,6,Beanie,Apparel,1,30.7,5,29.17,0
2025-12-19,4570,897,Wren Khan,Loyal,Paid Search,4,Joggers,Apparel,1,42.18,15,35.85,0
2025-12-19,4571,908,Hugo Diaz,Regular,Direct,8,Chino Pants,Apparel,1,64.72,10,58.25,0
2025-12-19,4571,908,Hugo Diaz,Regular,Direct,36,Puzzle 500pc,Toys,1,44.86,15,38.13,0
2025-12-19,4572,975,Jordan Park,Loyal,Paid Search,3,Denim Jacket,Apparel,1,65.95,0,65.95,0
2025-12-19,4572,975,Jordan Park,Loyal,Paid Search,40,Art Kit,Toys,1,53.64,0,53.64,0
2025-12-20,4573,23,Avery Nguyen,At-Risk,Direct,34,Running Belt,Sports,2,29.4,20,47.04,0
2025-12-20,4573,23,Avery Nguyen,At-Risk,Direct,40,Art Kit,Toys,2,53.64,10,96.55,0
2025-12-20,4574,25,Morgan Petrov,Champion,Paid Search,29,Yoga Mat,Sports,1,24.63,0,24.63,0
2025-12-20,4575,38,Owen Larsen,At-Risk,Direct,36,Puzzle 500pc,Toys,1,44.86,0,44.86,0
2025-12-20,4575,38,Owen Larsen,At-Risk,Direct,14,Power Bank,Electronics,1,64.37,0,64.37,0
2025-12-20,4576,79,Kai Patel,Loyal,Direct,11,Phone Case,Electronics,1,22.01,5,20.91,0
2025-12-20,4577,81,Priya Okafor,At-Risk,Referral,12,Bluetooth Speaker,Electronics,1,98.02,0,98.02,0
2025-12-20,4578,124,Ezra Kowalski,Champion,Social,31,Resistance Bands,Sports,1,65.69,0,65.69,0
2025-12-20,4579,145,Iris Yamada,Loyal,Direct,21,Storage Bin,Home,2,28.6,15,48.62,0
2025-12-20,4579,145,Iris Yamada,Loyal,Direct,14,Power Bank,Electronics,3,64.37,15,164.14,0
2025-12-20,4580,154,Drew Novak,Champion,Paid Search,14,Power Bank,Electronics,1,64.37,0,64.37,0
2025-12-20,4581,156,Hugo Flynn,Champion,Email,11,Phone Case,Electronics,1,22.01,0,22.01,0
2025-12-20,4581,156,Hugo Flynn,Champion,Email,8,Chino Pants,Apparel,1,64.72,5,61.48,0
2025-12-20,4582,174,Drew Costa,Champion,Social,18,LED Lamp,Home,1,50.85,10,45.77,0
2025-12-20,4583,191,Tessa Ibarra,Loyal,Paid Search,17,Ceramic Mug,Home,3,54.95,10,148.37,0
2025-12-20,4584,204,Jamie Kowalski,Loyal,Email,32,Foam Roller,Sports,1,65.98,20,52.78,0
2025-12-20,4585,214,Rowan Bauer,Regular,Paid Search,5,Socks 3-Pack,Apparel,1,65.81,20,52.65,0
2025-12-20,4585,214,Rowan Bauer,Regular,Paid Search,8,Chino Pants,Apparel,1,64.72,10,58.25,0
2025-12-20,4586,266,Wren Ahmed,Regular,Direct,39,RC Car,Toys,2,33.63,20,53.81,0
2025-12-20,4587,268,Cole Yamada,Loyal,Direct,38,Board Game,Toys,2,37.99,0,75.98,0
2025-12-20,4588,291,Nora Fischer,Regular,Direct,2,Hoodie,Apparel,2,19.91,20,31.86,0
2025-12-20,4588,291,Nora Fischer,Regular,Direct,17,Ceramic Mug,Home,1,54.95,15,46.71,0
2025-12-20,4588,291,Nora Fischer,Regular,Direct,39,RC Car,Toys,1,33.63,15,28.59,0
2025-12-20,4589,333,Riley Novak,At-Risk,Paid Search,8,Chino Pants,Apparel,2,64.72,0,129.44,0
2025-12-20,4589,333,Riley Novak,At-Risk,Paid Search,14,Power Bank,Electronics,1,64.37,0,64.37,0
2025-12-20,4589,333,Riley Novak,At-Risk,Paid Search,16,Throw Pillow,Home,3,19.11,0,57.33,1
2025-12-20,4589,333,Riley Novak,At-Risk,Paid Search,35,Building Blocks,Toys,1,32.84,0,32.84,1
2025-12-20,4590,353,Tessa Osei,Regular,Referral,28,SPF 50 Lotion,Beauty,1,34.44,0,34.44,0
2025-12-20,4591,376,Ivy Bauer,Loyal,Paid Search,13,Webcam,Electronics,1,64,5,60.8,0
2025-12-20,4591,376,Ivy Bauer,Loyal,Paid Search,10,USB-C Cable,Electronics,2,117.18,10,210.92,0
2025-12-20,4591,376,Ivy Bauer,Loyal,Paid Search,8,Chino Pants,Apparel,1,64.72,5,61.48,0
2025-12-20,4591,376,Ivy Bauer,Loyal,Paid Search,14,Power Bank,Electronics,2,64.37,5,122.3,0
2025-12-20,4592,401,Priya Ahmed,Loyal,Referral,2,Hoodie,Apparel,1,19.91,10,17.92,0
2025-12-20,4593,424,Riley Marsh,New,Paid Search,8,Chino Pants,Apparel,1,64.72,15,55.01,0
2025-12-20,4594,434,Noel Osei,At-Risk,Direct,38,Board Game,Toys,1,37.99,0,37.99,0
2025-12-20,4595,446,Priya Osei,Loyal,Referral,8,Chino Pants,Apparel,2,64.72,10,116.5,1
2025-12-20,4595,446,Priya Osei,Loyal,Referral,40,Art Kit,Toys,1,53.64,5,50.96,1
2025-12-20,4596,448,Lila Brooks,Regular,Referral,6,Beanie,Apparel,1,30.7,0,30.7,0
2025-12-20,4597,463,Jamie Hassan,Regular,Social,27,Hand Cream,Beauty,2,18.43,20,29.49,0
2025-12-20,4598,479,Leo Ibarra,Loyal,Referral,34,Running Belt,Sports,1,29.4,0,29.4,0
2025-12-20,4599,492,Drew Petrov,Champion,Social,23,Vitamin C Serum,Beauty,2,32.33,5,61.43,0
2025-12-20,4599,492,Drew Petrov,Champion,Social,10,USB-C Cable,Electronics,2,117.18,0,234.36,0
2025-12-20,4600,494,Wren Fischer,Loyal,Email,3,Denim Jacket,Apparel,1,65.95,25,49.46,0
2025-12-20,4601,502,Wren Larsen,New,Organic,11,Phone Case,Electronics,1,22.01,0,22.01,0
2025-12-20,4602,535,Taylor Patel,Loyal,Referral,1,Crew Tee,Apparel,1,53.87,0,53.87,0
2025-12-20,4603,597,Morgan Fischer,Loyal,Social,36,Puzzle 500pc,Toys,1,44.86,10,40.37,0
2025-12-20,4603,597,Morgan Fischer,Loyal,Social,2,Hoodie,Apparel,1,19.91,0,19.91,0
2025-12-20,4603,597,Morgan Fischer,Loyal,Social,15,Smart Plug,Electronics,2,110.18,10,198.32,0
2025-12-20,4604,600,Mateo Hassan,Loyal,Social,5,Socks 3-Pack,Apparel,1,65.81,10,59.23,0
2025-12-20,4604,600,Mateo Hassan,Loyal,Social,5,Socks 3-Pack,Apparel,1,65.81,5,62.52,0
2025-12-20,4605,622,Nora Novak,At-Risk,Organic,35,Building Blocks,Toys,1,32.84,0,32.84,0
2025-12-20,4605,622,Nora Novak,At-Risk,Organic,5,Socks 3-Pack,Apparel,1,65.81,0,65.81,1
2025-12-20,4605,622,Nora Novak,At-Risk,Organic,26,Shampoo Bar,Beauty,1,33.06,0,33.06,0
2025-12-20,4606,636,Casey Petrov,Loyal,Organic,14,Power Bank,Electronics,1,64.37,10,57.93,0
2025-12-20,4607,656,Priya Tan,Regular,Social,11,Phone Case,Electronics,1,22.01,10,19.81,1
2025-12-20,4607,656,Priya Tan,Regular,Social,24,Lip Balm,Beauty,1,36.1,10,32.49,0
2025-12-20,4608,678,Mateo Cohen,Champion,Social,15,Smart Plug,Electronics,1,110.18,10,99.16,0
2025-12-20,4609,693,Iris Ibarra,At-Risk,Paid Search,38,Board Game,Toys,2,37.99,0,75.98,0
2025-12-20,4609,693,Iris Ibarra,At-Risk,Paid Search,34,Running Belt,Sports,1,29.4,0,29.4,0
2025-12-20,4609,693,Iris Ibarra,At-Risk,Paid Search,8,Chino Pants,Apparel,3,64.72,0,194.16,0
2025-12-20,4610,696,Riley Tan,Champion,Referral,5,Socks 3-Pack,Apparel,1,65.81,10,59.23,0
2025-12-20,4610,696,Riley Tan,Champion,Referral,19,Cutting Board,Home,2,53.71,15,91.31,0
2025-12-20,4611,732,Devon Walsh,New,Organic,3,Denim Jacket,Apparel,1,65.95,0,65.95,0
2025-12-20,4612,751,Riley Kowalski,Champion,Direct,23,Vitamin C Serum,Beauty,1,32.33,10,29.1,0
2025-12-20,4612,751,Riley Kowalski,Champion,Direct,5,Socks 3-Pack,Apparel,1,65.81,0,65.81,0
2025-12-20,4612,751,Riley Kowalski,Champion,Direct,37,Plush Bear,Toys,1,15.95,0,15.95,0
2025-12-20,4613,757,Jamie Mendez,Regular,Referral,33,Jump Rope,Sports,1,33.41,0,33.41,0
2025-12-20,4613,757,Jamie Mendez,Regular,Referral,36,Puzzle 500pc,Toys,1,44.86,0,44.86,0
2025-12-20,4613,757,Jamie Mendez,Regular,Referral,38,Board Game,Toys,2,37.99,0,75.98,0
2025-12-20,4614,829,Morgan Reid,Loyal,Email,4,Joggers,Apparel,1,42.18,0,42.18,0
2025-12-20,4615,831,Kai Bauer,Regular,Referral,39,RC Car,Toys,2,33.63,10,60.53,0
2025-12-20,4616,874,Avery Marsh,Loyal,Referral,5,Socks 3-Pack,Apparel,1,65.81,10,59.23,0
2025-12-20,4617,915,Riley Park,Champion,Referral,15,Smart Plug,Electronics,2,110.18,5,209.34,0
2025-12-20,4618,945,Jamie Novak,Champion,Email,31,Resistance Bands,Sports,1,65.69,0,65.69,0
2025-12-20,4618,945,Jamie Novak,Champion,Email,15,Smart Plug,Electronics,1,110.18,0,110.18,1
2025-12-20,4619,950,Reese Bauer,Loyal,Social,36,Puzzle 500pc,Toys,1,44.86,5,42.62,0
2025-12-20,4620,957,Morgan Okafor,Regular,Paid Search,7,Rain Shell,Apparel,1,23.29,0,23.29,0
2025-12-20,4621,995,Kai Tan,Champion,Organic,22,Scented Candle,Home,1,18.98,15,16.13,0
2025-12-20,4621,995,Kai Tan,Champion,Organic,1,Crew Tee,Apparel,3,53.87,25,121.21,0
2025-12-20,4621,995,Kai Tan,Champion,Organic,35,Building Blocks,Toys,1,32.84,25,24.63,0
2025-12-21,4622,25,Morgan Petrov,Champion,Paid Search,29,Yoga Mat,Sports,2,24.63,0,49.26,0
2025-12-21,4623,48,Priya Yamada,Champion,Paid Search,8,Chino Pants,Apparel,1,64.72,20,51.78,0
2025-12-21,4624,69,Taylor Yamada,Loyal,Email,18,LED Lamp,Home,1,50.85,20,40.68,0
2025-12-21,4625,76,Owen Flynn,Champion,Direct,39,RC Car,Toys,1,33.63,0,33.63,0
2025-12-21,4626,116,Wren Mendez,Champion,Email,28,SPF 50 Lotion,Beauty,1,34.44,0,34.44,0
2025-12-21,4627,140,Cole Marsh,Loyal,Email,37,Plush Bear,Toys,1,15.95,10,14.36,0
2025-12-21,4628,156,Hugo Flynn,Champion,Email,3,Denim Jacket,Apparel,1,65.95,25,49.46,0
2025-12-21,4629,234,Kai Walsh,Loyal,Paid Search,21,Storage Bin,Home,2,28.6,0,57.2,0
2025-12-21,4630,274,Drew Flynn,Loyal,Email,15,Smart Plug,Electronics,2,110.18,0,220.36,0
2025-12-21,4630,274,Drew Flynn,Loyal,Email,31,Resistance Bands,Sports,2,65.69,5,124.81,1
2025-12-21,4631,275,Jordan Fischer,Loyal,Referral,26,Shampoo Bar,Beauty,1,33.06,15,28.1,0
2025-12-21,4632,298,Lila Walsh,New,Organic,17,Ceramic Mug,Home,1,54.95,0,54.95,0
2025-12-21,4632,298,Lila Walsh,New,Organic,34,Running Belt,Sports,1,29.4,0,29.4,0
2025-12-21,4633,321,Lila Petrov,Loyal,Organic,1,Crew Tee,Apparel,1,53.87,5,51.18,0
2025-12-21,4633,321,Lila Petrov,Loyal,Organic,13,Webcam,Electronics,1,64,10,57.6,0
2025-12-21,4633,321,Lila Petrov,Loyal,Organic,31,Resistance Bands,Sports,1,65.69,5,62.41,0
2025-12-21,4634,376,Ivy Bauer,Loyal,Paid Search,19,Cutting Board,Home,1,53.71,10,48.34,0
2025-12-21,4635,408,Drew Ibarra,New,Direct,39,RC Car,Toys,1,33.63,0,33.63,0
2025-12-21,4636,422,Iris Mendez,Champion,Social,35,Building Blocks,Toys,3,32.84,0,98.52,0
2025-12-21,4637,428,Quinn Diaz,Champion,Paid Search,28,SPF 50 Lotion,Beauty,1,34.44,25,25.83,1
2025-12-21,4638,431,Mateo Ibarra,Loyal,Referral,36,Puzzle 500pc,Toys,1,44.86,0,44.86,0
2025-12-21,4639,444,Hugo Yamada,Regular,Email,31,Resistance Bands,Sports,1,65.69,0,65.69,0
2025-12-21,4639,444,Hugo Yamada,Regular,Email,19,Cutting Board,Home,1,53.71,0,53.71,0
2025-12-21,4639,444,Hugo Yamada,Regular,Email,10,USB-C Cable,Electronics,1,117.18,0,117.18,0
2025-12-21,4639,444,Hugo Yamada,Regular,Email,25,Sheet Mask,Beauty,1,8.59,0,8.59,0
2025-12-21,4640,454,Casey Larsen,Loyal,Referral,36,Puzzle 500pc,Toys,1,44.86,10,40.37,0
2025-12-21,4641,455,Casey Ahmed,Loyal,Email,17,Ceramic Mug,Home,1,54.95,0,54.95,0
2025-12-21,4642,462,Leo Petrov,Champion,Referral,23,Vitamin C Serum,Beauty,1,32.33,15,27.48,0
2025-12-21,4642,462,Leo Petrov,Champion,Referral,8,Chino Pants,Apparel,1,64.72,15,55.01,0
2025-12-21,4642,462,Leo Petrov,Champion,Referral,8,Chino Pants,Apparel,1,64.72,20,51.78,0
2025-12-21,4643,463,Jamie Hassan,Regular,Social,7,Rain Shell,Apparel,2,23.29,0,46.58,0
2025-12-21,4644,477,Wren Romano,Loyal,Organic,36,Puzzle 500pc,Toys,2,44.86,0,89.72,0
2025-12-21,4645,510,Drew Cohen,Loyal,Email,40,Art Kit,Toys,3,53.64,10,144.83,0
2025-12-21,4645,510,Drew Cohen,Loyal,Email,25,Sheet Mask,Beauty,3,8.59,0,25.77,0
2025-12-21,4646,550,Cole Ibarra,Champion,Organic,12,Bluetooth Speaker,Electronics,1,98.02,10,88.22,0
2025-12-21,4646,550,Cole Ibarra,Champion,Organic,17,Ceramic Mug,Home,1,54.95,0,54.95,0
2025-12-21,4647,627,Hugo Sullivan,Champion,Paid Search,14,Power Bank,Electronics,1,64.37,5,61.15,0
2025-12-21,4647,627,Hugo Sullivan,Champion,Paid Search,5,Socks 3-Pack,Apparel,1,65.81,0,65.81,0
2025-12-21,4647,627,Hugo Sullivan,Champion,Paid Search,8,Chino Pants,Apparel,1,64.72,10,58.25,0
2025-12-21,4648,639,Devon Yamada,Regular,Direct,30,Water Bottle,Sports,1,46.55,0,46.55,0
2025-12-21,4649,667,Maya Petrov,Champion,Paid Search,35,Building Blocks,Toys,3,32.84,5,93.59,0
2025-12-21,4649,667,Maya Petrov,Champion,Paid Search,29,Yoga Mat,Sports,2,24.63,5,46.8,0
2025-12-21,4650,673,Iris Ahmed,Regular,Organic,16,Throw Pillow,Home,1,19.11,0,19.11,0
2025-12-21,4651,708,Harper Bauer,New,Paid Search,38,Board Game,Toys,3,37.99,15,96.87,0
2025-12-21,4651,708,Harper Bauer,New,Paid Search,39,RC Car,Toys,1,33.63,10,30.27,0
2025-12-21,4651,708,Harper Bauer,New,Paid Search,10,USB-C Cable,Electronics,1,117.18,10,105.46,0
2025-12-21,4652,723,Tessa Khan,Regular,Email,1,Crew Tee,Apparel,1,53.87,0,53.87,0
2025-12-21,4653,726,Owen Nguyen,New,Referral,33,Jump Rope,Sports,2,33.41,0,66.82,0
2025-12-21,4654,735,Drew Brooks,Loyal,Social,19,Cutting Board,Home,1,53.71,5,51.02,0
2025-12-21,4654,735,Drew Brooks,Loyal,Social,10,USB-C Cable,Electronics,1,117.18,10,105.46,0
2025-12-21,4655,744,Quinn Ahmed,Loyal,Email,25,Sheet Mask,Beauty,1,8.59,0,8.59,0
2025-12-21,4655,744,Quinn Ahmed,Loyal,Email,15,Smart Plug,Electronics,3,110.18,5,314.01,0
2025-12-21,4656,751,Riley Kowalski,Champion,Direct,31,Resistance Bands,Sports,1,65.69,0,65.69,0
2025-12-21,4657,759,Ivy Reyes,Regular,Referral,11,Phone Case,Electronics,1,22.01,0,22.01,0
2025-12-21,4658,771,Rowan Bauer,Regular,Organic,1,Crew Tee,Apparel,1,53.87,0,53.87,0
2025-12-21,4658,771,Rowan Bauer,Regular,Organic,14,Power Bank,Electronics,1,64.37,0,64.37,0
2025-12-21,4659,772,Ivy Fischer,Regular,Email,24,Lip Balm,Beauty,1,36.1,20,28.88,0
2025-12-21,4660,793,Hugo Osei,Champion,Social,4,Joggers,Apparel,3,42.18,0,126.54,0
2025-12-21,4661,820,Drew Cohen,Loyal,Referral,16,Throw Pillow,Home,1,19.11,0,19.11,0
2025-12-21,4661,820,Drew Cohen,Loyal,Referral,22,Scented Candle,Home,1,18.98,0,18.98,0
2025-12-21,4661,820,Drew Cohen,Loyal,Referral,26,Shampoo Bar,Beauty,3,33.06,5,94.22,0
2025-12-21,4661,820,Drew Cohen,Loyal,Referral,21,Storage Bin,Home,1,28.6,5,27.17,0
2025-12-21,4662,823,Leo Brooks,Loyal,Email,12,Bluetooth Speaker,Electronics,1,98.02,5,93.12,0
2025-12-21,4662,823,Leo Brooks,Loyal,Email,12,Bluetooth Speaker,Electronics,2,98.02,10,176.44,1
2025-12-21,4663,848,Sasha Carter,Loyal,Paid Search,24,Lip Balm,Beauty,2,36.1,0,72.2,0
2025-12-21,4663,848,Sasha Carter,Loyal,Paid Search,22,Scented Candle,Home,3,18.98,10,51.25,0
2025-12-21,4664,852,Sasha Ahmed,Champion,Referral,30,Water Bottle,Sports,1,46.55,0,46.55,0
2025-12-21,4665,940,Avery Flynn,Loyal,Direct,3,Denim Jacket,Apparel,1,65.95,5,62.65,0
2025-12-21,4666,955,Taylor Yamada,Regular,Referral,31,Resistance Bands,Sports,2,65.69,10,118.24,0
2025-12-21,4666,955,Taylor Yamada,Regular,Referral,2,Hoodie,Apparel,1,19.91,15,16.92,0
2025-12-21,4667,964,Jordan Fischer,Loyal,Referral,8,Chino Pants,Apparel,3,64.72,5,184.45,0
2025-12-21,4668,971,Nora Reid,Regular,Email,13,Webcam,Electronics,1,64,0,64,0
2025-12-22,4669,7,Wren Larsen,Loyal,Referral,7,Rain Shell,Apparel,1,23.29,10,20.96,1
2025-12-22,4670,70,Jordan Cohen,Regular,Referral,8,Chino Pants,Apparel,1,64.72,0,64.72,0
2025-12-22,4670,70,Jordan Cohen,Regular,Referral,6,Beanie,Apparel,1,30.7,0,30.7,1
2025-12-22,4671,77,Devon Okafor,Regular,Email,4,Joggers,Apparel,1,42.18,0,42.18,1
2025-12-22,4671,77,Devon Okafor,Regular,Email,3,Denim Jacket,Apparel,1,65.95,0,65.95,0
2025-12-22,4671,77,Devon Okafor,Regular,Email,29,Yoga Mat,Sports,1,24.63,0,24.63,0
2025-12-22,4671,77,Devon Okafor,Regular,Email,16,Throw Pillow,Home,3,19.11,0,57.33,0
2025-12-22,4672,79,Kai Patel,Loyal,Direct,2,Hoodie,Apparel,1,19.91,0,19.91,0
2025-12-22,4673,85,Jamie Bauer,New,Email,10,USB-C Cable,Electronics,1,117.18,25,87.89,0
2025-12-22,4673,85,Jamie Bauer,New,Email,3,Denim Jacket,Apparel,1,65.95,10,59.36,0
2025-12-22,4673,85,Jamie Bauer,New,Email,23,Vitamin C Serum,Beauty,1,32.33,10,29.1,0
2025-12-22,4674,86,Priya Okafor,Champion,Email,31,Resistance Bands,Sports,1,65.69,10,59.12,0
2025-12-22,4675,142,Owen Khan,New,Social,25,Sheet Mask,Beauty,1,8.59,0,8.59,0
2025-12-22,4676,164,Leo Ibarra,At-Risk,Paid Search,3,Denim Jacket,Apparel,1,65.95,0,65.95,0
2025-12-22,4676,164,Leo Ibarra,At-Risk,Paid Search,25,Sheet Mask,Beauty,1,8.59,0,8.59,0
2025-12-22,4676,164,Leo Ibarra,At-Risk,Paid Search,16,Throw Pillow,Home,3,19.11,0,57.33,1
2025-12-22,4677,220,Reese Nguyen,Regular,Referral,23,Vitamin C Serum,Beauty,1,32.33,0,32.33,0
2025-12-22,4678,236,Ivy Khan,Regular,Social,6,Beanie,Apparel,2,30.7,0,61.4,0
2025-12-22,4679,260,Ezra Khan,At-Risk,Direct,23,Vitamin C Serum,Beauty,1,32.33,0,32.33,0
2025-12-22,4680,271,Nora Bauer,Loyal,Email,40,Art Kit,Toys,1,53.64,0,53.64,0
2025-12-22,4680,271,Nora Bauer,Loyal,Email,14,Power Bank,Electronics,1,64.37,10,57.93,0
2025-12-22,4680,271,Nora Bauer,Loyal,Email,10,USB-C Cable,Electronics,2,117.18,5,222.64,0
2025-12-22,4680,271,Nora Bauer,Loyal,Email,33,Jump Rope,Sports,1,33.41,0,33.41,0
2025-12-22,4681,310,Jamie Marsh,Loyal,Social,4,Joggers,Apparel,2,42.18,10,75.92,0
2025-12-22,4681,310,Jamie Marsh,Loyal,Social,38,Board Game,Toys,1,37.99,5,36.09,0
2025-12-22,4682,380,Quinn Bauer,Champion,Referral,12,Bluetooth Speaker,Electronics,1,98.02,5,93.12,0
2025-12-22,4683,431,Mateo Ibarra,Loyal,Referral,17,Ceramic Mug,Home,2,54.95,0,109.9,0
2025-12-22,4683,431,Mateo Ibarra,Loyal,Referral,13,Webcam,Electronics,1,64,0,64,0
2025-12-22,4684,442,Drew Flynn,Loyal,Organic,29,Yoga Mat,Sports,1,24.63,10,22.17,0
2025-12-22,4684,442,Drew Flynn,Loyal,Organic,15,Smart Plug,Electronics,1,110.18,0,110.18,0
2025-12-22,4685,466,Jamie Ahmed,Regular,Email,36,Puzzle 500pc,Toys,1,44.86,0,44.86,0
2025-12-22,4685,466,Jamie Ahmed,Regular,Email,40,Art Kit,Toys,1,53.64,0,53.64,0
2025-12-22,4686,469,Drew Costa,Regular,Direct,25,Sheet Mask,Beauty,1,8.59,0,8.59,0
2025-12-22,4687,474,Iris Hassan,Loyal,Direct,11,Phone Case,Electronics,3,22.01,10,59.43,0
2025-12-22,4688,499,Hugo Fischer,New,Email,36,Puzzle 500pc,Toys,1,44.86,0,44.86,0
2025-12-22,4688,499,Hugo Fischer,New,Email,1,Crew Tee,Apparel,2,53.87,0,107.74,0
2025-12-22,4689,511,Morgan Petrov,Regular,Direct,11,Phone Case,Electronics,1,22.01,0,22.01,0
2025-12-22,4690,551,Devon Fischer,Loyal,Social,39,RC Car,Toys,2,33.63,5,63.9,0
2025-12-22,4691,554,Noel Cohen,Champion,Paid Search,27,Hand Cream,Beauty,1,18.43,10,16.59,0
2025-12-22,4691,554,Noel Cohen,Champion,Paid Search,39,RC Car,Toys,1,33.63,5,31.95,0
2025-12-22,4692,585,Lila Flynn,Loyal,Direct,31,Resistance Bands,Sports,1,65.69,25,49.27,0
2025-12-22,4693,605,Jamie Carter,Loyal,Direct,11,Phone Case,Electronics,1,22.01,0,22.01,0
2025-12-22,4694,626,Lila Patel,At-Risk,Referral,17,Ceramic Mug,Home,2,54.95,0,109.9,0
2025-12-22,4694,626,Lila Patel,At-Risk,Referral,40,Art Kit,Toys,1,53.64,0,53.64,0
2025-12-22,4694,626,Lila Patel,At-Risk,Referral,27,Hand Cream,Beauty,1,18.43,0,18.43,0
2025-12-22,4695,640,Avery Romano,Champion,Organic,27,Hand Cream,Beauty,1,18.43,15,15.67,0
2025-12-22,4695,640,Avery Romano,Champion,Organic,31,Resistance Bands,Sports,1,65.69,20,52.55,0
2025-12-22,4696,644,Avery Osei,Loyal,Paid Search,29,Yoga Mat,Sports,1,24.63,0,24.63,0
2025-12-22,4697,651,Leo Petrov,Champion,Organic,19,Cutting Board,Home,1,53.71,0,53.71,0
2025-12-22,4697,651,Leo Petrov,Champion,Organic,2,Hoodie,Apparel,1,19.91,0,19.91,0
2025-12-22,4698,667,Maya Petrov,Champion,Paid Search,15,Smart Plug,Electronics,1,110.18,0,110.18,0
2025-12-22,4698,667,Maya Petrov,Champion,Paid Search,1,Crew Tee,Apparel,1,53.87,5,51.18,0
2025-12-22,4699,685,Mateo Novak,Regular,Organic,29,Yoga Mat,Sports,1,24.63,0,24.63,0
2025-12-22,4699,685,Mateo Novak,Regular,Organic,21,Storage Bin,Home,1,28.6,0,28.6,0
2025-12-22,4699,685,Mateo Novak,Regular,Organic,15,Smart Plug,Electronics,2,110.18,0,220.36,1
2025-12-22,4699,685,Mateo Novak,Regular,Organic,29,Yoga Mat,Sports,3,24.63,0,73.89,0
2025-12-22,4700,726,Owen Nguyen,New,Referral,3,Denim Jacket,Apparel,1,65.95,0,65.95,0
2025-12-22,4701,760,Kai Novak,Regular,Social,35,Building Blocks,Toys,1,32.84,0,32.84,0
2025-12-22,4701,760,Kai Novak,Regular,Social,6,Beanie,Apparel,1,30.7,0,30.7,0
2025-12-22,4701,760,Kai Novak,Regular,Social,40,Art Kit,Toys,1,53.64,0,53.64,0
2025-12-22,4702,845,Jordan Costa,Champion,Email,27,Hand Cream,Beauty,2,18.43,5,35.02,0
2025-12-22,4702,845,Jordan Costa,Champion,Email,2,Hoodie,Apparel,1,19.91,10,17.92,0
2025-12-22,4703,871,Iris Marsh,Regular,Direct,5,Socks 3-Pack,Apparel,3,65.81,10,177.69,0
2025-12-22,4704,900,Mateo Costa,At-Risk,Email,22,Scented Candle,Home,1,18.98,0,18.98,0
2025-12-22,4704,900,Mateo Costa,At-Risk,Email,7,Rain Shell,Apparel,1,23.29,0,23.29,0
2025-12-22,4705,915,Riley Park,Champion,Referral,24,Lip Balm,Beauty,2,36.1,15,61.37,0
2025-12-22,4706,928,Ivy Sullivan,Loyal,Referral,17,Ceramic Mug,Home,1,54.95,10,49.46,0
2025-12-22,4707,945,Jamie Novak,Champion,Email,31,Resistance Bands,Sports,2,65.69,5,124.81,0
2025-12-22,4708,949,Quinn Okafor,Champion,Organic,24,Lip Balm,Beauty,3,36.1,10,97.47,0
2025-12-22,4709,951,Nora Kowalski,Loyal,Organic,31,Resistance Bands,Sports,1,65.69,25,49.27,0
2025-12-23,4710,27,Nora Bauer,Champion,Referral,12,Bluetooth Speaker,Electronics,2,98.02,0,196.04,0
2025-12-23,4711,63,Cole Bauer,Champion,Organic,37,Plush Bear,Toys,1,15.95,5,15.15,0
2025-12-23,4711,63,Cole Bauer,Champion,Organic,2,Hoodie,Apparel,2,19.91,0,39.82,0
2025-12-23,4712,66,Devon Reyes,Champion,Organic,30,Water Bottle,Sports,1,46.55,0,46.55,0
2025-12-23,4713,79,Kai Patel,Loyal,Direct,34,Running Belt,Sports,2,29.4,10,52.92,0
2025-12-23,4713,79,Kai Patel,Loyal,Direct,40,Art Kit,Toys,1,53.64,0,53.64,0
2025-12-23,4714,80,Lila Petrov,New,Organic,29,Yoga Mat,Sports,3,24.63,0,73.89,0
2025-12-23,4715,84,Hugo Kowalski,Loyal,Direct,25,Sheet Mask,Beauty,1,8.59,0,8.59,0
2025-12-23,4716,101,Noel Ibarra,Loyal,Paid Search,20,Towel Set,Home,1,19.75,10,17.78,0
2025-12-23,4717,105,Rowan Carter,Regular,Direct,17,Ceramic Mug,Home,1,54.95,0,54.95,0
2025-12-23,4718,124,Ezra Kowalski,Champion,Social,17,Ceramic Mug,Home,1,54.95,25,41.21,0
2025-12-23,4719,145,Iris Yamada,Loyal,Direct,35,Building Blocks,Toys,2,32.84,10,59.11,0
2025-12-23,4720,182,Riley Patel,At-Risk,Email,10,USB-C Cable,Electronics,2,117.18,0,234.36,0
2025-12-23,4720,182,Riley Patel,At-Risk,Email,6,Beanie,Apparel,1,30.7,0,30.7,0
2025-12-23,4720,182,Riley Patel,At-Risk,Email,23,Vitamin C Serum,Beauty,3,32.33,0,96.99,0
2025-12-23,4721,186,Kai Novak,Loyal,Organic,3,Denim Jacket,Apparel,1,65.95,0,65.95,0
2025-12-23,4722,202,Jamie Sullivan,New,Organic,2,Hoodie,Apparel,1,19.91,0,19.91,0
2025-12-23,4723,233,Wren Carter,New,Referral,29,Yoga Mat,Sports,2,24.63,0,49.26,0
2025-12-23,4723,233,Wren Carter,New,Referral,2,Hoodie,Apparel,1,19.91,0,19.91,0
2025-12-23,4723,233,Wren Carter,New,Referral,9,Wireless Earbuds,Electronics,1,94.29,0,94.29,0
2025-12-23,4723,233,Wren Carter,New,Referral,32,Foam Roller,Sports,2,65.98,0,131.96,0
2025-12-23,4724,237,Devon Yamada,New,Email,16,Throw Pillow,Home,2,19.11,0,38.22,0
2025-12-23,4725,245,Drew Flynn,Loyal,Direct,17,Ceramic Mug,Home,1,54.95,25,41.21,0
2025-12-23,4725,245,Drew Flynn,Loyal,Direct,1,Crew Tee,Apparel,1,53.87,20,43.1,0
2025-12-23,4726,273,Avery Flynn,Loyal,Referral,3,Denim Jacket,Apparel,1,65.95,10,59.36,0
2025-12-23,4727,279,Ivy Fischer,Loyal,Email,31,Resistance Bands,Sports,3,65.69,5,187.22,0
2025-12-23,4727,279,Ivy Fischer,Loyal,Email,4,Joggers,Apparel,1,42.18,10,37.96,0
2025-12-23,4728,286,Leo Petrov,Champion,Referral,40,Art Kit,Toys,1,53.64,15,45.59,0
2025-12-23,4729,319,Tessa Petrov,Loyal,Paid Search,26,Shampoo Bar,Beauty,1,33.06,10,29.75,0
2025-12-23,4730,339,Ivy Park,Regular,Paid Search,39,RC Car,Toys,2,33.63,0,67.26,0
2025-12-23,4730,339,Ivy Park,Regular,Paid Search,19,Cutting Board,Home,1,53.71,0,53.71,0
2025-12-23,4731,340,Reese Yamada,Loyal,Referral,22,Scented Candle,Home,1,18.98,10,17.08,0
2025-12-23,4732,350,Ivy Walsh,Loyal,Paid Search,22,Scented Candle,Home,1,18.98,0,18.98,0
2025-12-23,4732,350,Ivy Walsh,Loyal,Paid Search,14,Power Bank,Electronics,1,64.37,10,57.93,0
2025-12-23,4733,386,Rowan Mendez,Loyal,Referral,25,Sheet Mask,Beauty,1,8.59,0,8.59,1
2025-12-23,4733,386,Rowan Mendez,Loyal,Referral,12,Bluetooth Speaker,Electronics,1,98.02,5,93.12,0
2025-12-23,4734,422,Iris Mendez,Champion,Social,21,Storage Bin,Home,2,28.6,10,51.48,0
2025-12-23,4734,422,Iris Mendez,Champion,Social,9,Wireless Earbuds,Electronics,1,94.29,25,70.72,0
2025-12-23,4735,437,Lila Marsh,Loyal,Email,3,Denim Jacket,Apparel,1,65.95,10,59.36,0
2025-12-23,4735,437,Lila Marsh,Loyal,Email,38,Board Game,Toys,2,37.99,10,68.38,0
2025-12-23,4736,509,Devon Bauer,New,Paid Search,33,Jump Rope,Sports,1,33.41,0,33.41,0
2025-12-23,4737,651,Leo Petrov,Champion,Organic,19,Cutting Board,Home,2,53.71,20,85.94,0
2025-12-23,4737,651,Leo Petrov,Champion,Organic,9,Wireless Earbuds,Electronics,2,94.29,10,169.72,0
2025-12-23,4737,651,Leo Petrov,Champion,Organic,8,Chino Pants,Apparel,1,64.72,15,55.01,0
2025-12-23,4738,699,Jordan Ibarra,Regular,Organic,18,LED Lamp,Home,1,50.85,0,50.85,0
2025-12-23,4738,699,Jordan Ibarra,Regular,Organic,28,SPF 50 Lotion,Beauty,1,34.44,0,34.44,0
2025-12-23,4738,699,Jordan Ibarra,Regular,Organic,22,Scented Candle,Home,1,18.98,0,18.98,0
2025-12-23,4739,709,Ezra Mendez,Loyal,Referral,35,Building Blocks,Toys,2,32.84,5,62.4,0
2025-12-23,4740,729,Casey Ahmed,Regular,Social,13,Webcam,Electronics,1,64,0,64,0
2025-12-23,4740,729,Casey Ahmed,Regular,Social,20,Towel Set,Home,1,19.75,0,19.75,0
2025-12-23,4741,754,Tessa Okafor,Regular,Social,9,Wireless Earbuds,Electronics,1,94.29,0,94.29,0
2025-12-23,4741,754,Tessa Okafor,Regular,Social,4,Joggers,Apparel,1,42.18,0,42.18,0
2025-12-23,4741,754,Tessa Okafor,Regular,Social,22,Scented Candle,Home,3,18.98,0,56.94,1
2025-12-23,4742,773,Ivy Yamada,Loyal,Email,39,RC Car,Toys,2,33.63,0,67.26,0
2025-12-23,4742,773,Ivy Yamada,Loyal,Email,25,Sheet Mask,Beauty,3,8.59,0,25.77,0
2025-12-23,4742,773,Ivy Yamada,Loyal,Email,38,Board Game,Toys,2,37.99,0,75.98,0
2025-12-23,4743,788,Taylor Osei,Regular,Email,22,Scented Candle,Home,1,18.98,0,18.98,0
2025-12-23,4744,795,Jamie Reyes,Loyal,Email,37,Plush Bear,Toys,1,15.95,10,14.36,0
2025-12-23,4744,795,Jamie Reyes,Loyal,Email,12,Bluetooth Speaker,Electronics,1,98.02,5,93.12,0
2025-12-23,4745,815,Wren Mendez,Regular,Direct,37,Plush Bear,Toys,2,15.95,0,31.9,0
2025-12-23,4745,815,Wren Mendez,Regular,Direct,23,Vitamin C Serum,Beauty,1,32.33,0,32.33,0
2025-12-23,4746,817,Jordan Carter,Loyal,Referral,19,Cutting Board,Home,1,53.71,5,51.02,0
2025-12-23,4746,817,Jordan Carter,Loyal,Referral,11,Phone Case,Electronics,1,22.01,5,20.91,0
2025-12-23,4746,817,Jordan Carter,Loyal,Referral,12,Bluetooth Speaker,Electronics,2,98.02,10,176.44,1
2025-12-23,4746,817,Jordan Carter,Loyal,Referral,18,LED Lamp,Home,1,50.85,10,45.77,0
2025-12-23,4747,845,Jordan Costa,Champion,Email,36,Puzzle 500pc,Toys,2,44.86,5,85.23,0
2025-12-23,4747,845,Jordan Costa,Champion,Email,11,Phone Case,Electronics,1,22.01,0,22.01,0
2025-12-23,4747,845,Jordan Costa,Champion,Email,15,Smart Plug,Electronics,1,110.18,10,99.16,0
2025-12-23,4748,877,Iris Petrov,New,Referral,5,Socks 3-Pack,Apparel,1,65.81,0,65.81,0
2025-12-23,4749,972,Cole Tan,At-Risk,Direct,28,SPF 50 Lotion,Beauty,1,34.44,0,34.44,0
2025-12-23,4750,973,Avery Hassan,At-Risk,Organic,7,Rain Shell,Apparel,2,23.29,0,46.58,0
2025-12-23,4750,973,Avery Hassan,At-Risk,Organic,26,Shampoo Bar,Beauty,2,33.06,0,66.12,1
2025-12-23,4750,973,Avery Hassan,At-Risk,Organic,1,Crew Tee,Apparel,1,53.87,0,53.87,0
2025-12-23,4751,979,Wren Brooks,At-Risk,Organic,20,Towel Set,Home,3,19.75,0,59.25,0
2025-12-23,4751,979,Wren Brooks,At-Risk,Organic,1,Crew Tee,Apparel,1,53.87,0,53.87,0
2025-12-23,4751,979,Wren Brooks,At-Risk,Organic,27,Hand Cream,Beauty,2,18.43,0,36.86,0
2025-12-23,4752,998,Lila Yamada,Champion,Email,22,Scented Candle,Home,1,18.98,0,18.98,0
2025-12-23,4752,998,Lila Yamada,Champion,Email,16,Throw Pillow,Home,1,19.11,5,18.15,1
2025-12-23,4752,998,Lila Yamada,Champion,Email,14,Power Bank,Electronics,1,64.37,0,64.37,0
2025-12-24,4753,16,Quinn Diaz,Regular,Organic,3,Denim Jacket,Apparel,1,65.95,0,65.95,0
2025-12-24,4753,16,Quinn Diaz,Regular,Organic,36,Puzzle 500pc,Toys,1,44.86,0,44.86,0
2025-12-24,4754,25,Morgan Petrov,Champion,Paid Search,38,Board Game,Toys,1,37.99,10,34.19,0
2025-12-24,4754,25,Morgan Petrov,Champion,Paid Search,13,Webcam,Electronics,2,64,0,128,0
2025-12-24,4755,34,Devon Brooks,Regular,Direct,24,Lip Balm,Beauty,1,36.1,0,36.1,0
2025-12-24,4756,63,Cole Bauer,Champion,Organic,36,Puzzle 500pc,Toys,1,44.86,0,44.86,0
2025-12-24,4756,63,Cole Bauer,Champion,Organic,8,Chino Pants,Apparel,1,64.72,0,64.72,0
2025-12-24,4757,121,Kai Nguyen,Loyal,Direct,20,Towel Set,Home,3,19.75,0,59.25,0
2025-12-24,4757,121,Kai Nguyen,Loyal,Direct,16,Throw Pillow,Home,1,19.11,5,18.15,0
2025-12-24,4757,121,Kai Nguyen,Loyal,Direct,5,Socks 3-Pack,Apparel,1,65.81,0,65.81,0
2025-12-24,4758,154,Drew Novak,Champion,Paid Search,16,Throw Pillow,Home,1,19.11,10,17.2,0
2025-12-24,4759,205,Mateo Bauer,New,Referral,36,Puzzle 500pc,Toys,1,44.86,0,44.86,0
2025-12-24,4759,205,Mateo Bauer,New,Referral,36,Puzzle 500pc,Toys,1,44.86,0,44.86,0
2025-12-24,4760,226,Leo Petrov,Champion,Organic,17,Ceramic Mug,Home,3,54.95,0,164.85,1
2025-12-24,4760,226,Leo Petrov,Champion,Organic,15,Smart Plug,Electronics,2,110.18,5,209.34,0
2025-12-24,4761,231,Priya Kowalski,Loyal,Organic,27,Hand Cream,Beauty,1,18.43,0,18.43,0
2025-12-24,4762,235,Casey Okafor,Regular,Social,38,Board Game,Toys,2,37.99,0,75.98,0
2025-12-24,4762,235,Casey Okafor,Regular,Social,22,Scented Candle,Home,1,18.98,0,18.98,0
2025-12-24,4763,247,Maya Flynn,Regular,Social,24,Lip Balm,Beauty,1,36.1,0,36.1,0
2025-12-24,4764,286,Leo Petrov,Champion,Referral,36,Puzzle 500pc,Toys,1,44.86,20,35.89,0
2025-12-24,4764,286,Leo Petrov,Champion,Referral,22,Scented Candle,Home,1,18.98,15,16.13,0
2025-12-24,4765,307,Casey Ahmed,Champion,Organic,25,Sheet Mask,Beauty,1,8.59,5,8.16,0
2025-12-24,4765,307,Casey Ahmed,Champion,Organic,17,Ceramic Mug,Home,1,54.95,0,54.95,0
2025-12-24,4766,340,Reese Yamada,Loyal,Referral,5,Socks 3-Pack,Apparel,3,65.81,0,197.43,0
2025-12-24,4766,340,Reese Yamada,Loyal,Referral,16,Throw Pillow,Home,2,19.11,10,34.4,0
2025-12-24,4767,351,Harper Costa,Loyal,Email,30,Water Bottle,Sports,2,46.55,0,93.1,0
2025-12-24,4767,351,Harper Costa,Loyal,Email,13,Webcam,Electronics,1,64,10,57.6,0
2025-12-24,4768,352,Casey Patel,Regular,Direct,36,Puzzle 500pc,Toys,2,44.86,0,89.72,0
2025-12-24,4768,352,Casey Patel,Regular,Direct,13,Webcam,Electronics,3,64,0,192,0
2025-12-24,4769,371,Morgan Hassan,Regular,Paid Search,28,SPF 50 Lotion,Beauty,1,34.44,20,27.55,0
2025-12-24,4770,437,Lila Marsh,Loyal,Email,35,Building Blocks,Toys,2,32.84,20,52.54,0
2025-12-24,4770,437,Lila Marsh,Loyal,Email,31,Resistance Bands,Sports,2,65.69,15,111.67,0
2025-12-24,4770,437,Lila Marsh,Loyal,Email,25,Sheet Mask,Beauty,1,8.59,25,6.44,0
2025-12-24,4770,437,Lila Marsh,Loyal,Email,31,Resistance Bands,Sports,2,65.69,20,105.1,0
2025-12-24,4771,448,Lila Brooks,Regular,Referral,18,LED Lamp,Home,1,50.85,25,38.14,0
2025-12-24,4772,449,Leo Fischer,Regular,Social,3,Denim Jacket,Apparel,2,65.95,0,131.9,0
2025-12-24,4773,470,Ezra Tan,Champion,Social,38,Board Game,Toys,1,37.99,0,37.99,0
2025-12-24,4773,470,Ezra Tan,Champion,Social,7,Rain Shell,Apparel,2,23.29,5,44.25,0
2025-12-24,4774,499,Hugo Fischer,New,Email,12,Bluetooth Speaker,Electronics,1,98.02,0,98.02,0
2025-12-24,4775,500,Priya Osei,Regular,Social,8,Chino Pants,Apparel,1,64.72,20,51.78,0
2025-12-24,4776,518,Casey Patel,Loyal,Referral,38,Board Game,Toys,1,37.99,20,30.39,0
2025-12-24,4776,518,Casey Patel,Loyal,Referral,21,Storage Bin,Home,1,28.6,15,24.31,0
2025-12-24,4777,527,Jamie Fischer,Champion,Referral,36,Puzzle 500pc,Toys,1,44.86,0,44.86,0
2025-12-24,4777,527,Jamie Fischer,Champion,Referral,32,Foam Roller,Sports,1,65.98,10,59.38,0
2025-12-24,4778,578,Nora Marsh,Champion,Social,22,Scented Candle,Home,1,18.98,0,18.98,0
2025-12-24,4778,578,Nora Marsh,Champion,Social,23,Vitamin C Serum,Beauty,2,32.33,0,64.66,0
2025-12-24,4778,578,Nora Marsh,Champion,Social,38,Board Game,Toys,1,37.99,0,37.99,0
2025-12-24,4779,590,Leo Okafor,Champion,Direct,38,Board Game,Toys,2,37.99,5,72.18,0
2025-12-24,4779,590,Leo Okafor,Champion,Direct,33,Jump Rope,Sports,1,33.41,0,33.41,0
2025-12-24,4779,590,Leo Okafor,Champion,Direct,24,Lip Balm,Beauty,2,36.1,0,72.2,0
2025-12-24,4780,673,Iris Ahmed,Regular,Organic,37,Plush Bear,Toys,1,15.95,20,12.76,0
2025-12-24,4781,694,Devon Ibarra,At-Risk,Email,33,Jump Rope,Sports,2,33.41,0,66.82,1
2025-12-24,4782,700,Owen Cohen,Champion,Social,37,Plush Bear,Toys,1,15.95,10,14.36,0
2025-12-24,4782,700,Owen Cohen,Champion,Social,6,Beanie,Apparel,1,30.7,0,30.7,0
2025-12-24,4783,705,Jamie Park,Champion,Paid Search,24,Lip Balm,Beauty,1,36.1,0,36.1,0
2025-12-24,4783,705,Jamie Park,Champion,Paid Search,5,Socks 3-Pack,Apparel,1,65.81,0,65.81,0
2025-12-24,4783,705,Jamie Park,Champion,Paid Search,27,Hand Cream,Beauty,1,18.43,10,16.59,0
2025-12-24,4784,800,Owen Novak,Loyal,Referral,23,Vitamin C Serum,Beauty,1,32.33,5,30.71,0
2025-12-24,4784,800,Owen Novak,Loyal,Referral,38,Board Game,Toys,3,37.99,5,108.27,0
2025-12-24,4785,859,Mateo Mendez,Champion,Email,25,Sheet Mask,Beauty,1,8.59,10,7.73,0
2025-12-24,4785,859,Mateo Mendez,Champion,Email,1,Crew Tee,Apparel,2,53.87,10,96.97,0
2025-12-24,4785,859,Mateo Mendez,Champion,Email,38,Board Game,Toys,2,37.99,25,56.99,0
2025-12-24,4786,953,Jamie Reid,Champion,Referral,24,Lip Balm,Beauty,1,36.1,10,32.49,0
2025-12-24,4786,953,Jamie Reid,Champion,Referral,35,Building Blocks,Toys,2,32.84,5,62.4,0
2025-12-24,4787,960,Wren Mendez,Champion,Social,18,LED Lamp,Home,1,50.85,0,50.85,0
2025-12-24,4788,967,Morgan Fischer,Loyal,Organic,1,Crew Tee,Apparel,1,53.87,0,53.87,0
2025-12-24,4788,967,Morgan Fischer,Loyal,Organic,40,Art Kit,Toys,3,53.64,0,160.92,0
2025-12-24,4788,967,Morgan Fischer,Loyal,Organic,2,Hoodie,Apparel,3,19.91,5,56.74,0
2025-12-24,4789,995,Kai Tan,Champion,Organic,17,Ceramic Mug,Home,1,54.95,0,54.95,0
2025-12-25,4790,20,Ezra Romano,Regular,Email,4,Joggers,Apparel,1,42.18,15,35.85,0
2025-12-25,4790,20,Ezra Romano,Regular,Email,14,Power Bank,Electronics,1,64.37,25,48.28,0
2025-12-25,4790,20,Ezra Romano,Regular,Email,5,Socks 3-Pack,Apparel,1,65.81,15,55.94,0
2025-12-25,4791,36,Iris Park,Champion,Organic,28,SPF 50 Lotion,Beauty,1,34.44,5,32.72,0
2025-12-25,4792,42,Cole Reyes,Champion,Email,24,Lip Balm,Beauty,1,36.1,0,36.1,0
2025-12-25,4792,42,Cole Reyes,Champion,Email,38,Board Game,Toys,1,37.99,5,36.09,0
2025-12-25,4793,74,Casey Flynn,New,Organic,12,Bluetooth Speaker,Electronics,3,98.02,0,294.06,0
2025-12-25,4793,74,Casey Flynn,New,Organic,15,Smart Plug,Electronics,1,110.18,0,110.18,0
2025-12-25,4794,76,Owen Flynn,Champion,Direct,32,Foam Roller,Sports,1,65.98,5,62.68,0
2025-12-25,4795,115,Cole Ahmed,Champion,Paid Search,21,Storage Bin,Home,1,28.6,0,28.6,0
2025-12-25,4796,133,Tessa Petrov,Regular,Social,31,Resistance Bands,Sports,1,65.69,0,65.69,0
2025-12-25,4797,140,Cole Marsh,Loyal,Email,30,Water Bottle,Sports,1,46.55,10,41.9,0
2025-12-25,4797,140,Cole Marsh,Loyal,Email,11,Phone Case,Electronics,1,22.01,25,16.51,0
2025-12-25,4797,140,Cole Marsh,Loyal,Email,9,Wireless Earbuds,Electronics,2,94.29,10,169.72,0
2025-12-25,4798,186,Kai Novak,Loyal,Organic,33,Jump Rope,Sports,3,33.41,5,95.22,0
2025-12-25,4799,189,Noel Romano,Champion,Organic,38,Board Game,Toys,3,37.99,10,102.57,0
2025-12-25,4799,189,Noel Romano,Champion,Organic,34,Running Belt,Sports,2,29.4,0,58.8,0
2025-12-25,4800,235,Casey Okafor,Regular,Social,22,Scented Candle,Home,3,18.98,15,48.4,0
2025-12-25,4801,240,Morgan Flynn,Regular,Direct,32,Foam Roller,Sports,1,65.98,0,65.98,0
2025-12-25,4802,245,Drew Flynn,Loyal,Direct,29,Yoga Mat,Sports,2,24.63,10,44.33,0
2025-12-25,4802,245,Drew Flynn,Loyal,Direct,34,Running Belt,Sports,1,29.4,0,29.4,0
2025-12-25,4803,251,Tessa Ahmed,Regular,Social,11,Phone Case,Electronics,1,22.01,0,22.01,0
2025-12-25,4803,251,Tessa Ahmed,Regular,Social,28,SPF 50 Lotion,Beauty,1,34.44,0,34.44,0
2025-12-25,4804,265,Ezra Okafor,Regular,Paid Search,24,Lip Balm,Beauty,1,36.1,0,36.1,0
2025-12-25,4804,265,Ezra Okafor,Regular,Paid Search,11,Phone Case,Electronics,1,22.01,0,22.01,0
2025-12-25,4805,268,Cole Yamada,Loyal,Direct,5,Socks 3-Pack,Apparel,3,65.81,0,197.43,0
2025-12-25,4806,281,Avery Reyes,Loyal,Organic,12,Bluetooth Speaker,Electronics,1,98.02,0,98.02,0
2025-12-25,4807,305,Wren Park,Loyal,Social,40,Art Kit,Toys,2,53.64,15,91.19,0
2025-12-25,4807,305,Wren Park,Loyal,Social,18,LED Lamp,Home,1,50.85,15,43.22,0
2025-12-25,4808,353,Tessa Osei,Regular,Referral,26,Shampoo Bar,Beauty,3,33.06,20,79.34,0
2025-12-25,4809,358,Casey Carter,Champion,Organic,26,Shampoo Bar,Beauty,1,33.06,0,33.06,0
2025-12-25,4810,370,Kai Brooks,New,Social,13,Webcam,Electronics,1,64,0,64,0
2025-12-25,4810,370,Kai Brooks,New,Social,2,Hoodie,Apparel,2,19.91,0,39.82,0
2025-12-25,4810,370,Kai Brooks,New,Social,16,Throw Pillow,Home,2,19.11,0,38.22,0
2025-12-25,4811,380,Quinn Bauer,Champion,Referral,14,Power Bank,Electronics,1,64.37,0,64.37,0
2025-12-25,4811,380,Quinn Bauer,Champion,Referral,32,Foam Roller,Sports,1,65.98,0,65.98,0
2025-12-25,4811,380,Quinn Bauer,Champion,Referral,21,Storage Bin,Home,3,28.6,0,85.8,0
2025-12-25,4812,451,Casey Mendez,Regular,Referral,32,Foam Roller,Sports,1,65.98,0,65.98,0
2025-12-25,4812,451,Casey Mendez,Regular,Referral,24,Lip Balm,Beauty,1,36.1,0,36.1,0
2025-12-25,4813,455,Casey Ahmed,Loyal,Email,7,Rain Shell,Apparel,3,23.29,0,69.87,0
2025-12-25,4813,455,Casey Ahmed,Loyal,Email,33,Jump Rope,Sports,1,33.41,10,30.07,0
2025-12-25,4814,516,Maya Cohen,Loyal,Email,4,Joggers,Apparel,1,42.18,0,42.18,0
2025-12-25,4814,516,Maya Cohen,Loyal,Email,24,Lip Balm,Beauty,2,36.1,0,72.2,0
2025-12-25,4815,553,Rowan Diaz,New,Paid Search,35,Building Blocks,Toys,1,32.84,0,32.84,0
2025-12-25,4816,565,Noel Fischer,Champion,Social,37,Plush Bear,Toys,3,15.95,5,45.46,0
2025-12-25,4816,565,Noel Fischer,Champion,Social,7,Rain Shell,Apparel,1,23.29,0,23.29,0
2025-12-25,4816,565,Noel Fischer,Champion,Social,39,RC Car,Toys,1,33.63,0,33.63,1
2025-12-25,4816,565,Noel Fischer,Champion,Social,30,Water Bottle,Sports,1,46.55,0,46.55,0
2025-12-25,4817,579,Lila Novak,Regular,Social,38,Board Game,Toys,1,37.99,0,37.99,0
2025-12-25,4818,627,Hugo Sullivan,Champion,Paid Search,34,Running Belt,Sports,1,29.4,10,26.46,0
2025-12-25,4819,649,Harper Nguyen,Champion,Referral,40,Art Kit,Toys,1,53.64,5,50.96,0
2025-12-25,4820,651,Leo Petrov,Champion,Organic,10,USB-C Cable,Electronics,2,117.18,10,210.92,0
2025-12-25,4820,651,Leo Petrov,Champion,Organic,37,Plush Bear,Toys,1,15.95,0,15.95,1
2025-12-25,4820,651,Leo Petrov,Champion,Organic,27,Hand Cream,Beauty,1,18.43,10,16.59,0
2025-12-25,4820,651,Leo Petrov,Champion,Organic,23,Vitamin C Serum,Beauty,1,32.33,0,32.33,0
2025-12-25,4821,659,Kai Nguyen,New,Referral,34,Running Belt,Sports,2,29.4,0,58.8,1
2025-12-25,4822,673,Iris Ahmed,Regular,Organic,20,Towel Set,Home,1,19.75,15,16.79,1
2025-12-25,4822,673,Iris Ahmed,Regular,Organic,13,Webcam,Electronics,1,64,15,54.4,0
2025-12-25,4822,673,Iris Ahmed,Regular,Organic,39,RC Car,Toys,1,33.63,10,30.27,0
2025-12-25,4823,705,Jamie Park,Champion,Paid Search,16,Throw Pillow,Home,2,19.11,0,38.22,0
2025-12-25,4824,710,Nora Khan,Champion,Email,3,Denim Jacket,Apparel,2,65.95,10,118.71,1
2025-12-25,4824,710,Nora Khan,Champion,Email,36,Puzzle 500pc,Toys,1,44.86,20,35.89,0
2025-12-25,4824,710,Nora Khan,Champion,Email,21,Storage Bin,Home,1,28.6,15,24.31,0
2025-12-25,4825,712,Drew Carter,At-Risk,Referral,14,Power Bank,Electronics,2,64.37,0,128.74,0
2025-12-25,4826,732,Devon Walsh,New,Organic,8,Chino Pants,Apparel,1,64.72,0,64.72,0
2025-12-25,4827,750,Reese Ibarra,New,Direct,9,Wireless Earbuds,Electronics,2,94.29,0,188.58,0
2025-12-25,4827,750,Reese Ibarra,New,Direct,31,Resistance Bands,Sports,1,65.69,0,65.69,0
2025-12-25,4828,753,Tessa Mendez,Regular,Social,36,Puzzle 500pc,Toys,1,44.86,0,44.86,0
2025-12-25,4829,795,Jamie Reyes,Loyal,Email,26,Shampoo Bar,Beauty,2,33.06,0,66.12,0
2025-12-25,4830,816,Hugo Sullivan,Loyal,Organic,24,Lip Balm,Beauty,1,36.1,10,32.49,0
2025-12-25,4830,816,Hugo Sullivan,Loyal,Organic,36,Puzzle 500pc,Toys,1,44.86,5,42.62,0
2025-12-25,4831,842,Nora Patel,New,Social,33,Jump Rope,Sports,1,33.41,0,33.41,1
2025-12-25,4831,842,Nora Patel,New,Social,32,Foam Roller,Sports,3,65.98,0,197.94,0
2025-12-25,4831,842,Nora Patel,New,Social,35,Building Blocks,Toys,1,32.84,0,32.84,0
2025-12-25,4832,893,Kai Sullivan,Loyal,Organic,27,Hand Cream,Beauty,1,18.43,0,18.43,0
2025-12-25,4833,897,Wren Khan,Loyal,Paid Search,36,Puzzle 500pc,Toys,2,44.86,0,89.72,0
2025-12-25,4834,915,Riley Park,Champion,Referral,40,Art Kit,Toys,1,53.64,25,40.23,0
2025-12-25,4834,915,Riley Park,Champion,Referral,20,Towel Set,Home,2,19.75,10,35.55,0
2025-12-25,4835,935,Noel Romano,Regular,Social,11,Phone Case,Electronics,1,22.01,0,22.01,0
2025-12-25,4835,935,Noel Romano,Regular,Social,3,Denim Jacket,Apparel,1,65.95,0,65.95,0
2025-12-25,4836,943,Rowan Petrov,New,Direct,28,SPF 50 Lotion,Beauty,2,34.44,20,55.1,0
2025-12-25,4836,943,Rowan Petrov,New,Direct,13,Webcam,Electronics,3,64,25,144,1
2025-12-25,4837,950,Reese Bauer,Loyal,Social,36,Puzzle 500pc,Toys,1,44.86,15,38.13,0
2025-12-25,4838,998,Lila Yamada,Champion,Email,27,Hand Cream,Beauty,2,18.43,25,27.65,0
2025-12-26,4839,4,Leo Marsh,Regular,Social,37,Plush Bear,Toys,3,15.95,10,43.07,0
2025-12-26,4839,4,Leo Marsh,Regular,Social,14,Power Bank,Electronics,1,64.37,10,57.93,0
2025-12-26,4840,31,Harper Ibarra,Regular,Email,23,Vitamin C Serum,Beauty,1,32.33,0,32.33,0
2025-12-26,4841,43,Maya Okafor,Loyal,Organic,4,Joggers,Apparel,1,42.18,10,37.96,0
2025-12-26,4842,49,Nora Romano,Loyal,Direct,25,Sheet Mask,Beauty,1,8.59,0,8.59,0
2025-12-26,4842,49,Nora Romano,Loyal,Direct,23,Vitamin C Serum,Beauty,1,32.33,5,30.71,0
2025-12-26,4842,49,Nora Romano,Loyal,Direct,10,USB-C Cable,Electronics,3,117.18,10,316.39,0
2025-12-26,4843,55,Cole Okafor,Regular,Direct,29,Yoga Mat,Sports,2,24.63,0,49.26,0
2025-12-26,4843,55,Cole Okafor,Regular,Direct,25,Sheet Mask,Beauty,1,8.59,0,8.59,0
2025-12-26,4844,75,Jamie Ibarra,Loyal,Email,23,Vitamin C Serum,Beauty,3,32.33,0,96.99,0
2025-12-26,4844,75,Jamie Ibarra,Loyal,Email,1,Crew Tee,Apparel,1,53.87,10,48.48,0
2025-12-26,4844,75,Jamie Ibarra,Loyal,Email,14,Power Bank,Electronics,1,64.37,0,64.37,0
2025-12-26,4845,90,Avery Novak,Champion,Paid Search,4,Joggers,Apparel,1,42.18,10,37.96,0
2025-12-26,4845,90,Avery Novak,Champion,Paid Search,31,Resistance Bands,Sports,3,65.69,10,177.36,0
2025-12-26,4846,115,Cole Ahmed,Champion,Paid Search,37,Plush Bear,Toys,1,15.95,0,15.95,0
2025-12-26,4847,124,Ezra Kowalski,Champion,Social,8,Chino Pants,Apparel,1,64.72,5,61.48,0
2025-12-26,4848,147,Sasha Brooks,At-Risk,Email,4,Joggers,Apparel,1,42.18,0,42.18,0
2025-12-26,4848,147,Sasha Brooks,At-Risk,Email,34,Running Belt,Sports,1,29.4,0,29.4,0
2025-12-26,4848,147,Sasha Brooks,At-Risk,Email,18,LED Lamp,Home,1,50.85,0,50.85,0
2025-12-26,4848,147,Sasha Brooks,At-Risk,Email,23,Vitamin C Serum,Beauty,1,32.33,0,32.33,0
2025-12-26,4849,217,Lila Ibarra,Regular,Social,13,Webcam,Electronics,3,64,25,144,0
2025-12-26,4850,249,Harper Patel,Regular,Organic,13,Webcam,Electronics,1,64,0,64,0
2025-12-26,4851,252,Devon Mendez,Loyal,Email,18,LED Lamp,Home,1,50.85,10,45.77,0
2025-12-26,4852,271,Nora Bauer,Loyal,Email,20,Towel Set,Home,1,19.75,5,18.76,0
2025-12-26,4852,271,Nora Bauer,Loyal,Email,9,Wireless Earbuds,Electronics,1,94.29,0,94.29,0
2025-12-26,4853,292,Cole Marsh,Champion,Direct,17,Ceramic Mug,Home,1,54.95,0,54.95,0
2025-12-26,4854,321,Lila Petrov,Loyal,Organic,4,Joggers,Apparel,1,42.18,5,40.07,1
2025-12-26,4855,325,Cole Khan,Regular,Email,15,Smart Plug,Electronics,1,110.18,25,82.64,0
2025-12-26,4855,325,Cole Khan,Regular,Email,2,Hoodie,Apparel,3,19.91,10,53.76,0
2025-12-26,4855,325,Cole Khan,Regular,Email,35,Building Blocks,Toys,2,32.84,20,52.54,0
2025-12-26,4856,384,Devon Brooks,New,Email,38,Board Game,Toys,1,37.99,0,37.99,0
2025-12-26,4856,384,Devon Brooks,New,Email,34,Running Belt,Sports,1,29.4,0,29.4,1
2025-12-26,4857,386,Rowan Mendez,Loyal,Referral,3,Denim Jacket,Apparel,1,65.95,0,65.95,0
2025-12-26,4858,416,Ivy Larsen,Loyal,Organic,19,Cutting Board,Home,1,53.71,0,53.71,0
2025-12-26,4859,469,Drew Costa,Regular,Direct,12,Bluetooth Speaker,Electronics,2,98.02,0,196.04,0
2025-12-26,4860,475,Owen Flynn,New,Referral,8,Chino Pants,Apparel,3,64.72,25,145.62,0
2025-12-26,4860,475,Owen Flynn,New,Referral,38,Board Game,Toys,2,37.99,15,64.58,0
2025-12-26,4860,475,Owen Flynn,New,Referral,31,Resistance Bands,Sports,1,65.69,15,55.84,0
2025-12-26,4861,479,Leo Ibarra,Loyal,Referral,33,Jump Rope,Sports,1,33.41,25,25.06,0
2025-12-26,4861,479,Leo Ibarra,Loyal,Referral,28,SPF 50 Lotion,Beauty,1,34.44,10,31,0
2025-12-26,4862,492,Drew Petrov,Champion,Social,32,Foam Roller,Sports,1,65.98,20,52.78,0
2025-12-26,4862,492,Drew Petrov,Champion,Social,24,Lip Balm,Beauty,1,36.1,25,27.08,0
2025-12-26,4863,504,Harper Osei,Loyal,Social,38,Board Game,Toys,1,37.99,0,37.99,0
2025-12-26,4864,512,Kai Petrov,Regular,Email,1,Crew Tee,Apparel,1,53.87,0,53.87,0
2025-12-26,4865,522,Harper Romano,Champion,Referral,23,Vitamin C Serum,Beauty,1,32.33,10,29.1,0
2025-12-26,4865,522,Harper Romano,Champion,Referral,5,Socks 3-Pack,Apparel,1,65.81,5,62.52,0
2025-12-26,4866,547,Harper Costa,Loyal,Email,3,Denim Jacket,Apparel,1,65.95,5,62.65,0
2025-12-26,4866,547,Harper Costa,Loyal,Email,15,Smart Plug,Electronics,1,110.18,0,110.18,0
2025-12-26,4867,571,Ezra Reid,Regular,Referral,15,Smart Plug,Electronics,1,110.18,0,110.18,0
2025-12-26,4867,571,Ezra Reid,Regular,Referral,31,Resistance Bands,Sports,2,65.69,0,131.38,0
2025-12-26,4867,571,Ezra Reid,Regular,Referral,11,Phone Case,Electronics,1,22.01,0,22.01,0
2025-12-26,4868,585,Lila Flynn,Loyal,Direct,20,Towel Set,Home,1,19.75,10,17.78,0
2025-12-26,4868,585,Lila Flynn,Loyal,Direct,10,USB-C Cable,Electronics,1,117.18,5,111.32,0
2025-12-26,4869,595,Jamie Petrov,Loyal,Email,31,Resistance Bands,Sports,1,65.69,5,62.41,0
2025-12-26,4870,597,Morgan Fischer,Loyal,Social,2,Hoodie,Apparel,1,19.91,5,18.91,0
2025-12-26,4870,597,Morgan Fischer,Loyal,Social,26,Shampoo Bar,Beauty,1,33.06,5,31.41,0
2025-12-26,4870,597,Morgan Fischer,Loyal,Social,10,USB-C Cable,Electronics,1,117.18,0,117.18,0
2025-12-26,4871,600,Mateo Hassan,Loyal,Social,19,Cutting Board,Home,1,53.71,0,53.71,0
2025-12-26,4871,600,Mateo Hassan,Loyal,Social,12,Bluetooth Speaker,Electronics,1,98.02,0,98.02,0
2025-12-26,4872,636,Casey Petrov,Loyal,Organic,40,Art Kit,Toys,1,53.64,0,53.64,0
2025-12-26,4872,636,Casey Petrov,Loyal,Organic,2,Hoodie,Apparel,1,19.91,10,17.92,0
2025-12-26,4872,636,Casey Petrov,Loyal,Organic,40,Art Kit,Toys,3,53.64,0,160.92,0
2025-12-26,4873,667,Maya Petrov,Champion,Paid Search,23,Vitamin C Serum,Beauty,3,32.33,10,87.29,0
2025-12-26,4873,667,Maya Petrov,Champion,Paid Search,4,Joggers,Apparel,1,42.18,10,37.96,0
2025-12-26,4873,667,Maya Petrov,Champion,Paid Search,37,Plush Bear,Toys,1,15.95,25,11.96,0
2025-12-26,4873,667,Maya Petrov,Champion,Paid Search,13,Webcam,Electronics,2,64,20,102.4,0
2025-12-26,4874,702,Noel Petrov,Loyal,Paid Search,25,Sheet Mask,Beauty,1,8.59,10,7.73,0
2025-12-26,4874,702,Noel Petrov,Loyal,Paid Search,21,Storage Bin,Home,1,28.6,5,27.17,0
2025-12-26,4874,702,Noel Petrov,Loyal,Paid Search,24,Lip Balm,Beauty,1,36.1,0,36.1,0
2025-12-26,4874,702,Noel Petrov,Loyal,Paid Search,37,Plush Bear,Toys,1,15.95,0,15.95,0
2025-12-26,4875,715,Sasha Reid,Loyal,Direct,26,Shampoo Bar,Beauty,2,33.06,10,59.51,0
2025-12-26,4875,715,Sasha Reid,Loyal,Direct,27,Hand Cream,Beauty,1,18.43,0,18.43,0
2025-12-26,4875,715,Sasha Reid,Loyal,Direct,8,Chino Pants,Apparel,1,64.72,5,61.48,0
2025-12-26,4876,729,Casey Ahmed,Regular,Social,31,Resistance Bands,Sports,3,65.69,0,197.07,0
2025-12-26,4877,829,Morgan Reid,Loyal,Email,12,Bluetooth Speaker,Electronics,2,98.02,0,196.04,0
2025-12-26,4878,844,Wren Diaz,New,Paid Search,9,Wireless Earbuds,Electronics,1,94.29,0,94.29,0
2025-12-26,4878,844,Wren Diaz,New,Paid Search,24,Lip Balm,Beauty,1,36.1,0,36.1,0
2025-12-26,4879,845,Jordan Costa,Champion,Email,14,Power Bank,Electronics,1,64.37,5,61.15,0
2025-12-26,4880,865,Rowan Costa,Champion,Referral,21,Storage Bin,Home,1,28.6,5,27.17,0
2025-12-26,4881,915,Riley Park,Champion,Referral,10,USB-C Cable,Electronics,1,117.18,0,117.18,0
2025-12-26,4881,915,Riley Park,Champion,Referral,7,Rain Shell,Apparel,3,23.29,10,62.88,0
2025-12-26,4882,937,Avery Romano,Loyal,Social,8,Chino Pants,Apparel,1,64.72,0,64.72,0
2025-12-26,4882,937,Avery Romano,Loyal,Social,23,Vitamin C Serum,Beauty,2,32.33,5,61.43,0
2025-12-26,4882,937,Avery Romano,Loyal,Social,14,Power Bank,Electronics,1,64.37,0,64.37,0
2025-12-26,4883,949,Quinn Okafor,Champion,Organic,14,Power Bank,Electronics,1,64.37,10,57.93,0
2025-12-26,4883,949,Quinn Okafor,Champion,Organic,4,Joggers,Apparel,2,42.18,10,75.92,0
2025-12-26,4884,953,Jamie Reid,Champion,Referral,37,Plush Bear,Toys,1,15.95,5,15.15,0
2025-12-27,4885,24,Sasha Reid,Champion,Referral,17,Ceramic Mug,Home,3,54.95,10,148.37,0
2025-12-27,4885,24,Sasha Reid,Champion,Referral,33,Jump Rope,Sports,1,33.41,5,31.74,0
2025-12-27,4885,24,Sasha Reid,Champion,Referral,27,Hand Cream,Beauty,1,18.43,5,17.51,0
2025-12-27,4886,43,Maya Okafor,Loyal,Organic,33,Jump Rope,Sports,1,33.41,0,33.41,0
2025-12-27,4887,45,Quinn Bauer,Regular,Paid Search,34,Running Belt,Sports,1,29.4,10,26.46,0
2025-12-27,4887,45,Quinn Bauer,Regular,Paid Search,2,Hoodie,Apparel,3,19.91,25,44.8,0
2025-12-27,4887,45,Quinn Bauer,Regular,Paid Search,30,Water Bottle,Sports,1,46.55,20,37.24,0
2025-12-27,4888,70,Jordan Cohen,Regular,Referral,2,Hoodie,Apparel,2,19.91,0,39.82,0
2025-12-27,4889,118,Nora Bauer,At-Risk,Direct,1,Crew Tee,Apparel,2,53.87,0,107.74,0
2025-12-27,4890,121,Kai Nguyen,Loyal,Direct,32,Foam Roller,Sports,1,65.98,10,59.38,0
2025-12-27,4891,135,Riley Tan,Regular,Referral,25,Sheet Mask,Beauty,2,8.59,0,17.18,0
2025-12-27,4892,154,Drew Novak,Champion,Paid Search,18,LED Lamp,Home,1,50.85,10,45.77,0
2025-12-27,4893,193,Nora Cohen,Loyal,Paid Search,27,Hand Cream,Beauty,1,18.43,20,14.74,0
2025-12-27,4893,193,Nora Cohen,Loyal,Paid Search,20,Towel Set,Home,1,19.75,15,16.79,0
2025-12-27,4894,274,Drew Flynn,Loyal,Email,17,Ceramic Mug,Home,1,54.95,10,49.46,0
2025-12-27,4895,345,Jordan Larsen,New,Referral,14,Power Bank,Electronics,1,64.37,10,57.93,0
2025-12-27,4896,366,Riley Okafor,Regular,Organic,32,Foam Roller,Sports,1,65.98,0,65.98,0
2025-12-27,4896,366,Riley Okafor,Regular,Organic,33,Jump Rope,Sports,1,33.41,0,33.41,0
2025-12-27,4897,391,Leo Tan,Regular,Organic,16,Throw Pillow,Home,1,19.11,15,16.24,0
2025-12-27,4897,391,Leo Tan,Regular,Organic,28,SPF 50 Lotion,Beauty,1,34.44,15,29.27,0
2025-12-27,4897,391,Leo Tan,Regular,Organic,3,Denim Jacket,Apparel,2,65.95,25,98.93,0
2025-12-27,4897,391,Leo Tan,Regular,Organic,16,Throw Pillow,Home,1,19.11,10,17.2,0
2025-12-27,4898,408,Drew Ibarra,New,Direct,3,Denim Jacket,Apparel,2,65.95,0,131.9,0
2025-12-27,4899,420,Nora Reid,Regular,Referral,25,Sheet Mask,Beauty,1,8.59,0,8.59,0
2025-12-27,4900,452,Wren Sullivan,New,Direct,9,Wireless Earbuds,Electronics,1,94.29,0,94.29,0
2025-12-27,4900,452,Wren Sullivan,New,Direct,1,Crew Tee,Apparel,1,53.87,0,53.87,0
2025-12-27,4900,452,Wren Sullivan,New,Direct,25,Sheet Mask,Beauty,1,8.59,0,8.59,0
2025-12-27,4900,452,Wren Sullivan,New,Direct,24,Lip Balm,Beauty,3,36.1,0,108.3,0
2025-12-27,4901,454,Casey Larsen,Loyal,Referral,15,Smart Plug,Electronics,3,110.18,5,314.01,0
2025-12-27,4901,454,Casey Larsen,Loyal,Referral,33,Jump Rope,Sports,2,33.41,0,66.82,0
2025-12-27,4901,454,Casey Larsen,Loyal,Referral,7,Rain Shell,Apparel,1,23.29,0,23.29,0
2025-12-27,4902,472,Noel Ibarra,Loyal,Direct,20,Towel Set,Home,1,19.75,0,19.75,0
2025-12-27,4903,510,Drew Cohen,Loyal,Email,23,Vitamin C Serum,Beauty,1,32.33,5,30.71,0
2025-12-27,4904,512,Kai Petrov,Regular,Email,19,Cutting Board,Home,2,53.71,0,107.42,0
2025-12-27,4905,519,Taylor Hassan,At-Risk,Referral,9,Wireless Earbuds,Electronics,1,94.29,0,94.29,0
2025-12-27,4905,519,Taylor Hassan,At-Risk,Referral,12,Bluetooth Speaker,Electronics,1,98.02,0,98.02,0
2025-12-27,4905,519,Taylor Hassan,At-Risk,Referral,12,Bluetooth Speaker,Electronics,3,98.02,0,294.06,0
2025-12-27,4906,565,Noel Fischer,Champion,Social,18,LED Lamp,Home,1,50.85,0,50.85,1
2025-12-27,4907,571,Ezra Reid,Regular,Referral,4,Joggers,Apparel,1,42.18,0,42.18,0
2025-12-27,4908,576,Noel Petrov,Loyal,Paid Search,34,Running Belt,Sports,1,29.4,0,29.4,0
2025-12-27,4908,576,Noel Petrov,Loyal,Paid Search,14,Power Bank,Electronics,1,64.37,0,64.37,0
2025-12-27,4908,576,Noel Petrov,Loyal,Paid Search,23,Vitamin C Serum,Beauty,2,32.33,5,61.43,0
2025-12-27,4909,577,Drew Romano,New,Referral,10,USB-C Cable,Electronics,1,117.18,20,93.74,0
2025-12-27,4910,627,Hugo Sullivan,Champion,Paid Search,5,Socks 3-Pack,Apparel,1,65.81,10,59.23,0
2025-12-27,4910,627,Hugo Sullivan,Champion,Paid Search,37,Plush Bear,Toys,1,15.95,10,14.36,0
2025-12-27,4911,667,Maya Petrov,Champion,Paid Search,38,Board Game,Toys,1,37.99,10,34.19,0
2025-12-27,4911,667,Maya Petrov,Champion,Paid Search,24,Lip Balm,Beauty,2,36.1,20,57.76,0
2025-12-27,4911,667,Maya Petrov,Champion,Paid Search,6,Beanie,Apparel,3,30.7,20,73.68,0
2025-12-27,4912,696,Riley Tan,Champion,Referral,23,Vitamin C Serum,Beauty,2,32.33,10,58.19,0
2025-12-27,4913,704,Owen Nguyen,Champion,Organic,34,Running Belt,Sports,1,29.4,15,24.99,0
2025-12-27,4914,709,Ezra Mendez,Loyal,Referral,32,Foam Roller,Sports,1,65.98,10,59.38,0
2025-12-27,4914,709,Ezra Mendez,Loyal,Referral,11,Phone Case,Electronics,1,22.01,10,19.81,0
2025-12-27,4915,710,Nora Khan,Champion,Email,13,Webcam,Electronics,1,64,0,64,0
2025-12-27,4915,710,Nora Khan,Champion,Email,34,Running Belt,Sports,1,29.4,0,29.4,0
2025-12-27,4916,735,Drew Brooks,Loyal,Social,7,Rain Shell,Apparel,1,23.29,0,23.29,0
2025-12-27,4917,764,Jordan Flynn,Loyal,Referral,20,Towel Set,Home,1,19.75,0,19.75,0
2025-12-27,4918,789,Harper Sullivan,Loyal,Email,38,Board Game,Toys,3,37.99,5,108.27,0
2025-12-27,4918,789,Harper Sullivan,Loyal,Email,32,Foam Roller,Sports,1,65.98,0,65.98,0
2025-12-27,4919,845,Jordan Costa,Champion,Email,35,Building Blocks,Toys,3,32.84,10,88.67,0
2025-12-27,4919,845,Jordan Costa,Champion,Email,13,Webcam,Electronics,1,64,25,48,0
2025-12-27,4919,845,Jordan Costa,Champion,Email,34,Running Belt,Sports,1,29.4,25,22.05,0
2025-12-27,4920,858,Morgan Marsh,Loyal,Referral,21,Storage Bin,Home,1,28.6,0,28.6,0
2025-12-27,4920,858,Morgan Marsh,Loyal,Referral,34,Running Belt,Sports,1,29.4,0,29.4,0
2025-12-27,4920,858,Morgan Marsh,Loyal,Referral,4,Joggers,Apparel,1,42.18,5,40.07,0
2025-12-27,4920,858,Morgan Marsh,Loyal,Referral,17,Ceramic Mug,Home,1,54.95,10,49.46,0
2025-12-27,4921,862,Ezra Patel,Regular,Paid Search,4,Joggers,Apparel,1,42.18,0,42.18,0
2025-12-27,4921,862,Ezra Patel,Regular,Paid Search,25,Sheet Mask,Beauty,2,8.59,0,17.18,0
2025-12-27,4922,864,Iris Novak,Regular,Referral,11,Phone Case,Electronics,1,22.01,0,22.01,0
2025-12-27,4922,864,Iris Novak,Regular,Referral,8,Chino Pants,Apparel,3,64.72,0,194.16,0
2025-12-27,4923,937,Avery Romano,Loyal,Social,32,Foam Roller,Sports,1,65.98,0,65.98,0
2025-12-27,4924,945,Jamie Novak,Champion,Email,26,Shampoo Bar,Beauty,1,33.06,0,33.06,0
2025-12-27,4924,945,Jamie Novak,Champion,Email,17,Ceramic Mug,Home,3,54.95,0,164.85,0
2025-12-27,4925,964,Jordan Fischer,Loyal,Referral,36,Puzzle 500pc,Toys,1,44.86,0,44.86,0
2025-12-27,4926,987,Jordan Sullivan,Champion,Paid Search,5,Socks 3-Pack,Apparel,3,65.81,0,197.43,0
2025-12-28,4927,49,Nora Romano,Loyal,Direct,31,Resistance Bands,Sports,1,65.69,25,49.27,0
2025-12-28,4927,49,Nora Romano,Loyal,Direct,8,Chino Pants,Apparel,1,64.72,20,51.78,0
2025-12-28,4928,63,Cole Bauer,Champion,Organic,9,Wireless Earbuds,Electronics,3,94.29,10,254.58,0
2025-12-28,4928,63,Cole Bauer,Champion,Organic,35,Building Blocks,Toys,1,32.84,0,32.84,0
2025-12-28,4929,69,Taylor Yamada,Loyal,Email,25,Sheet Mask,Beauty,1,8.59,10,7.73,0
2025-12-28,4929,69,Taylor Yamada,Loyal,Email,31,Resistance Bands,Sports,1,65.69,20,52.55,0
2025-12-28,4929,69,Taylor Yamada,Loyal,Email,17,Ceramic Mug,Home,1,54.95,15,46.71,0
2025-12-28,4930,75,Jamie Ibarra,Loyal,Email,34,Running Belt,Sports,2,29.4,15,49.98,0
2025-12-28,4931,124,Ezra Kowalski,Champion,Social,14,Power Bank,Electronics,2,64.37,0,128.74,0
2025-12-28,4931,124,Ezra Kowalski,Champion,Social,2,Hoodie,Apparel,1,19.91,10,17.92,0
2025-12-28,4932,131,Priya Cohen,Champion,Referral,35,Building Blocks,Toys,1,32.84,5,31.2,0
2025-12-28,4932,131,Priya Cohen,Champion,Referral,5,Socks 3-Pack,Apparel,1,65.81,5,62.52,0
2025-12-28,4932,131,Priya Cohen,Champion,Referral,26,Shampoo Bar,Beauty,1,33.06,10,29.75,0
2025-12-28,4932,131,Priya Cohen,Champion,Referral,26,Shampoo Bar,Beauty,1,33.06,5,31.41,0
2025-12-28,4933,141,Maya Romano,Loyal,Organic,26,Shampoo Bar,Beauty,2,33.06,5,62.81,0
2025-12-28,4933,141,Maya Romano,Loyal,Organic,8,Chino Pants,Apparel,1,64.72,0,64.72,0
2025-12-28,4933,141,Maya Romano,Loyal,Organic,29,Yoga Mat,Sports,1,24.63,0,24.63,0
2025-12-28,4934,186,Kai Novak,Loyal,Organic,26,Shampoo Bar,Beauty,1,33.06,5,31.41,0
2025-12-28,4935,235,Casey Okafor,Regular,Social,38,Board Game,Toys,1,37.99,0,37.99,0
2025-12-28,4935,235,Casey Okafor,Regular,Social,12,Bluetooth Speaker,Electronics,1,98.02,0,98.02,0
2025-12-28,4936,283,Harper Costa,Regular,Email,19,Cutting Board,Home,1,53.71,0,53.71,0
2025-12-28,4937,286,Leo Petrov,Champion,Referral,9,Wireless Earbuds,Electronics,2,94.29,10,169.72,0
2025-12-28,4938,295,Priya Diaz,Champion,Paid Search,40,Art Kit,Toys,1,53.64,10,48.28,1
2025-12-28,4939,309,Leo Cohen,Loyal,Organic,13,Webcam,Electronics,1,64,5,60.8,0
2025-12-28,4939,309,Leo Cohen,Loyal,Organic,14,Power Bank,Electronics,1,64.37,5,61.15,0
2025-12-28,4940,332,Leo Costa,Regular,Organic,5,Socks 3-Pack,Apparel,2,65.81,0,131.62,0
2025-12-28,4940,332,Leo Costa,Regular,Organic,29,Yoga Mat,Sports,1,24.63,0,24.63,0
2025-12-28,4941,338,Ivy Patel,Regular,Email,28,SPF 50 Lotion,Beauty,1,34.44,0,34.44,0
2025-12-28,4942,340,Reese Yamada,Loyal,Referral,39,RC Car,Toys,2,33.63,5,63.9,0
2025-12-28,4942,340,Reese Yamada,Loyal,Referral,18,LED Lamp,Home,1,50.85,5,48.31,0
2025-12-28,4942,340,Reese Yamada,Loyal,Referral,6,Beanie,Apparel,1,30.7,0,30.7,0
2025-12-28,4942,340,Reese Yamada,Loyal,Referral,34,Running Belt,Sports,2,29.4,10,52.92,0
2025-12-28,4943,349,Avery Romano,Regular,Direct,31,Resistance Bands,Sports,1,65.69,0,65.69,0
2025-12-28,4944,356,Rowan Hassan,Regular,Email,33,Jump Rope,Sports,1,33.41,0,33.41,0
2025-12-28,4944,356,Rowan Hassan,Regular,Email,2,Hoodie,Apparel,1,19.91,0,19.91,0
2025-12-28,4945,364,Rowan Reid,At-Risk,Email,26,Shampoo Bar,Beauty,2,33.06,0,66.12,0
2025-12-28,4945,364,Rowan Reid,At-Risk,Email,7,Rain Shell,Apparel,2,23.29,0,46.58,0
2025-12-28,4946,375,Taylor Bauer,Loyal,Referral,23,Vitamin C Serum,Beauty,2,32.33,0,64.66,0
2025-12-28,4947,433,Nora Marsh,Loyal,Organic,2,Hoodie,Apparel,1,19.91,5,18.91,0
2025-12-28,4947,433,Nora Marsh,Loyal,Organic,7,Rain Shell,Apparel,1,23.29,5,22.13,1
2025-12-28,4947,433,Nora Marsh,Loyal,Organic,15,Smart Plug,Electronics,1,110.18,0,110.18,0
2025-12-28,4948,434,Noel Osei,At-Risk,Direct,10,USB-C Cable,Electronics,1,117.18,0,117.18,0
2025-12-28,4949,455,Casey Ahmed,Loyal,Email,16,Throw Pillow,Home,1,19.11,10,17.2,0
2025-12-28,4950,461,Lila Tan,Loyal,Social,9,Wireless Earbuds,Electronics,2,94.29,0,188.58,0
2025-12-28,4950,461,Lila Tan,Loyal,Social,1,Crew Tee,Apparel,2,53.87,0,107.74,0
2025-12-28,4950,461,Lila Tan,Loyal,Social,6,Beanie,Apparel,1,30.7,10,27.63,0
2025-12-28,4951,462,Leo Petrov,Champion,Referral,40,Art Kit,Toys,3,53.64,0,160.92,0
2025-12-28,4952,475,Owen Flynn,New,Referral,6,Beanie,Apparel,1,30.7,10,27.63,0
2025-12-28,4952,475,Owen Flynn,New,Referral,32,Foam Roller,Sports,1,65.98,10,59.38,0
2025-12-28,4952,475,Owen Flynn,New,Referral,31,Resistance Bands,Sports,1,65.69,10,59.12,0
2025-12-28,4953,476,Mateo Brooks,New,Social,26,Shampoo Bar,Beauty,1,33.06,0,33.06,0
2025-12-28,4954,477,Wren Romano,Loyal,Organic,9,Wireless Earbuds,Electronics,1,94.29,10,84.86,0
2025-12-28,4954,477,Wren Romano,Loyal,Organic,5,Socks 3-Pack,Apparel,1,65.81,0,65.81,0
2025-12-28,4955,521,Reese Khan,Regular,Social,36,Puzzle 500pc,Toys,1,44.86,20,35.89,0
2025-12-28,4955,521,Reese Khan,Regular,Social,1,Crew Tee,Apparel,1,53.87,25,40.4,0
2025-12-28,4955,521,Reese Khan,Regular,Social,31,Resistance Bands,Sports,2,65.69,15,111.67,0
2025-12-28,4956,529,Drew Novak,Regular,Social,13,Webcam,Electronics,1,64,0,64,0
2025-12-28,4957,537,Ivy Okafor,Regular,Paid Search,8,Chino Pants,Apparel,3,64.72,0,194.16,0
2025-12-28,4957,537,Ivy Okafor,Regular,Paid Search,32,Foam Roller,Sports,1,65.98,0,65.98,0
2025-12-28,4958,565,Noel Fischer,Champion,Social,11,Phone Case,Electronics,1,22.01,20,17.61,0
2025-12-28,4959,582,Taylor Park,Regular,Direct,15,Smart Plug,Electronics,1,110.18,0,110.18,0
2025-12-28,4960,595,Jamie Petrov,Loyal,Email,40,Art Kit,Toys,2,53.64,0,107.28,0
2025-12-28,4960,595,Jamie Petrov,Loyal,Email,28,SPF 50 Lotion,Beauty,2,34.44,5,65.44,0
2025-12-28,4961,602,Mateo Hassan,Loyal,Paid Search,5,Socks 3-Pack,Apparel,1,65.81,25,49.36,0
2025-12-28,4961,602,Mateo Hassan,Loyal,Paid Search,40,Art Kit,Toys,1,53.64,25,40.23,0
2025-12-28,4961,602,Mateo Hassan,Loyal,Paid Search,8,Chino Pants,Apparel,1,64.72,25,48.54,0
2025-12-28,4961,602,Mateo Hassan,Loyal,Paid Search,37,Plush Bear,Toys,2,15.95,15,27.12,0
2025-12-28,4962,615,Jamie Flynn,Regular,Organic,12,Bluetooth Speaker,Electronics,1,98.02,0,98.02,0
2025-12-28,4963,631,Wren Reid,At-Risk,Organic,40,Art Kit,Toys,1,53.64,0,53.64,0
2025-12-28,4964,644,Avery Osei,Loyal,Paid Search,26,Shampoo Bar,Beauty,1,33.06,20,26.45,1
2025-12-28,4964,644,Avery Osei,Loyal,Paid Search,26,Shampoo Bar,Beauty,1,33.06,10,29.75,0
2025-12-28,4964,644,Avery Osei,Loyal,Paid Search,12,Bluetooth Speaker,Electronics,1,98.02,10,88.22,0
2025-12-28,4965,678,Mateo Cohen,Champion,Social,38,Board Game,Toys,1,37.99,5,36.09,1
2025-12-28,4965,678,Mateo Cohen,Champion,Social,17,Ceramic Mug,Home,2,54.95,10,98.91,0
2025-12-28,4965,678,Mateo Cohen,Champion,Social,31,Resistance Bands,Sports,1,65.69,5,62.41,0
2025-12-28,4966,684,Cole Walsh,Regular,Social,11,Phone Case,Electronics,1,22.01,0,22.01,0
2025-12-28,4966,684,Cole Walsh,Regular,Social,29,Yoga Mat,Sports,1,24.63,0,24.63,0
2025-12-28,4967,696,Riley Tan,Champion,Referral,2,Hoodie,Apparel,1,19.91,10,17.92,0
2025-12-28,4968,700,Owen Cohen,Champion,Social,33,Jump Rope,Sports,2,33.41,0,66.82,0
2025-12-28,4968,700,Owen Cohen,Champion,Social,9,Wireless Earbuds,Electronics,3,94.29,0,282.87,0
2025-12-28,4969,708,Harper Bauer,New,Paid Search,29,Yoga Mat,Sports,1,24.63,10,22.17,0
2025-12-28,4970,710,Nora Khan,Champion,Email,18,LED Lamp,Home,2,50.85,15,86.45,0
2025-12-28,4971,713,Wren Costa,Champion,Organic,6,Beanie,Apparel,1,30.7,25,23.03,0
2025-12-28,4971,713,Wren Costa,Champion,Organic,38,Board Game,Toys,3,37.99,20,91.18,0
2025-12-28,4972,722,Avery Petrov,New,Paid Search,40,Art Kit,Toys,1,53.64,10,48.28,0
2025-12-28,4973,749,Ivy Walsh,At-Risk,Organic,13,Webcam,Electronics,2,64,15,108.8,0
2025-12-28,4973,749,Ivy Walsh,At-Risk,Organic,15,Smart Plug,Electronics,1,110.18,25,82.64,0
2025-12-28,4973,749,Ivy Walsh,At-Risk,Organic,6,Beanie,Apparel,3,30.7,10,82.89,0
2025-12-28,4973,749,Ivy Walsh,At-Risk,Organic,10,USB-C Cable,Electronics,1,117.18,10,105.46,0
2025-12-28,4974,751,Riley Kowalski,Champion,Direct,32,Foam Roller,Sports,2,65.98,5,125.36,0
2025-12-28,4974,751,Riley Kowalski,Champion,Direct,15,Smart Plug,Electronics,1,110.18,0,110.18,0
2025-12-28,4974,751,Riley Kowalski,Champion,Direct,8,Chino Pants,Apparel,2,64.72,0,129.44,0
2025-12-28,4975,760,Kai Novak,Regular,Social,34,Running Belt,Sports,2,29.4,20,47.04,0
2025-12-28,4976,850,Ivy Patel,Regular,Organic,24,Lip Balm,Beauty,1,36.1,25,27.08,0
2025-12-28,4977,897,Wren Khan,Loyal,Paid Search,39,RC Car,Toys,3,33.63,0,100.89,0
2025-12-28,4977,897,Wren Khan,Loyal,Paid Search,11,Phone Case,Electronics,1,22.01,0,22.01,0
2025-12-28,4977,897,Wren Khan,Loyal,Paid Search,30,Water Bottle,Sports,1,46.55,0,46.55,0
2025-12-28,4978,910,Quinn Bauer,Regular,Organic,13,Webcam,Electronics,2,64,10,115.2,0
2025-12-28,4978,910,Quinn Bauer,Regular,Organic,3,Denim Jacket,Apparel,1,65.95,25,49.46,0
2025-12-28,4979,915,Riley Park,Champion,Referral,1,Crew Tee,Apparel,1,53.87,0,53.87,0
2025-12-28,4980,940,Avery Flynn,Loyal,Direct,21,Storage Bin,Home,2,28.6,5,54.34,0
2025-12-28,4980,940,Avery Flynn,Loyal,Direct,40,Art Kit,Toys,1,53.64,10,48.28,0
2025-12-28,4981,949,Quinn Okafor,Champion,Organic,17,Ceramic Mug,Home,2,54.95,0,109.9,0
2025-12-28,4981,949,Quinn Okafor,Champion,Organic,38,Board Game,Toys,1,37.99,0,37.99,0
2025-12-29,4982,13,Lila Osei,At-Risk,Paid Search,34,Running Belt,Sports,1,29.4,0,29.4,0
2025-12-29,4983,27,Nora Bauer,Champion,Referral,16,Throw Pillow,Home,2,19.11,25,28.67,0
2025-12-29,4983,27,Nora Bauer,Champion,Referral,9,Wireless Earbuds,Electronics,1,94.29,20,75.43,0
2025-12-29,4984,28,Owen Sullivan,Loyal,Organic,17,Ceramic Mug,Home,3,54.95,0,164.85,0
2025-12-29,4984,28,Owen Sullivan,Loyal,Organic,5,Socks 3-Pack,Apparel,1,65.81,0,65.81,0
2025-12-29,4985,46,Priya Reid,Regular,Paid Search,7,Rain Shell,Apparel,1,23.29,0,23.29,0
2025-12-29,4986,50,Drew Brooks,Champion,Email,9,Wireless Earbuds,Electronics,2,94.29,25,141.44,0
2025-12-29,4986,50,Drew Brooks,Champion,Email,4,Joggers,Apparel,1,42.18,25,31.64,0
2025-12-29,4987,90,Avery Novak,Champion,Paid Search,33,Jump Rope,Sports,2,33.41,0,66.82,0
2025-12-29,4987,90,Avery Novak,Champion,Paid Search,7,Rain Shell,Apparel,2,23.29,10,41.92,0
2025-12-29,4988,174,Drew Costa,Champion,Social,38,Board Game,Toys,3,37.99,0,113.97,0
2025-12-29,4989,185,Kai Bauer,Loyal,Direct,23,Vitamin C Serum,Beauty,1,32.33,10,29.1,0
2025-12-29,4990,203,Kai Larsen,At-Risk,Social,4,Joggers,Apparel,1,42.18,0,42.18,0
2025-12-29,4991,220,Reese Nguyen,Regular,Referral,15,Smart Plug,Electronics,1,110.18,0,110.18,0
2025-12-29,4991,220,Reese Nguyen,Regular,Referral,12,Bluetooth Speaker,Electronics,1,98.02,0,98.02,0
2025-12-29,4992,222,Ivy Romano,Champion,Social,34,Running Belt,Sports,1,29.4,10,26.46,0
2025-12-29,4993,246,Reese Diaz,At-Risk,Email,8,Chino Pants,Apparel,2,64.72,0,129.44,0
2025-12-29,4994,258,Taylor Ahmed,Loyal,Paid Search,3,Denim Jacket,Apparel,1,65.95,0,65.95,0
2025-12-29,4995,268,Cole Yamada,Loyal,Direct,24,Lip Balm,Beauty,1,36.1,5,34.3,1
2025-12-29,4996,274,Drew Flynn,Loyal,Email,37,Plush Bear,Toys,1,15.95,0,15.95,1
2025-12-29,4996,274,Drew Flynn,Loyal,Email,3,Denim Jacket,Apparel,1,65.95,0,65.95,0
2025-12-29,4996,274,Drew Flynn,Loyal,Email,6,Beanie,Apparel,1,30.7,0,30.7,0
2025-12-29,4997,305,Wren Park,Loyal,Social,6,Beanie,Apparel,2,30.7,0,61.4,1
2025-12-29,4998,336,Drew Costa,At-Risk,Direct,25,Sheet Mask,Beauty,1,8.59,0,8.59,0
2025-12-29,4998,336,Drew Costa,At-Risk,Direct,34,Running Belt,Sports,1,29.4,0,29.4,0
2025-12-29,4998,336,Drew Costa,At-Risk,Direct,22,Scented Candle,Home,2,18.98,0,37.96,0
2025-12-29,4999,422,Iris Mendez,Champion,Social,12,Bluetooth Speaker,Electronics,1,98.02,0,98.02,0
2025-12-29,4999,422,Iris Mendez,Champion,Social,29,Yoga Mat,Sports,1,24.63,5,23.4,0
2025-12-29,4999,422,Iris Mendez,Champion,Social,28,SPF 50 Lotion,Beauty,1,34.44,0,34.44,0
2025-12-29,5000,467,Quinn Khan,Loyal,Direct,35,Building Blocks,Toys,2,32.84,10,59.11,0
2025-12-29,5001,470,Ezra Tan,Champion,Social,36,Puzzle 500pc,Toys,1,44.86,0,44.86,0
2025-12-29,5001,470,Ezra Tan,Champion,Social,13,Webcam,Electronics,1,64,10,57.6,0
2025-12-29,5002,497,Wren Sullivan,New,Referral,24,Lip Balm,Beauty,1,36.1,0,36.1,0
2025-12-29,5002,497,Wren Sullivan,New,Referral,30,Water Bottle,Sports,1,46.55,0,46.55,1
2025-12-29,5003,505,Maya Khan,Regular,Paid Search,30,Water Bottle,Sports,1,46.55,0,46.55,0
2025-12-29,5004,523,Morgan Flynn,Loyal,Social,10,USB-C Cable,Electronics,1,117.18,10,105.46,0
2025-12-29,5005,567,Avery Bauer,Loyal,Organic,39,RC Car,Toys,1,33.63,0,33.63,0
2025-12-29,5006,609,Lila Fischer,New,Referral,40,Art Kit,Toys,1,53.64,0,53.64,0
2025-12-29,5006,609,Lila Fischer,New,Referral,15,Smart Plug,Electronics,1,110.18,0,110.18,0
2025-12-29,5007,613,Kai Kowalski,Regular,Referral,31,Resistance Bands,Sports,2,65.69,25,98.54,0
2025-12-29,5007,613,Kai Kowalski,Regular,Referral,19,Cutting Board,Home,2,53.71,10,96.68,0
2025-12-29,5008,646,Quinn Romano,Regular,Organic,34,Running Belt,Sports,1,29.4,0,29.4,0
2025-12-29,5008,646,Quinn Romano,Regular,Organic,11,Phone Case,Electronics,1,22.01,0,22.01,0
2025-12-29,5009,672,Priya Petrov,Loyal,Organic,25,Sheet Mask,Beauty,1,8.59,10,7.73,0
2025-12-29,5009,672,Priya Petrov,Loyal,Organic,4,Joggers,Apparel,3,42.18,15,107.56,0
2025-12-29,5009,672,Priya Petrov,Loyal,Organic,10,USB-C Cable,Electronics,3,117.18,20,281.23,0
2025-12-29,5010,679,Owen Park,Loyal,Paid Search,25,Sheet Mask,Beauty,1,8.59,5,8.16,0
2025-12-29,5011,702,Noel Petrov,Loyal,Paid Search,36,Puzzle 500pc,Toys,2,44.86,0,89.72,0
2025-12-29,5011,702,Noel Petrov,Loyal,Paid Search,39,RC Car,Toys,3,33.63,0,100.89,0
2025-12-29,5011,702,Noel Petrov,Loyal,Paid Search,24,Lip Balm,Beauty,1,36.1,5,34.3,0
2025-12-29,5012,709,Ezra Mendez,Loyal,Referral,29,Yoga Mat,Sports,2,24.63,0,49.26,0
2025-12-29,5012,709,Ezra Mendez,Loyal,Referral,28,SPF 50 Lotion,Beauty,1,34.44,10,31,0
2025-12-29,5012,709,Ezra Mendez,Loyal,Referral,23,Vitamin C Serum,Beauty,1,32.33,0,32.33,0
2025-12-29,5012,709,Ezra Mendez,Loyal,Referral,20,Towel Set,Home,1,19.75,0,19.75,0
2025-12-29,5013,751,Riley Kowalski,Champion,Direct,19,Cutting Board,Home,1,53.71,10,48.34,0
2025-12-29,5014,799,Lila Brooks,Loyal,Referral,9,Wireless Earbuds,Electronics,1,94.29,10,84.86,0
2025-12-29,5015,814,Owen Park,New,Organic,35,Building Blocks,Toys,1,32.84,0,32.84,0
2025-12-29,5015,814,Owen Park,New,Organic,38,Board Game,Toys,1,37.99,0,37.99,0
2025-12-29,5016,909,Leo Nguyen,Regular,Paid Search,36,Puzzle 500pc,Toys,2,44.86,0,89.72,0
2025-12-30,5017,4,Leo Marsh,Regular,Social,16,Throw Pillow,Home,1,19.11,0,19.11,0
2025-12-30,5017,4,Leo Marsh,Regular,Social,39,RC Car,Toys,2,33.63,0,67.26,0
2025-12-30,5018,25,Morgan Petrov,Champion,Paid Search,30,Water Bottle,Sports,2,46.55,0,93.1,0
2025-12-30,5019,50,Drew Brooks,Champion,Email,23,Vitamin C Serum,Beauty,1,32.33,10,29.1,0
2025-12-30,5019,50,Drew Brooks,Champion,Email,16,Throw Pillow,Home,1,19.11,10,17.2,0
2025-12-30,5020,82,Maya Carter,At-Risk,Paid Search,19,Cutting Board,Home,3,53.71,15,136.96,0
2025-12-30,5020,82,Maya Carter,At-Risk,Paid Search,27,Hand Cream,Beauty,1,18.43,25,13.82,0
2025-12-30,5020,82,Maya Carter,At-Risk,Paid Search,18,LED Lamp,Home,1,50.85,10,45.77,0
2025-12-30,5021,92,Iris Ibarra,Champion,Email,20,Towel Set,Home,1,19.75,0,19.75,0
2025-12-30,5021,92,Iris Ibarra,Champion,Email,27,Hand Cream,Beauty,1,18.43,0,18.43,0
2025-12-30,5021,92,Iris Ibarra,Champion,Email,7,Rain Shell,Apparel,3,23.29,0,69.87,0
2025-12-30,5022,137,Iris Larsen,New,Email,24,Lip Balm,Beauty,2,36.1,0,72.2,0
2025-12-30,5022,137,Iris Larsen,New,Email,11,Phone Case,Electronics,1,22.01,0,22.01,0
2025-12-30,5023,153,Reese Marsh,Loyal,Direct,28,SPF 50 Lotion,Beauty,2,34.44,15,58.55,0
2025-12-30,5024,191,Tessa Ibarra,Loyal,Paid Search,19,Cutting Board,Home,1,53.71,0,53.71,0
2025-12-30,5024,191,Tessa Ibarra,Loyal,Paid Search,34,Running Belt,Sports,3,29.4,5,83.79,0
2025-12-30,5025,193,Nora Cohen,Loyal,Paid Search,15,Smart Plug,Electronics,1,110.18,20,88.14,0
2025-12-30,5026,204,Jamie Kowalski,Loyal,Email,2,Hoodie,Apparel,1,19.91,25,14.93,0
2025-12-30,5026,204,Jamie Kowalski,Loyal,Email,19,Cutting Board,Home,1,53.71,20,42.97,0
2025-12-30,5026,204,Jamie Kowalski,Loyal,Email,36,Puzzle 500pc,Toys,1,44.86,15,38.13,0
2025-12-30,5026,204,Jamie Kowalski,Loyal,Email,33,Jump Rope,Sports,1,33.41,20,26.73,0
2025-12-30,5027,217,Lila Ibarra,Regular,Social,12,Bluetooth Speaker,Electronics,1,98.02,25,73.52,0
2025-12-30,5027,217,Lila Ibarra,Regular,Social,6,Beanie,Apparel,1,30.7,25,23.03,0
2025-12-30,5028,218,Taylor Patel,Champion,Paid Search,37,Plush Bear,Toys,1,15.95,5,15.15,0
2025-12-30,5028,218,Taylor Patel,Champion,Paid Search,18,LED Lamp,Home,1,50.85,0,50.85,0
2025-12-30,5028,218,Taylor Patel,Champion,Paid Search,12,Bluetooth Speaker,Electronics,1,98.02,0,98.02,1
2025-12-30,5029,237,Devon Yamada,New,Email,3,Denim Jacket,Apparel,1,65.95,0,65.95,0
2025-12-30,5029,237,Devon Yamada,New,Email,30,Water Bottle,Sports,1,46.55,0,46.55,0
2025-12-30,5029,237,Devon Yamada,New,Email,28,SPF 50 Lotion,Beauty,1,34.44,0,34.44,0
2025-12-30,5029,237,Devon Yamada,New,Email,21,Storage Bin,Home,1,28.6,0,28.6,0
2025-12-30,5030,238,Avery Reyes,Champion,Referral,2,Hoodie,Apparel,1,19.91,25,14.93,0
2025-12-30,5030,238,Avery Reyes,Champion,Referral,33,Jump Rope,Sports,1,33.41,25,25.06,0
2025-12-30,5031,241,Harper Cohen,Regular,Organic,3,Denim Jacket,Apparel,1,65.95,0,65.95,0
2025-12-30,5032,274,Drew Flynn,Loyal,Email,32,Foam Roller,Sports,2,65.98,10,118.76,0
2025-12-30,5033,281,Avery Reyes,Loyal,Organic,12,Bluetooth Speaker,Electronics,1,98.02,5,93.12,0
2025-12-30,5033,281,Avery Reyes,Loyal,Organic,4,Joggers,Apparel,1,42.18,10,37.96,0
2025-12-30,5033,281,Avery Reyes,Loyal,Organic,4,Joggers,Apparel,1,42.18,0,42.18,0
2025-12-30,5034,286,Leo Petrov,Champion,Referral,9,Wireless Earbuds,Electronics,1,94.29,25,70.72,0
2025-12-30,5034,286,Leo Petrov,Champion,Referral,31,Resistance Bands,Sports,1,65.69,20,52.55,0
2025-12-30,5035,299,Sasha Park,New,Paid Search,16,Throw Pillow,Home,1,19.11,0,19.11,0
2025-12-30,5035,299,Sasha Park,New,Paid Search,25,Sheet Mask,Beauty,1,8.59,0,8.59,0
2025-12-30,5035,299,Sasha Park,New,Paid Search,32,Foam Roller,Sports,1,65.98,0,65.98,0
2025-12-30,5035,299,Sasha Park,New,Paid Search,18,LED Lamp,Home,3,50.85,0,152.55,0
2025-12-30,5036,305,Wren Park,Loyal,Social,5,Socks 3-Pack,Apparel,1,65.81,10,59.23,0
2025-12-30,5036,305,Wren Park,Loyal,Social,31,Resistance Bands,Sports,1,65.69,0,65.69,0
2025-12-30,5037,307,Casey Ahmed,Champion,Organic,18,LED Lamp,Home,1,50.85,10,45.77,0
2025-12-30,5038,385,Hugo Patel,Loyal,Paid Search,33,Jump Rope,Sports,2,33.41,20,53.46,0
2025-12-30,5038,385,Hugo Patel,Loyal,Paid Search,1,Crew Tee,Apparel,1,53.87,10,48.48,0
2025-12-30,5038,385,Hugo Patel,Loyal,Paid Search,25,Sheet Mask,Beauty,1,8.59,25,6.44,0
2025-12-30,5038,385,Hugo Patel,Loyal,Paid Search,37,Plush Bear,Toys,1,15.95,25,11.96,0
2025-12-30,5039,422,Iris Mendez,Champion,Social,16,Throw Pillow,Home,1,19.11,10,17.2,0
2025-12-30,5039,422,Iris Mendez,Champion,Social,38,Board Game,Toys,1,37.99,10,34.19,0
2025-12-30,5040,429,Jamie Okafor,Champion,Email,39,RC Car,Toys,1,33.63,5,31.95,0
2025-12-30,5040,429,Jamie Okafor,Champion,Email,12,Bluetooth Speaker,Electronics,1,98.02,0,98.02,0
2025-12-30,5041,442,Drew Flynn,Loyal,Organic,25,Sheet Mask,Beauty,1,8.59,0,8.59,0
2025-12-30,5042,462,Leo Petrov,Champion,Referral,26,Shampoo Bar,Beauty,1,33.06,0,33.06,0
2025-12-30,5042,462,Leo Petrov,Champion,Referral,26,Shampoo Bar,Beauty,1,33.06,5,31.41,1
2025-12-30,5042,462,Leo Petrov,Champion,Referral,27,Hand Cream,Beauty,2,18.43,5,35.02,0
2025-12-30,5043,470,Ezra Tan,Champion,Social,15,Smart Plug,Electronics,1,110.18,10,99.16,0
2025-12-30,5044,492,Drew Petrov,Champion,Social,18,LED Lamp,Home,2,50.85,0,101.7,0
2025-12-30,5044,492,Drew Petrov,Champion,Social,38,Board Game,Toys,3,37.99,5,108.27,0
2025-12-30,5044,492,Drew Petrov,Champion,Social,39,RC Car,Toys,1,33.63,5,31.95,0
2025-12-30,5045,497,Wren Sullivan,New,Referral,40,Art Kit,Toys,1,53.64,0,53.64,0
2025-12-30,5045,497,Wren Sullivan,New,Referral,20,Towel Set,Home,2,19.75,0,39.5,0
2025-12-30,5045,497,Wren Sullivan,New,Referral,26,Shampoo Bar,Beauty,1,33.06,0,33.06,0
2025-12-30,5046,507,Riley Novak,Regular,Referral,30,Water Bottle,Sports,1,46.55,15,39.57,0
2025-12-30,5046,507,Riley Novak,Regular,Referral,6,Beanie,Apparel,1,30.7,25,23.03,0
2025-12-30,5046,507,Riley Novak,Regular,Referral,37,Plush Bear,Toys,1,15.95,25,11.96,0
2025-12-30,5047,550,Cole Ibarra,Champion,Organic,37,Plush Bear,Toys,1,15.95,10,14.36,0
2025-12-30,5047,550,Cole Ibarra,Champion,Organic,38,Board Game,Toys,3,37.99,0,113.97,0
2025-12-30,5047,550,Cole Ibarra,Champion,Organic,31,Resistance Bands,Sports,3,65.69,0,197.07,0
2025-12-30,5048,582,Taylor Park,Regular,Direct,11,Phone Case,Electronics,1,22.01,0,22.01,0
2025-12-30,5048,582,Taylor Park,Regular,Direct,19,Cutting Board,Home,1,53.71,0,53.71,0
2025-12-30,5048,582,Taylor Park,Regular,Direct,14,Power Bank,Electronics,1,64.37,0,64.37,0
2025-12-30,5049,593,Reese Osei,Regular,Social,20,Towel Set,Home,1,19.75,0,19.75,0
2025-12-30,5049,593,Reese Osei,Regular,Social,8,Chino Pants,Apparel,1,64.72,0,64.72,0
2025-12-30,5050,601,Owen Carter,Loyal,Social,2,Hoodie,Apparel,1,19.91,0,19.91,0
2025-12-30,5051,604,Noel Novak,New,Referral,25,Sheet Mask,Beauty,2,8.59,15,14.6,0
2025-12-30,5051,604,Noel Novak,New,Referral,30,Water Bottle,Sports,3,46.55,25,104.74,0
2025-12-30,5052,704,Owen Nguyen,Champion,Organic,9,Wireless Earbuds,Electronics,1,94.29,5,89.58,0
2025-12-30,5053,705,Jamie Park,Champion,Paid Search,17,Ceramic Mug,Home,1,54.95,20,43.96,0
2025-12-30,5053,705,Jamie Park,Champion,Paid Search,24,Lip Balm,Beauty,1,36.1,25,27.08,0
2025-12-30,5053,705,Jamie Park,Champion,Paid Search,7,Rain Shell,Apparel,2,23.29,25,34.94,0
2025-12-30,5054,713,Wren Costa,Champion,Organic,26,Shampoo Bar,Beauty,1,33.06,10,29.75,1
2025-12-30,5054,713,Wren Costa,Champion,Organic,37,Plush Bear,Toys,1,15.95,0,15.95,0
2025-12-30,5055,735,Drew Brooks,Loyal,Social,4,Joggers,Apparel,1,42.18,10,37.96,0
2025-12-30,5055,735,Drew Brooks,Loyal,Social,1,Crew Tee,Apparel,2,53.87,10,96.97,0
2025-12-30,5056,737,Kai Sullivan,At-Risk,Email,33,Jump Rope,Sports,1,33.41,0,33.41,0
2025-12-30,5056,737,Kai Sullivan,At-Risk,Email,7,Rain Shell,Apparel,2,23.29,0,46.58,0
2025-12-30,5056,737,Kai Sullivan,At-Risk,Email,36,Puzzle 500pc,Toys,1,44.86,0,44.86,0
2025-12-30,5056,737,Kai Sullivan,At-Risk,Email,37,Plush Bear,Toys,1,15.95,0,15.95,1
2025-12-30,5057,762,Leo Flynn,Regular,Referral,3,Denim Jacket,Apparel,1,65.95,20,52.76,0
2025-12-30,5057,762,Leo Flynn,Regular,Referral,18,LED Lamp,Home,1,50.85,25,38.14,0
2025-12-30,5057,762,Leo Flynn,Regular,Referral,25,Sheet Mask,Beauty,2,8.59,25,12.89,0
2025-12-30,5058,764,Jordan Flynn,Loyal,Referral,8,Chino Pants,Apparel,1,64.72,0,64.72,0
2025-12-30,5059,812,Owen Nguyen,Regular,Email,24,Lip Balm,Beauty,1,36.1,0,36.1,0
2025-12-30,5060,813,Nora Hassan,Loyal,Referral,11,Phone Case,Electronics,1,22.01,15,18.71,0
2025-12-30,5061,845,Jordan Costa,Champion,Email,28,SPF 50 Lotion,Beauty,1,34.44,5,32.72,0
2025-12-30,5061,845,Jordan Costa,Champion,Email,15,Smart Plug,Electronics,3,110.18,10,297.49,0
2025-12-30,5062,852,Sasha Ahmed,Champion,Referral,39,RC Car,Toys,1,33.63,5,31.95,0
2025-12-30,5063,857,Noel Osei,Champion,Referral,35,Building Blocks,Toys,1,32.84,0,32.84,0
2025-12-30,5063,857,Noel Osei,Champion,Referral,7,Rain Shell,Apparel,1,23.29,0,23.29,0
2025-12-30,5063,857,Noel Osei,Champion,Referral,32,Foam Roller,Sports,1,65.98,0,65.98,0
2025-12-30,5064,891,Taylor Khan,At-Risk,Paid Search,34,Running Belt,Sports,2,29.4,0,58.8,0
2025-12-30,5065,997,Taylor Hassan,At-Risk,Email,7,Rain Shell,Apparel,1,23.29,0,23.29,0
2025-12-30,5066,998,Lila Yamada,Champion,Email,12,Bluetooth Speaker,Electronics,2,98.02,0,196.04,0
2025-12-30,5066,998,Lila Yamada,Champion,Email,18,LED Lamp,Home,1,50.85,0,50.85,0
2025-12-30,5066,998,Lila Yamada,Champion,Email,20,Towel Set,Home,1,19.75,0,19.75,0
2025-12-30,5066,998,Lila Yamada,Champion,Email,10,USB-C Cable,Electronics,1,117.18,5,111.32,0
2025-12-31,5067,31,Harper Ibarra,Regular,Email,27,Hand Cream,Beauty,1,18.43,0,18.43,0
2025-12-31,5067,31,Harper Ibarra,Regular,Email,22,Scented Candle,Home,3,18.98,0,56.94,0
2025-12-31,5067,31,Harper Ibarra,Regular,Email,25,Sheet Mask,Beauty,3,8.59,0,25.77,0
2025-12-31,5068,43,Maya Okafor,Loyal,Organic,29,Yoga Mat,Sports,1,24.63,0,24.63,0
2025-12-31,5068,43,Maya Okafor,Loyal,Organic,32,Foam Roller,Sports,1,65.98,10,59.38,0
2025-12-31,5068,43,Maya Okafor,Loyal,Organic,8,Chino Pants,Apparel,1,64.72,0,64.72,0
2025-12-31,5069,49,Nora Romano,Loyal,Direct,34,Running Belt,Sports,1,29.4,0,29.4,1
2025-12-31,5069,49,Nora Romano,Loyal,Direct,34,Running Belt,Sports,1,29.4,0,29.4,0
2025-12-31,5070,63,Cole Bauer,Champion,Organic,2,Hoodie,Apparel,1,19.91,10,17.92,0
2025-12-31,5071,124,Ezra Kowalski,Champion,Social,32,Foam Roller,Sports,1,65.98,10,59.38,0
2025-12-31,5071,124,Ezra Kowalski,Champion,Social,34,Running Belt,Sports,1,29.4,0,29.4,0
2025-12-31,5072,140,Cole Marsh,Loyal,Email,17,Ceramic Mug,Home,2,54.95,0,109.9,0
2025-12-31,5073,152,Riley Flynn,At-Risk,Email,34,Running Belt,Sports,1,29.4,0,29.4,0
2025-12-31,5074,218,Taylor Patel,Champion,Paid Search,3,Denim Jacket,Apparel,1,65.95,10,59.36,0
2025-12-31,5075,228,Priya Reid,Regular,Email,16,Throw Pillow,Home,1,19.11,0,19.11,1
2025-12-31,5076,292,Cole Marsh,Champion,Direct,6,Beanie,Apparel,3,30.7,5,87.49,0
2025-12-31,5076,292,Cole Marsh,Champion,Direct,4,Joggers,Apparel,2,42.18,0,84.36,0
2025-12-31,5077,302,Drew Mendez,Regular,Referral,39,RC Car,Toys,1,33.63,0,33.63,0
2025-12-31,5078,319,Tessa Petrov,Loyal,Paid Search,9,Wireless Earbuds,Electronics,1,94.29,0,94.29,0
2025-12-31,5078,319,Tessa Petrov,Loyal,Paid Search,19,Cutting Board,Home,3,53.71,10,145.02,0
2025-12-31,5078,319,Tessa Petrov,Loyal,Paid Search,22,Scented Candle,Home,1,18.98,10,17.08,0
2025-12-31,5078,319,Tessa Petrov,Loyal,Paid Search,40,Art Kit,Toys,3,53.64,5,152.87,0
2025-12-31,5079,361,Cole Flynn,Loyal,Email,13,Webcam,Electronics,2,64,0,128,0
2025-12-31,5079,361,Cole Flynn,Loyal,Email,40,Art Kit,Toys,2,53.64,10,96.55,0
2025-12-31,5080,382,Owen Okafor,New,Social,23,Vitamin C Serum,Beauty,2,32.33,0,64.66,0
2025-12-31,5081,401,Priya Ahmed,Loyal,Referral,23,Vitamin C Serum,Beauty,1,32.33,10,29.1,0
2025-12-31,5082,412,Riley Diaz,Regular,Email,16,Throw Pillow,Home,1,19.11,0,19.11,0
2025-12-31,5082,412,Riley Diaz,Regular,Email,6,Beanie,Apparel,1,30.7,0,30.7,0
2025-12-31,5083,427,Hugo Novak,Regular,Direct,22,Scented Candle,Home,1,18.98,0,18.98,0
2025-12-31,5083,427,Hugo Novak,Regular,Direct,5,Socks 3-Pack,Apparel,1,65.81,0,65.81,0
2025-12-31,5083,427,Hugo Novak,Regular,Direct,4,Joggers,Apparel,1,42.18,0,42.18,0
2025-12-31,5083,427,Hugo Novak,Regular,Direct,8,Chino Pants,Apparel,1,64.72,0,64.72,0
2025-12-31,5084,428,Quinn Diaz,Champion,Paid Search,16,Throw Pillow,Home,1,19.11,15,16.24,0
2025-12-31,5084,428,Quinn Diaz,Champion,Paid Search,26,Shampoo Bar,Beauty,1,33.06,25,24.8,0
2025-12-31,5085,445,Tessa Okafor,Regular,Referral,26,Shampoo Bar,Beauty,1,33.06,25,24.8,1
2025-12-31,5085,445,Tessa Okafor,Regular,Referral,26,Shampoo Bar,Beauty,1,33.06,20,26.45,0
2025-12-31,5086,449,Leo Fischer,Regular,Social,31,Resistance Bands,Sports,1,65.69,10,59.12,0
2025-12-31,5086,449,Leo Fischer,Regular,Social,27,Hand Cream,Beauty,1,18.43,15,15.67,0
2025-12-31,5087,473,Wren Kowalski,New,Referral,29,Yoga Mat,Sports,1,24.63,0,24.63,0
2025-12-31,5088,511,Morgan Petrov,Regular,Direct,3,Denim Jacket,Apparel,1,65.95,10,59.36,0
2025-12-31,5089,542,Ivy Walsh,Regular,Direct,39,RC Car,Toys,1,33.63,0,33.63,0
2025-12-31,5090,550,Cole Ibarra,Champion,Organic,6,Beanie,Apparel,2,30.7,15,52.19,0
2025-12-31,5090,550,Cole Ibarra,Champion,Organic,32,Foam Roller,Sports,2,65.98,25,98.97,0
2025-12-31,5090,550,Cole Ibarra,Champion,Organic,24,Lip Balm,Beauty,1,36.1,10,32.49,0
2025-12-31,5090,550,Cole Ibarra,Champion,Organic,13,Webcam,Electronics,2,64,15,108.8,0
2025-12-31,5091,565,Noel Fischer,Champion,Social,24,Lip Balm,Beauty,1,36.1,0,36.1,0
2025-12-31,5092,585,Lila Flynn,Loyal,Direct,31,Resistance Bands,Sports,1,65.69,10,59.12,1
2025-12-31,5093,654,Devon Diaz,Regular,Social,3,Denim Jacket,Apparel,1,65.95,15,56.06,0
2025-12-31,5094,698,Avery Carter,Regular,Paid Search,4,Joggers,Apparel,1,42.18,0,42.18,0
2025-12-31,5094,698,Avery Carter,Regular,Paid Search,3,Denim Jacket,Apparel,2,65.95,0,131.9,0
2025-12-31,5094,698,Avery Carter,Regular,Paid Search,8,Chino Pants,Apparel,1,64.72,0,64.72,1
2025-12-31,5095,711,Morgan Novak,Loyal,Direct,20,Towel Set,Home,1,19.75,20,15.8,0
2025-12-31,5095,711,Morgan Novak,Loyal,Direct,19,Cutting Board,Home,1,53.71,25,40.28,0
2025-12-31,5095,711,Morgan Novak,Loyal,Direct,1,Crew Tee,Apparel,1,53.87,10,48.48,0
2025-12-31,5096,731,Wren Reyes,Regular,Social,23,Vitamin C Serum,Beauty,1,32.33,0,32.33,0
2025-12-31,5097,805,Cole Costa,Champion,Direct,2,Hoodie,Apparel,3,19.91,0,59.73,0
2025-12-31,5098,819,Nora Mendez,Champion,Paid Search,3,Denim Jacket,Apparel,1,65.95,5,62.65,0
2025-12-31,5098,819,Nora Mendez,Champion,Paid Search,5,Socks 3-Pack,Apparel,2,65.81,5,125.04,0
2025-12-31,5098,819,Nora Mendez,Champion,Paid Search,4,Joggers,Apparel,1,42.18,10,37.96,0
2025-12-31,5099,847,Ezra Cohen,New,Social,4,Joggers,Apparel,2,42.18,0,84.36,0
2025-12-31,5099,847,Ezra Cohen,New,Social,32,Foam Roller,Sports,1,65.98,0,65.98,0
2025-12-31,5099,847,Ezra Cohen,New,Social,16,Throw Pillow,Home,1,19.11,0,19.11,0
2025-12-31,5100,851,Owen Walsh,New,Direct,35,Building Blocks,Toys,2,32.84,15,55.83,0
2025-12-31,5101,857,Noel Osei,Champion,Referral,14,Power Bank,Electronics,1,64.37,25,48.28,0
2025-12-31,5101,857,Noel Osei,Champion,Referral,40,Art Kit,Toys,1,53.64,10,48.28,0
2025-12-31,5101,857,Noel Osei,Champion,Referral,12,Bluetooth Speaker,Electronics,2,98.02,25,147.03,0
2025-12-31,5102,859,Mateo Mendez,Champion,Email,26,Shampoo Bar,Beauty,1,33.06,25,24.8,0
2025-12-31,5102,859,Mateo Mendez,Champion,Email,33,Jump Rope,Sports,1,33.41,15,28.4,0
2025-12-31,5102,859,Mateo Mendez,Champion,Email,29,Yoga Mat,Sports,1,24.63,15,20.94,1
2025-12-31,5102,859,Mateo Mendez,Champion,Email,35,Building Blocks,Toys,2,32.84,20,52.54,0
2025-12-31,5103,906,Reese Carter,Loyal,Social,5,Socks 3-Pack,Apparel,1,65.81,5,62.52,0
2025-12-31,5104,911,Harper Reid,Regular,Paid Search,33,Jump Rope,Sports,1,33.41,0,33.41,0
2025-12-31,5105,915,Riley Park,Champion,Referral,10,USB-C Cable,Electronics,3,117.18,10,316.39,0
2025-12-31,5106,995,Kai Tan,Champion,Organic,40,Art Kit,Toys,1,53.64,5,50.96,0
2026-01-01,5107,41,Iris Patel,Regular,Direct,11,Phone Case,Electronics,1,22.01,0,22.01,0
2026-01-01,5107,41,Iris Patel,Regular,Direct,22,Scented Candle,Home,1,18.98,0,18.98,0
2026-01-01,5108,86,Priya Okafor,Champion,Email,21,Storage Bin,Home,1,28.6,25,21.45,0
2026-01-01,5109,125,Reese Hassan,Regular,Email,4,Joggers,Apparel,1,42.18,0,42.18,0
2026-01-01,5109,125,Reese Hassan,Regular,Email,34,Running Belt,Sports,1,29.4,0,29.4,0
2026-01-01,5109,125,Reese Hassan,Regular,Email,34,Running Belt,Sports,2,29.4,0,58.8,0
2026-01-01,5110,153,Reese Marsh,Loyal,Direct,21,Storage Bin,Home,2,28.6,5,54.34,0
2026-01-01,5111,189,Noel Romano,Champion,Organic,24,Lip Balm,Beauty,3,36.1,25,81.23,1
2026-01-01,5111,189,Noel Romano,Champion,Organic,8,Chino Pants,Apparel,1,64.72,10,58.25,0
2026-01-01,5112,225,Ivy Petrov,New,Organic,12,Bluetooth Speaker,Electronics,1,98.02,0,98.02,0
2026-01-01,5112,225,Ivy Petrov,New,Organic,29,Yoga Mat,Sports,1,24.63,0,24.63,0
2026-01-01,5112,225,Ivy Petrov,New,Organic,7,Rain Shell,Apparel,1,23.29,0,23.29,0
2026-01-01,5113,307,Casey Ahmed,Champion,Organic,27,Hand Cream,Beauty,1,18.43,20,14.74,0
2026-01-01,5114,323,Iris Sullivan,Regular,Paid Search,24,Lip Balm,Beauty,1,36.1,0,36.1,1
2026-01-01,5115,380,Quinn Bauer,Champion,Referral,28,SPF 50 Lotion,Beauty,1,34.44,10,31,0
2026-01-01,5115,380,Quinn Bauer,Champion,Referral,27,Hand Cream,Beauty,2,18.43,10,33.17,0
2026-01-01,5116,423,Ivy Petrov,New,Social,3,Denim Jacket,Apparel,1,65.95,0,65.95,0
2026-01-01,5116,423,Ivy Petrov,New,Social,21,Storage Bin,Home,1,28.6,0,28.6,1
2026-01-01,5117,460,Harper Tan,Champion,Email,26,Shampoo Bar,Beauty,1,33.06,0,33.06,0
2026-01-01,5117,460,Harper Tan,Champion,Email,40,Art Kit,Toys,1,53.64,10,48.28,1
2026-01-01,5118,538,Kai Romano,New,Referral,11,Phone Case,Electronics,1,22.01,10,19.81,0
2026-01-01,5118,538,Kai Romano,New,Referral,36,Puzzle 500pc,Toys,2,44.86,15,76.26,0
2026-01-01,5118,538,Kai Romano,New,Referral,2,Hoodie,Apparel,1,19.91,15,16.92,0
2026-01-01,5118,538,Kai Romano,New,Referral,11,Phone Case,Electronics,2,22.01,15,37.42,1
2026-01-01,5119,549,Wren Reid,Regular,Paid Search,25,Sheet Mask,Beauty,1,8.59,0,8.59,0
2026-01-01,5120,599,Ezra Carter,Regular,Social,31,Resistance Bands,Sports,1,65.69,25,49.27,0
2026-01-01,5121,601,Owen Carter,Loyal,Social,10,USB-C Cable,Electronics,1,117.18,10,105.46,0
2026-01-01,5122,605,Jamie Carter,Loyal,Direct,3,Denim Jacket,Apparel,1,65.95,15,56.06,0
2026-01-01,5123,646,Quinn Romano,Regular,Organic,38,Board Game,Toys,1,37.99,0,37.99,0
2026-01-01,5123,646,Quinn Romano,Regular,Organic,15,Smart Plug,Electronics,1,110.18,0,110.18,0
2026-01-01,5123,646,Quinn Romano,Regular,Organic,21,Storage Bin,Home,1,28.6,0,28.6,0
2026-01-01,5124,668,Hugo Romano,Regular,Email,10,USB-C Cable,Electronics,1,117.18,0,117.18,0
2026-01-01,5125,704,Owen Nguyen,Champion,Organic,15,Smart Plug,Electronics,1,110.18,5,104.67,0
2026-01-01,5125,704,Owen Nguyen,Champion,Organic,17,Ceramic Mug,Home,3,54.95,0,164.85,0
2026-01-01,5125,704,Owen Nguyen,Champion,Organic,8,Chino Pants,Apparel,3,64.72,10,174.74,0
2026-01-01,5125,704,Owen Nguyen,Champion,Organic,1,Crew Tee,Apparel,1,53.87,10,48.48,0
2026-01-01,5126,793,Hugo Osei,Champion,Social,28,SPF 50 Lotion,Beauty,1,34.44,10,31,0
2026-01-01,5127,799,Lila Brooks,Loyal,Referral,18,LED Lamp,Home,2,50.85,15,86.45,0
2026-01-01,5128,856,Cole Khan,At-Risk,Organic,28,SPF 50 Lotion,Beauty,1,34.44,0,34.44,0
2026-01-01,5129,975,Jordan Park,Loyal,Paid Search,36,Puzzle 500pc,Toys,1,44.86,15,38.13,0
2026-01-01,5129,975,Jordan Park,Loyal,Paid Search,11,Phone Case,Electronics,2,22.01,25,33.02,0
2026-01-01,5129,975,Jordan Park,Loyal,Paid Search,36,Puzzle 500pc,Toys,2,44.86,20,71.78,0
2026-01-01,5129,975,Jordan Park,Loyal,Paid Search,31,Resistance Bands,Sports,2,65.69,20,105.1,0
2026-01-01,5130,992,Jamie Osei,Loyal,Email,22,Scented Candle,Home,1,18.98,0,18.98,0
2026-01-02,5131,15,Ezra Bauer,Loyal,Direct,36,Puzzle 500pc,Toys,1,44.86,5,42.62,0
2026-01-02,5131,15,Ezra Bauer,Loyal,Direct,2,Hoodie,Apparel,1,19.91,0,19.91,0
2026-01-02,5131,15,Ezra Bauer,Loyal,Direct,23,Vitamin C Serum,Beauty,3,32.33,0,96.99,0
2026-01-02,5131,15,Ezra Bauer,Loyal,Direct,17,Ceramic Mug,Home,3,54.95,0,164.85,0
2026-01-02,5132,24,Sasha Reid,Champion,Referral,28,SPF 50 Lotion,Beauty,2,34.44,0,68.88,0
2026-01-02,5132,24,Sasha Reid,Champion,Referral,26,Shampoo Bar,Beauty,1,33.06,0,33.06,0
2026-01-02,5133,25,Morgan Petrov,Champion,Paid Search,1,Crew Tee,Apparel,1,53.87,0,53.87,0
2026-01-02,5133,25,Morgan Petrov,Champion,Paid Search,18,LED Lamp,Home,1,50.85,0,50.85,0
2026-01-02,5133,25,Morgan Petrov,Champion,Paid Search,29,Yoga Mat,Sports,1,24.63,0,24.63,0
2026-01-02,5134,137,Iris Larsen,New,Email,24,Lip Balm,Beauty,1,36.1,0,36.1,0
2026-01-02,5135,159,Jordan Tan,Loyal,Direct,36,Puzzle 500pc,Toys,3,44.86,0,134.58,0
2026-01-02,5135,159,Jordan Tan,Loyal,Direct,22,Scented Candle,Home,1,18.98,10,17.08,0
2026-01-02,5136,305,Wren Park,Loyal,Social,19,Cutting Board,Home,1,53.71,10,48.34,0
2026-01-02,5136,305,Wren Park,Loyal,Social,32,Foam Roller,Sports,1,65.98,25,49.49,0
2026-01-02,5137,380,Quinn Bauer,Champion,Referral,36,Puzzle 500pc,Toys,2,44.86,0,89.72,0
2026-01-02,5138,429,Jamie Okafor,Champion,Email,38,Board Game,Toys,1,37.99,5,36.09,0
2026-01-02,5138,429,Jamie Okafor,Champion,Email,15,Smart Plug,Electronics,1,110.18,5,104.67,1
2026-01-02,5139,444,Hugo Yamada,Regular,Email,23,Vitamin C Serum,Beauty,3,32.33,0,96.99,0
2026-01-02,5139,444,Hugo Yamada,Regular,Email,13,Webcam,Electronics,3,64,0,192,0
2026-01-02,5140,449,Leo Fischer,Regular,Social,34,Running Belt,Sports,1,29.4,0,29.4,0
2026-01-02,5140,449,Leo Fischer,Regular,Social,7,Rain Shell,Apparel,1,23.29,0,23.29,0
2026-01-02,5140,449,Leo Fischer,Regular,Social,31,Resistance Bands,Sports,1,65.69,0,65.69,0
2026-01-02,5141,455,Casey Ahmed,Loyal,Email,18,LED Lamp,Home,1,50.85,10,45.77,0
2026-01-02,5141,455,Casey Ahmed,Loyal,Email,38,Board Game,Toys,3,37.99,10,102.57,0
2026-01-02,5141,455,Casey Ahmed,Loyal,Email,1,Crew Tee,Apparel,1,53.87,0,53.87,0
2026-01-02,5141,455,Casey Ahmed,Loyal,Email,18,LED Lamp,Home,1,50.85,10,45.77,0
2026-01-02,5142,462,Leo Petrov,Champion,Referral,15,Smart Plug,Electronics,3,110.18,10,297.49,0
2026-01-02,5143,481,Drew Sullivan,Regular,Social,25,Sheet Mask,Beauty,1,8.59,0,8.59,0
2026-01-02,5143,481,Drew Sullivan,Regular,Social,35,Building Blocks,Toys,1,32.84,0,32.84,0
2026-01-02,5143,481,Drew Sullivan,Regular,Social,34,Running Belt,Sports,1,29.4,0,29.4,0
2026-01-02,5143,481,Drew Sullivan,Regular,Social,2,Hoodie,Apparel,1,19.91,0,19.91,0
2026-01-02,5144,531,Wren Carter,Loyal,Direct,11,Phone Case,Electronics,2,22.01,5,41.82,0
2026-01-02,5144,531,Wren Carter,Loyal,Direct,11,Phone Case,Electronics,1,22.01,0,22.01,0
2026-01-02,5145,650,Owen Patel,New,Referral,1,Crew Tee,Apparel,1,53.87,0,53.87,0
2026-01-02,5145,650,Owen Patel,New,Referral,19,Cutting Board,Home,1,53.71,0,53.71,0
2026-01-02,5146,713,Wren Costa,Champion,Organic,3,Denim Jacket,Apparel,1,65.95,5,62.65,0
2026-01-02,5147,719,Avery Kowalski,Loyal,Email,22,Scented Candle,Home,2,18.98,10,34.16,0
2026-01-02,5148,759,Ivy Reyes,Regular,Referral,16,Throw Pillow,Home,1,19.11,0,19.11,0
2026-01-02,5148,759,Ivy Reyes,Regular,Referral,11,Phone Case,Electronics,1,22.01,0,22.01,0
2026-01-02,5148,759,Ivy Reyes,Regular,Referral,7,Rain Shell,Apparel,1,23.29,0,23.29,0
2026-01-02,5148,759,Ivy Reyes,Regular,Referral,15,Smart Plug,Electronics,1,110.18,0,110.18,0
2026-01-02,5149,804,Leo Costa,Regular,Direct,26,Shampoo Bar,Beauty,1,33.06,0,33.06,0
2026-01-02,5150,839,Riley Khan,Loyal,Email,39,RC Car,Toys,1,33.63,10,30.27,0
2026-01-02,5150,839,Riley Khan,Loyal,Email,9,Wireless Earbuds,Electronics,1,94.29,0,94.29,0
2026-01-02,5151,884,Riley Khan,New,Direct,6,Beanie,Apparel,1,30.7,0,30.7,0
2026-01-02,5152,945,Jamie Novak,Champion,Email,6,Beanie,Apparel,1,30.7,5,29.17,0
2026-01-03,5153,15,Ezra Bauer,Loyal,Direct,5,Socks 3-Pack,Apparel,1,65.81,0,65.81,0
2026-01-03,5154,69,Taylor Yamada,Loyal,Email,9,Wireless Earbuds,Electronics,1,94.29,25,70.72,0
2026-01-03,5155,140,Cole Marsh,Loyal,Email,22,Scented Candle,Home,1,18.98,0,18.98,0
2026-01-03,5156,218,Taylor Patel,Champion,Paid Search,11,Phone Case,Electronics,2,22.01,0,44.02,0
2026-01-03,5156,218,Taylor Patel,Champion,Paid Search,30,Water Bottle,Sports,3,46.55,5,132.67,0
2026-01-03,5157,257,Kai Patel,Regular,Email,4,Joggers,Apparel,1,42.18,0,42.18,0
2026-01-03,5158,385,Hugo Patel,Loyal,Paid Search,3,Denim Jacket,Apparel,3,65.95,20,158.28,0
2026-01-03,5158,385,Hugo Patel,Loyal,Paid Search,22,Scented Candle,Home,1,18.98,25,14.24,0
2026-01-03,5159,420,Nora Reid,Regular,Referral,14,Power Bank,Electronics,2,64.37,0,128.74,0
2026-01-03,5159,420,Nora Reid,Regular,Referral,17,Ceramic Mug,Home,1,54.95,0,54.95,0
2026-01-03,5160,445,Tessa Okafor,Regular,Referral,11,Phone Case,Electronics,2,22.01,0,44.02,0
2026-01-03,5161,449,Leo Fischer,Regular,Social,32,Foam Roller,Sports,1,65.98,0,65.98,0
2026-01-03,5162,467,Quinn Khan,Loyal,Direct,7,Rain Shell,Apparel,1,23.29,0,23.29,0
2026-01-03,5162,467,Quinn Khan,Loyal,Direct,32,Foam Roller,Sports,3,65.98,0,197.94,0
2026-01-03,5163,583,Lila Diaz,Loyal,Direct,35,Building Blocks,Toys,1,32.84,15,27.91,0
2026-01-03,5163,583,Lila Diaz,Loyal,Direct,20,Towel Set,Home,1,19.75,15,16.79,0
2026-01-03,5163,583,Lila Diaz,Loyal,Direct,29,Yoga Mat,Sports,1,24.63,20,19.7,0
2026-01-03,5163,583,Lila Diaz,Loyal,Direct,16,Throw Pillow,Home,1,19.11,20,15.29,0
2026-01-03,5164,596,Wren Flynn,At-Risk,Direct,33,Jump Rope,Sports,1,33.41,0,33.41,0
2026-01-03,5164,596,Wren Flynn,At-Risk,Direct,27,Hand Cream,Beauty,3,18.43,0,55.29,0
2026-01-03,5165,601,Owen Carter,Loyal,Social,24,Lip Balm,Beauty,1,36.1,0,36.1,0
2026-01-03,5165,601,Owen Carter,Loyal,Social,35,Building Blocks,Toys,1,32.84,0,32.84,0
2026-01-03,5165,601,Owen Carter,Loyal,Social,12,Bluetooth Speaker,Electronics,1,98.02,0,98.02,0
2026-01-03,5165,601,Owen Carter,Loyal,Social,20,Towel Set,Home,1,19.75,0,19.75,0
2026-01-03,5166,644,Avery Osei,Loyal,Paid Search,24,Lip Balm,Beauty,1,36.1,25,27.08,0
2026-01-03,5167,702,Noel Petrov,Loyal,Paid Search,20,Towel Set,Home,1,19.75,10,17.78,0
2026-01-03,5167,702,Noel Petrov,Loyal,Paid Search,3,Denim Jacket,Apparel,1,65.95,15,56.06,0
2026-01-03,5168,705,Jamie Park,Champion,Paid Search,30,Water Bottle,Sports,2,46.55,10,83.79,0
2026-01-03,5169,745,Devon Carter,Loyal,Email,13,Webcam,Electronics,1,64,5,60.8,0
2026-01-03,5169,745,Devon Carter,Loyal,Email,37,Plush Bear,Toys,1,15.95,0,15.95,0
2026-01-03,5170,836,Morgan Larsen,Loyal,Social,21,Storage Bin,Home,1,28.6,0,28.6,0
2026-01-03,5170,836,Morgan Larsen,Loyal,Social,16,Throw Pillow,Home,1,19.11,10,17.2,0
2026-01-03,5171,862,Ezra Patel,Regular,Paid Search,36,Puzzle 500pc,Toys,2,44.86,0,89.72,0
2026-01-03,5172,987,Jordan Sullivan,Champion,Paid Search,21,Storage Bin,Home,1,28.6,5,27.17,0
2026-01-04,5173,42,Cole Reyes,Champion,Email,2,Hoodie,Apparel,1,19.91,5,18.91,0
2026-01-04,5173,42,Cole Reyes,Champion,Email,30,Water Bottle,Sports,3,46.55,10,125.68,0
2026-01-04,5174,49,Nora Romano,Loyal,Direct,19,Cutting Board,Home,1,53.71,0,53.71,0
2026-01-04,5174,49,Nora Romano,Loyal,Direct,27,Hand Cream,Beauty,1,18.43,10,16.59,0
2026-01-04,5174,49,Nora Romano,Loyal,Direct,24,Lip Balm,Beauty,1,36.1,0,36.1,0
2026-01-04,5175,62,Noel Novak,Loyal,Organic,30,Water Bottle,Sports,1,46.55,5,44.22,0
2026-01-04,5176,156,Hugo Flynn,Champion,Email,34,Running Belt,Sports,1,29.4,20,23.52,0
2026-01-04,5176,156,Hugo Flynn,Champion,Email,28,SPF 50 Lotion,Beauty,1,34.44,10,31,0
2026-01-04,5176,156,Hugo Flynn,Champion,Email,1,Crew Tee,Apparel,1,53.87,20,43.1,0
2026-01-04,5177,188,Priya Park,Loyal,Organic,13,Webcam,Electronics,1,64,5,60.8,0
2026-01-04,5178,269,Hugo Yamada,Regular,Organic,16,Throw Pillow,Home,1,19.11,25,14.33,0
2026-01-04,5179,289,Drew Patel,At-Risk,Social,38,Board Game,Toys,1,37.99,0,37.99,0
2026-01-04,5179,289,Drew Patel,At-Risk,Social,14,Power Bank,Electronics,1,64.37,0,64.37,0
2026-01-04,5180,419,Nora Petrov,At-Risk,Organic,37,Plush Bear,Toys,1,15.95,0,15.95,1
2026-01-04,5181,439,Lila Park,At-Risk,Paid Search,29,Yoga Mat,Sports,2,24.63,0,49.26,0
2026-01-04,5181,439,Lila Park,At-Risk,Paid Search,20,Towel Set,Home,1,19.75,0,19.75,0
2026-01-04,5182,440,Harper Nguyen,Regular,Email,37,Plush Bear,Toys,3,15.95,0,47.85,0
2026-01-04,5183,476,Mateo Brooks,New,Social,17,Ceramic Mug,Home,1,54.95,0,54.95,0
2026-01-04,5183,476,Mateo Brooks,New,Social,30,Water Bottle,Sports,1,46.55,0,46.55,0
2026-01-04,5183,476,Mateo Brooks,New,Social,39,RC Car,Toys,1,33.63,0,33.63,0
2026-01-04,5184,574,Ezra Sullivan,Loyal,Email,5,Socks 3-Pack,Apparel,1,65.81,0,65.81,0
2026-01-04,5184,574,Ezra Sullivan,Loyal,Email,32,Foam Roller,Sports,1,65.98,0,65.98,0
2026-01-04,5185,605,Jamie Carter,Loyal,Direct,6,Beanie,Apparel,1,30.7,10,27.63,0
2026-01-04,5186,716,Iris Reyes,Champion,Email,4,Joggers,Apparel,1,42.18,10,37.96,1
2026-01-04,5187,775,Nora Patel,Champion,Paid Search,27,Hand Cream,Beauty,1,18.43,5,17.51,1
2026-01-04,5187,775,Nora Patel,Champion,Paid Search,32,Foam Roller,Sports,1,65.98,10,59.38,0
2026-01-04,5188,805,Cole Costa,Champion,Direct,24,Lip Balm,Beauty,1,36.1,0,36.1,0
2026-01-04,5188,805,Cole Costa,Champion,Direct,25,Sheet Mask,Beauty,3,8.59,10,23.19,0
2026-01-04,5189,809,Devon Yamada,New,Social,28,SPF 50 Lotion,Beauty,1,34.44,0,34.44,0
2026-01-04,5190,917,Devon Reid,Regular,Organic,14,Power Bank,Electronics,1,64.37,0,64.37,0
2026-01-04,5190,917,Devon Reid,Regular,Organic,25,Sheet Mask,Beauty,1,8.59,0,8.59,0
2026-01-04,5191,979,Wren Brooks,At-Risk,Organic,13,Webcam,Electronics,1,64,0,64,0
2026-01-04,5191,979,Wren Brooks,At-Risk,Organic,20,Towel Set,Home,2,19.75,0,39.5,0
2026-01-04,5191,979,Wren Brooks,At-Risk,Organic,31,Resistance Bands,Sports,2,65.69,0,131.38,1
2026-01-04,5192,985,Rowan Petrov,Loyal,Paid Search,17,Ceramic Mug,Home,1,54.95,0,54.95,0
2026-01-04,5192,985,Rowan Petrov,Loyal,Paid Search,7,Rain Shell,Apparel,1,23.29,0,23.29,0
2026-01-05,5193,25,Morgan Petrov,Champion,Paid Search,15,Smart Plug,Electronics,1,110.18,0,110.18,0
2026-01-05,5194,42,Cole Reyes,Champion,Email,23,Vitamin C Serum,Beauty,1,32.33,10,29.1,0
2026-01-05,5194,42,Cole Reyes,Champion,Email,29,Yoga Mat,Sports,1,24.63,10,22.17,0
2026-01-05,5195,165,Reese Mendez,Regular,Paid Search,31,Resistance Bands,Sports,1,65.69,0,65.69,0
2026-01-05,5196,189,Noel Romano,Champion,Organic,30,Water Bottle,Sports,1,46.55,0,46.55,0
2026-01-05,5197,263,Morgan Sullivan,Regular,Paid Search,34,Running Belt,Sports,1,29.4,15,24.99,0
2026-01-05,5198,276,Riley Costa,Loyal,Referral,16,Throw Pillow,Home,1,19.11,25,14.33,0
2026-01-05,5198,276,Riley Costa,Loyal,Referral,29,Yoga Mat,Sports,3,24.63,20,59.11,0
2026-01-05,5199,353,Tessa Osei,Regular,Referral,25,Sheet Mask,Beauty,1,8.59,20,6.87,0
2026-01-05,5200,398,Harper Larsen,Loyal,Paid Search,24,Lip Balm,Beauty,1,36.1,10,32.49,0
2026-01-05,5201,423,Ivy Petrov,New,Social,7,Rain Shell,Apparel,1,23.29,20,18.63,0
2026-01-05,5202,424,Riley Marsh,New,Paid Search,29,Yoga Mat,Sports,1,24.63,0,24.63,0
2026-01-05,5202,424,Riley Marsh,New,Paid Search,15,Smart Plug,Electronics,1,110.18,0,110.18,0
2026-01-05,5203,497,Wren Sullivan,New,Referral,4,Joggers,Apparel,1,42.18,0,42.18,1
2026-01-05,5204,504,Harper Osei,Loyal,Social,14,Power Bank,Electronics,1,64.37,0,64.37,0
2026-01-05,5205,527,Jamie Fischer,Champion,Referral,10,USB-C Cable,Electronics,2,117.18,5,222.64,0
2026-01-05,5206,554,Noel Cohen,Champion,Paid Search,32,Foam Roller,Sports,1,65.98,10,59.38,0
2026-01-05,5206,554,Noel Cohen,Champion,Paid Search,36,Puzzle 500pc,Toys,2,44.86,0,89.72,0
2026-01-05,5206,554,Noel Cohen,Champion,Paid Search,3,Denim Jacket,Apparel,1,65.95,5,62.65,0
2026-01-05,5207,585,Lila Flynn,Loyal,Direct,14,Power Bank,Electronics,1,64.37,10,57.93,0
2026-01-05,5207,585,Lila Flynn,Loyal,Direct,19,Cutting Board,Home,1,53.71,25,40.28,0
2026-01-05,5208,745,Devon Carter,Loyal,Email,4,Joggers,Apparel,2,42.18,15,71.71,0
2026-01-05,5209,764,Jordan Flynn,Loyal,Referral,19,Cutting Board,Home,2,53.71,10,96.68,0
2026-01-05,5209,764,Jordan Flynn,Loyal,Referral,21,Storage Bin,Home,1,28.6,5,27.17,0
2026-01-05,5210,771,Rowan Bauer,Regular,Organic,11,Phone Case,Electronics,3,22.01,0,66.03,0
2026-01-05,5210,771,Rowan Bauer,Regular,Organic,35,Building Blocks,Toys,1,32.84,0,32.84,0
2026-01-06,5211,24,Sasha Reid,Champion,Referral,8,Chino Pants,Apparel,1,64.72,5,61.48,0
2026-01-06,5212,36,Iris Park,Champion,Organic,11,Phone Case,Electronics,1,22.01,25,16.51,0
2026-01-06,5212,36,Iris Park,Champion,Organic,1,Crew Tee,Apparel,1,53.87,15,45.79,0
2026-01-06,5213,43,Maya Okafor,Loyal,Organic,19,Cutting Board,Home,1,53.71,5,51.02,0
2026-01-06,5213,43,Maya Okafor,Loyal,Organic,18,LED Lamp,Home,2,50.85,0,101.7,0
2026-01-06,5213,43,Maya Okafor,Loyal,Organic,34,Running Belt,Sports,1,29.4,10,26.46,0
2026-01-06,5213,43,Maya Okafor,Loyal,Organic,8,Chino Pants,Apparel,1,64.72,0,64.72,0
2026-01-06,5214,86,Priya Okafor,Champion,Email,16,Throw Pillow,Home,1,19.11,0,19.11,0
2026-01-06,5215,176,Jordan Okafor,At-Risk,Paid Search,39,RC Car,Toys,1,33.63,10,30.27,0
2026-01-06,5216,189,Noel Romano,Champion,Organic,4,Joggers,Apparel,3,42.18,0,126.54,0
2026-01-06,5217,193,Nora Cohen,Loyal,Paid Search,13,Webcam,Electronics,1,64,0,64,0
2026-01-06,5217,193,Nora Cohen,Loyal,Paid Search,35,Building Blocks,Toys,1,32.84,0,32.84,0
2026-01-06,5218,451,Casey Mendez,Regular,Referral,6,Beanie,Apparel,3,30.7,0,92.1,0
2026-01-06,5219,460,Harper Tan,Champion,Email,28,SPF 50 Lotion,Beauty,3,34.44,20,82.66,1
2026-01-06,5219,460,Harper Tan,Champion,Email,15,Smart Plug,Electronics,3,110.18,15,280.96,1
2026-01-06,5220,467,Quinn Khan,Loyal,Direct,22,Scented Candle,Home,1,18.98,0,18.98,0
2026-01-06,5221,701,Maya Larsen,At-Risk,Paid Search,9,Wireless Earbuds,Electronics,1,94.29,0,94.29,0
2026-01-06,5221,701,Maya Larsen,At-Risk,Paid Search,17,Ceramic Mug,Home,1,54.95,0,54.95,0
2026-01-06,5222,705,Jamie Park,Champion,Paid Search,20,Towel Set,Home,3,19.75,0,59.25,0
2026-01-06,5223,723,Tessa Khan,Regular,Email,5,Socks 3-Pack,Apparel,1,65.81,25,49.36,0
2026-01-06,5224,820,Drew Cohen,Loyal,Referral,37,Plush Bear,Toys,2,15.95,15,27.12,0
2026-01-06,5225,852,Sasha Ahmed,Champion,Referral,37,Plush Bear,Toys,2,15.95,0,31.9,0
2026-01-06,5225,852,Sasha Ahmed,Champion,Referral,13,Webcam,Electronics,1,64,0,64,0
2026-01-06,5226,865,Rowan Costa,Champion,Referral,36,Puzzle 500pc,Toys,3,44.86,0,134.58,0
2026-01-06,5227,920,Taylor Brooks,New,Direct,7,Rain Shell,Apparel,1,23.29,0,23.29,0
2026-01-06,5227,920,Taylor Brooks,New,Direct,22,Scented Candle,Home,2,18.98,0,37.96,0
2026-01-06,5227,920,Taylor Brooks,New,Direct,19,Cutting Board,Home,1,53.71,0,53.71,0
2026-01-07,5228,24,Sasha Reid,Champion,Referral,11,Phone Case,Electronics,2,22.01,20,35.22,1
2026-01-07,5228,24,Sasha Reid,Champion,Referral,13,Webcam,Electronics,1,64,20,51.2,1
2026-01-07,5229,92,Iris Ibarra,Champion,Email,36,Puzzle 500pc,Toys,1,44.86,15,38.13,0
2026-01-07,5230,108,Lila Flynn,Loyal,Email,40,Art Kit,Toys,1,53.64,10,48.28,0
2026-01-07,5231,131,Priya Cohen,Champion,Referral,32,Foam Roller,Sports,2,65.98,0,131.96,0
2026-01-07,5232,156,Hugo Flynn,Champion,Email,5,Socks 3-Pack,Apparel,1,65.81,5,62.52,0
2026-01-07,5233,232,Iris Park,New,Organic,20,Towel Set,Home,2,19.75,0,39.5,0
2026-01-07,5233,232,Iris Park,New,Organic,31,Resistance Bands,Sports,1,65.69,0,65.69,0
2026-01-07,5234,305,Wren Park,Loyal,Social,20,Towel Set,Home,2,19.75,15,33.57,0
2026-01-07,5234,305,Wren Park,Loyal,Social,19,Cutting Board,Home,3,53.71,15,136.96,0
2026-01-07,5235,380,Quinn Bauer,Champion,Referral,30,Water Bottle,Sports,3,46.55,0,139.65,0
2026-01-07,5235,380,Quinn Bauer,Champion,Referral,8,Chino Pants,Apparel,1,64.72,0,64.72,0
2026-01-07,5235,380,Quinn Bauer,Champion,Referral,40,Art Kit,Toys,1,53.64,0,53.64,0
2026-01-07,5235,380,Quinn Bauer,Champion,Referral,34,Running Belt,Sports,1,29.4,5,27.93,0
2026-01-07,5236,418,Quinn Diaz,New,Referral,6,Beanie,Apparel,1,30.7,0,30.7,0
2026-01-07,5236,418,Quinn Diaz,New,Referral,13,Webcam,Electronics,1,64,0,64,0
2026-01-07,5236,418,Quinn Diaz,New,Referral,32,Foam Roller,Sports,1,65.98,0,65.98,0
2026-01-07,5237,422,Iris Mendez,Champion,Social,24,Lip Balm,Beauty,2,36.1,0,72.2,0
2026-01-07,5238,423,Ivy Petrov,New,Social,32,Foam Roller,Sports,1,65.98,0,65.98,0
2026-01-07,5239,523,Morgan Flynn,Loyal,Social,5,Socks 3-Pack,Apparel,1,65.81,10,59.23,0
2026-01-07,5240,536,Hugo Tan,At-Risk,Direct,36,Puzzle 500pc,Toys,1,44.86,0,44.86,1
2026-01-07,5241,538,Kai Romano,New,Referral,3,Denim Jacket,Apparel,1,65.95,0,65.95,0
2026-01-07,5242,547,Harper Costa,Loyal,Email,3,Denim Jacket,Apparel,1,65.95,10,59.36,0
2026-01-07,5243,639,Devon Yamada,Regular,Direct,34,Running Belt,Sports,1,29.4,10,26.46,1
2026-01-07,5243,639,Devon Yamada,Regular,Direct,28,SPF 50 Lotion,Beauty,1,34.44,20,27.55,0
2026-01-07,5244,779,Hugo Ibarra,Loyal,Organic,4,Joggers,Apparel,3,42.18,10,113.89,0
2026-01-07,5245,859,Mateo Mendez,Champion,Email,7,Rain Shell,Apparel,1,23.29,15,19.8,0
2026-01-07,5246,906,Reese Carter,Loyal,Social,10,USB-C Cable,Electronics,1,117.18,0,117.18,0
2026-01-07,5247,912,Ivy Walsh,At-Risk,Paid Search,11,Phone Case,Electronics,3,22.01,0,66.03,1
2026-01-07,5248,960,Wren Mendez,Champion,Social,33,Jump Rope,Sports,3,33.41,0,100.23,0
2026-01-07,5249,986,Hugo Sullivan,Loyal,Referral,8,Chino Pants,Apparel,1,64.72,5,61.48,0
2026-01-07,5249,986,Hugo Sullivan,Loyal,Referral,8,Chino Pants,Apparel,1,64.72,0,64.72,0
2026-01-07,5249,986,Hugo Sullivan,Loyal,Referral,38,Board Game,Toys,1,37.99,10,34.19,0
2026-01-07,5249,986,Hugo Sullivan,Loyal,Referral,4,Joggers,Apparel,1,42.18,0,42.18,0
2026-01-08,5250,36,Iris Park,Champion,Organic,13,Webcam,Electronics,1,64,10,57.6,0
2026-01-08,5251,72,Kai Petrov,Regular,Social,16,Throw Pillow,Home,3,19.11,0,57.33,0
2026-01-08,5252,102,Priya Kowalski,Loyal,Referral,32,Foam Roller,Sports,1,65.98,20,52.78,0
2026-01-08,5252,102,Priya Kowalski,Loyal,Referral,35,Building Blocks,Toys,1,32.84,25,24.63,0
2026-01-08,5252,102,Priya Kowalski,Loyal,Referral,23,Vitamin C Serum,Beauty,1,32.33,25,24.25,0
2026-01-08,5253,103,Maya Walsh,Regular,Email,36,Puzzle 500pc,Toys,3,44.86,0,134.58,0
2026-01-08,5253,103,Maya Walsh,Regular,Email,38,Board Game,Toys,2,37.99,0,75.98,0
2026-01-08,5254,115,Cole Ahmed,Champion,Paid Search,8,Chino Pants,Apparel,1,64.72,20,51.78,0
2026-01-08,5254,115,Cole Ahmed,Champion,Paid Search,26,Shampoo Bar,Beauty,1,33.06,10,29.75,0
2026-01-08,5255,116,Wren Mendez,Champion,Email,6,Beanie,Apparel,2,30.7,0,61.4,0
2026-01-08,5256,141,Maya Romano,Loyal,Organic,11,Phone Case,Electronics,1,22.01,10,19.81,0
2026-01-08,5256,141,Maya Romano,Loyal,Organic,6,Beanie,Apparel,2,30.7,20,49.12,0
2026-01-08,5257,145,Iris Yamada,Loyal,Direct,27,Hand Cream,Beauty,1,18.43,20,14.74,0
2026-01-08,5257,145,Iris Yamada,Loyal,Direct,18,LED Lamp,Home,3,50.85,25,114.41,0
2026-01-08,5258,148,Quinn Patel,New,Organic,5,Socks 3-Pack,Apparel,2,65.81,0,131.62,0
2026-01-08,5259,153,Reese Marsh,Loyal,Direct,5,Socks 3-Pack,Apparel,2,65.81,0,131.62,0
2026-01-08,5259,153,Reese Marsh,Loyal,Direct,10,USB-C Cable,Electronics,3,117.18,0,351.54,0
2026-01-08,5260,215,Kai Flynn,Regular,Referral,3,Denim Jacket,Apparel,1,65.95,0,65.95,0
2026-01-08,5260,215,Kai Flynn,Regular,Referral,28,SPF 50 Lotion,Beauty,1,34.44,0,34.44,0
2026-01-08,5260,215,Kai Flynn,Regular,Referral,36,Puzzle 500pc,Toys,1,44.86,0,44.86,0
2026-01-08,5261,242,Sasha Hassan,Loyal,Paid Search,31,Resistance Bands,Sports,3,65.69,15,167.51,1
2026-01-08,5262,277,Priya Patel,Regular,Social,29,Yoga Mat,Sports,2,24.63,0,49.26,0
2026-01-08,5262,277,Priya Patel,Regular,Social,20,Towel Set,Home,1,19.75,0,19.75,0
2026-01-08,5263,472,Noel Ibarra,Loyal,Direct,39,RC Car,Toys,1,33.63,0,33.63,0
2026-01-08,5263,472,Noel Ibarra,Loyal,Direct,12,Bluetooth Speaker,Electronics,1,98.02,0,98.02,0
2026-01-08,5264,491,Kai Okafor,Regular,Direct,23,Vitamin C Serum,Beauty,1,32.33,0,32.33,0
2026-01-08,5264,491,Kai Okafor,Regular,Direct,19,Cutting Board,Home,1,53.71,0,53.71,0
2026-01-08,5265,537,Ivy Okafor,Regular,Paid Search,35,Building Blocks,Toys,1,32.84,0,32.84,0
2026-01-08,5265,537,Ivy Okafor,Regular,Paid Search,7,Rain Shell,Apparel,1,23.29,0,23.29,0
2026-01-08,5265,537,Ivy Okafor,Regular,Paid Search,1,Crew Tee,Apparel,2,53.87,0,107.74,0
2026-01-08,5266,554,Noel Cohen,Champion,Paid Search,18,LED Lamp,Home,1,50.85,0,50.85,0
2026-01-08,5266,554,Noel Cohen,Champion,Paid Search,8,Chino Pants,Apparel,2,64.72,10,116.5,0
2026-01-08,5266,554,Noel Cohen,Champion,Paid Search,10,USB-C Cable,Electronics,1,117.18,5,111.32,0
2026-01-08,5267,587,Drew Cohen,Loyal,Referral,21,Storage Bin,Home,1,28.6,0,28.6,0
2026-01-08,5268,687,Kai Reid,Loyal,Referral,27,Hand Cream,Beauty,3,18.43,10,49.76,0
2026-01-08,5269,713,Wren Costa,Champion,Organic,9,Wireless Earbuds,Electronics,3,94.29,0,282.87,0
2026-01-08,5270,753,Tessa Mendez,Regular,Social,6,Beanie,Apparel,1,30.7,0,30.7,0
2026-01-08,5271,945,Jamie Novak,Champion,Email,30,Water Bottle,Sports,2,46.55,10,83.79,0
2026-01-09,5272,17,Casey Khan,Loyal,Referral,1,Crew Tee,Apparel,1,53.87,10,48.48,1
2026-01-09,5272,17,Casey Khan,Loyal,Referral,19,Cutting Board,Home,1,53.71,20,42.97,0
2026-01-09,5272,17,Casey Khan,Loyal,Referral,34,Running Belt,Sports,1,29.4,10,26.46,0
2026-01-09,5272,17,Casey Khan,Loyal,Referral,32,Foam Roller,Sports,1,65.98,25,49.49,1
2026-01-09,5273,24,Sasha Reid,Champion,Referral,18,LED Lamp,Home,1,50.85,10,45.77,0
2026-01-09,5274,36,Iris Park,Champion,Organic,11,Phone Case,Electronics,3,22.01,15,56.13,0
2026-01-09,5275,56,Taylor Carter,New,Email,25,Sheet Mask,Beauty,1,8.59,0,8.59,0
2026-01-09,5276,100,Avery Patel,Regular,Paid Search,32,Foam Roller,Sports,2,65.98,0,131.96,0
2026-01-09,5276,100,Avery Patel,Regular,Paid Search,14,Power Bank,Electronics,1,64.37,0,64.37,0
2026-01-09,5277,246,Reese Diaz,At-Risk,Email,5,Socks 3-Pack,Apparel,1,65.81,25,49.36,0
2026-01-09,5277,246,Reese Diaz,At-Risk,Email,14,Power Bank,Electronics,1,64.37,10,57.93,0
2026-01-09,5278,305,Wren Park,Loyal,Social,31,Resistance Bands,Sports,1,65.69,10,59.12,0
2026-01-09,5278,305,Wren Park,Loyal,Social,5,Socks 3-Pack,Apparel,1,65.81,20,52.65,0
2026-01-09,5278,305,Wren Park,Loyal,Social,2,Hoodie,Apparel,1,19.91,20,15.93,0
2026-01-09,5279,386,Rowan Mendez,Loyal,Referral,23,Vitamin C Serum,Beauty,2,32.33,10,58.19,0
2026-01-09,5280,420,Nora Reid,Regular,Referral,12,Bluetooth Speaker,Electronics,2,98.02,0,196.04,0
2026-01-09,5280,420,Nora Reid,Regular,Referral,9,Wireless Earbuds,Electronics,2,94.29,0,188.58,0
2026-01-09,5280,420,Nora Reid,Regular,Referral,2,Hoodie,Apparel,2,19.91,0,39.82,0
2026-01-09,5280,420,Nora Reid,Regular,Referral,28,SPF 50 Lotion,Beauty,1,34.44,0,34.44,0
2026-01-09,5281,450,Lila Bauer,Loyal,Paid Search,9,Wireless Earbuds,Electronics,1,94.29,5,89.58,0
2026-01-09,5281,450,Lila Bauer,Loyal,Paid Search,38,Board Game,Toys,1,37.99,5,36.09,0
2026-01-09,5282,454,Casey Larsen,Loyal,Referral,4,Joggers,Apparel,2,42.18,5,80.14,0
2026-01-09,5282,454,Casey Larsen,Loyal,Referral,39,RC Car,Toys,1,33.63,10,30.27,0
2026-01-09,5282,454,Casey Larsen,Loyal,Referral,28,SPF 50 Lotion,Beauty,3,34.44,5,98.15,0
2026-01-09,5282,454,Casey Larsen,Loyal,Referral,8,Chino Pants,Apparel,3,64.72,10,174.74,0
2026-01-09,5283,460,Harper Tan,Champion,Email,24,Lip Balm,Beauty,2,36.1,0,72.2,0
2026-01-09,5284,470,Ezra Tan,Champion,Social,22,Scented Candle,Home,2,18.98,0,37.96,0
2026-01-09,5284,470,Ezra Tan,Champion,Social,6,Beanie,Apparel,1,30.7,0,30.7,0
2026-01-09,5285,477,Wren Romano,Loyal,Organic,10,USB-C Cable,Electronics,1,117.18,0,117.18,0
2026-01-09,5285,477,Wren Romano,Loyal,Organic,5,Socks 3-Pack,Apparel,1,65.81,0,65.81,0
2026-01-09,5286,492,Drew Petrov,Champion,Social,9,Wireless Earbuds,Electronics,1,94.29,20,75.43,0
2026-01-09,5286,492,Drew Petrov,Champion,Social,21,Storage Bin,Home,1,28.6,10,25.74,0
2026-01-09,5286,492,Drew Petrov,Champion,Social,8,Chino Pants,Apparel,1,64.72,25,48.54,0
2026-01-09,5287,507,Riley Novak,Regular,Referral,13,Webcam,Electronics,2,64,0,128,0
2026-01-09,5287,507,Riley Novak,Regular,Referral,32,Foam Roller,Sports,1,65.98,0,65.98,0
2026-01-09,5287,507,Riley Novak,Regular,Referral,11,Phone Case,Electronics,3,22.01,0,66.03,0
2026-01-09,5288,627,Hugo Sullivan,Champion,Paid Search,11,Phone Case,Electronics,2,22.01,0,44.02,0
2026-01-09,5289,644,Avery Osei,Loyal,Paid Search,18,LED Lamp,Home,2,50.85,10,91.53,0
2026-01-09,5289,644,Avery Osei,Loyal,Paid Search,11,Phone Case,Electronics,2,22.01,0,44.02,0
2026-01-09,5290,750,Reese Ibarra,New,Direct,3,Denim Jacket,Apparel,1,65.95,0,65.95,0
2026-01-09,5291,805,Cole Costa,Champion,Direct,32,Foam Roller,Sports,1,65.98,0,65.98,0
2026-01-09,5292,817,Jordan Carter,Loyal,Referral,22,Scented Candle,Home,3,18.98,0,56.94,0
2026-01-09,5293,837,Owen Diaz,Regular,Paid Search,18,LED Lamp,Home,1,50.85,15,43.22,0
2026-01-09,5294,866,Leo Carter,Loyal,Organic,36,Puzzle 500pc,Toys,2,44.86,20,71.78,0
2026-01-09,5294,866,Leo Carter,Loyal,Organic,34,Running Belt,Sports,1,29.4,25,22.05,0
2026-01-09,5294,866,Leo Carter,Loyal,Organic,7,Rain Shell,Apparel,1,23.29,20,18.63,0
2026-01-09,5295,985,Rowan Petrov,Loyal,Paid Search,12,Bluetooth Speaker,Electronics,1,98.02,0,98.02,1
2026-01-09,5295,985,Rowan Petrov,Loyal,Paid Search,2,Hoodie,Apparel,2,19.91,10,35.84,0
2026-01-10,5296,17,Casey Khan,Loyal,Referral,10,USB-C Cable,Electronics,1,117.18,0,117.18,0
2026-01-10,5296,17,Casey Khan,Loyal,Referral,5,Socks 3-Pack,Apparel,1,65.81,0,65.81,0
2026-01-10,5296,17,Casey Khan,Loyal,Referral,2,Hoodie,Apparel,3,19.91,0,59.73,0
2026-01-10,5297,19,Rowan Osei,Regular,Organic,30,Water Bottle,Sports,2,46.55,15,79.13,0
2026-01-10,5297,19,Rowan Osei,Regular,Organic,35,Building Blocks,Toys,1,32.84,10,29.56,0
2026-01-10,5297,19,Rowan Osei,Regular,Organic,9,Wireless Earbuds,Electronics,1,94.29,10,84.86,0
2026-01-10,5298,36,Iris Park,Champion,Organic,18,LED Lamp,Home,1,50.85,25,38.14,0
2026-01-10,5298,36,Iris Park,Champion,Organic,23,Vitamin C Serum,Beauty,2,32.33,25,48.5,0
2026-01-10,5298,36,Iris Park,Champion,Organic,1,Crew Tee,Apparel,1,53.87,15,45.79,0
2026-01-10,5298,36,Iris Park,Champion,Organic,14,Power Bank,Electronics,1,64.37,15,54.71,0
2026-01-10,5299,40,Owen Fischer,Regular,Direct,9,Wireless Earbuds,Electronics,3,94.29,0,282.87,0
2026-01-10,5300,47,Jamie Diaz,Regular,Referral,40,Art Kit,Toys,1,53.64,10,48.28,0
2026-01-10,5301,48,Priya Yamada,Champion,Paid Search,3,Denim Jacket,Apparel,2,65.95,20,105.52,0
2026-01-10,5302,100,Avery Patel,Regular,Paid Search,37,Plush Bear,Toys,1,15.95,0,15.95,1
2026-01-10,5303,117,Noel Larsen,Regular,Paid Search,14,Power Bank,Electronics,1,64.37,10,57.93,0
2026-01-10,5303,117,Noel Larsen,Regular,Paid Search,34,Running Belt,Sports,1,29.4,15,24.99,0
2026-01-10,5303,117,Noel Larsen,Regular,Paid Search,7,Rain Shell,Apparel,1,23.29,25,17.47,0
2026-01-10,5303,117,Noel Larsen,Regular,Paid Search,10,USB-C Cable,Electronics,1,117.18,10,105.46,0
2026-01-10,5304,121,Kai Nguyen,Loyal,Direct,22,Scented Candle,Home,1,18.98,0,18.98,0
2026-01-10,5304,121,Kai Nguyen,Loyal,Direct,13,Webcam,Electronics,1,64,10,57.6,0
2026-01-10,5304,121,Kai Nguyen,Loyal,Direct,19,Cutting Board,Home,1,53.71,0,53.71,1
2026-01-10,5304,121,Kai Nguyen,Loyal,Direct,17,Ceramic Mug,Home,2,54.95,5,104.41,0
2026-01-10,5305,178,Rowan Brooks,Loyal,Email,22,Scented Candle,Home,1,18.98,0,18.98,0
2026-01-10,5306,186,Kai Novak,Loyal,Organic,7,Rain Shell,Apparel,2,23.29,10,41.92,0
2026-01-10,5307,189,Noel Romano,Champion,Organic,17,Ceramic Mug,Home,1,54.95,15,46.71,0
2026-01-10,5307,189,Noel Romano,Champion,Organic,15,Smart Plug,Electronics,3,110.18,25,247.91,0
2026-01-10,5308,273,Avery Flynn,Loyal,Referral,5,Socks 3-Pack,Apparel,1,65.81,0,65.81,0
2026-01-10,5308,273,Avery Flynn,Loyal,Referral,4,Joggers,Apparel,2,42.18,0,84.36,0
2026-01-10,5309,351,Harper Costa,Loyal,Email,4,Joggers,Apparel,1,42.18,5,40.07,0
2026-01-10,5309,351,Harper Costa,Loyal,Email,10,USB-C Cable,Electronics,1,117.18,5,111.32,0
2026-01-10,5309,351,Harper Costa,Loyal,Email,35,Building Blocks,Toys,1,32.84,0,32.84,1
2026-01-10,5309,351,Harper Costa,Loyal,Email,19,Cutting Board,Home,1,53.71,5,51.02,0
2026-01-10,5310,394,Kai Diaz,Champion,Email,4,Joggers,Apparel,1,42.18,0,42.18,0
2026-01-10,5311,408,Drew Ibarra,New,Direct,8,Chino Pants,Apparel,2,64.72,0,129.44,0
2026-01-10,5311,408,Drew Ibarra,New,Direct,19,Cutting Board,Home,2,53.71,0,107.42,0
2026-01-10,5312,409,Cole Osei,Loyal,Direct,18,LED Lamp,Home,1,50.85,0,50.85,0
2026-01-10,5312,409,Cole Osei,Loyal,Direct,27,Hand Cream,Beauty,1,18.43,0,18.43,0
2026-01-10,5313,429,Jamie Okafor,Champion,Email,32,Foam Roller,Sports,1,65.98,15,56.08,0
2026-01-10,5314,433,Nora Marsh,Loyal,Organic,30,Water Bottle,Sports,1,46.55,0,46.55,0
2026-01-10,5314,433,Nora Marsh,Loyal,Organic,15,Smart Plug,Electronics,1,110.18,5,104.67,0
2026-01-10,5315,482,Jordan Mendez,Loyal,Email,23,Vitamin C Serum,Beauty,1,32.33,10,29.1,0
2026-01-10,5315,482,Jordan Mendez,Loyal,Email,30,Water Bottle,Sports,1,46.55,5,44.22,0
2026-01-10,5316,511,Morgan Petrov,Regular,Direct,38,Board Game,Toys,1,37.99,25,28.49,0
2026-01-10,5317,522,Harper Romano,Champion,Referral,34,Running Belt,Sports,3,29.4,10,79.38,0
2026-01-10,5318,531,Wren Carter,Loyal,Direct,20,Towel Set,Home,2,19.75,10,35.55,0
2026-01-10,5318,531,Wren Carter,Loyal,Direct,2,Hoodie,Apparel,1,19.91,0,19.91,0
2026-01-10,5318,531,Wren Carter,Loyal,Direct,36,Puzzle 500pc,Toys,2,44.86,0,89.72,0
2026-01-10,5318,531,Wren Carter,Loyal,Direct,23,Vitamin C Serum,Beauty,1,32.33,5,30.71,0
2026-01-10,5319,587,Drew Cohen,Loyal,Referral,3,Denim Jacket,Apparel,2,65.95,0,131.9,0
2026-01-10,5320,640,Avery Romano,Champion,Organic,9,Wireless Earbuds,Electronics,3,94.29,5,268.73,0
2026-01-10,5320,640,Avery Romano,Champion,Organic,38,Board Game,Toys,2,37.99,10,68.38,0
2026-01-10,5321,645,Jordan Ibarra,Regular,Organic,19,Cutting Board,Home,1,53.71,0,53.71,0
2026-01-10,5321,645,Jordan Ibarra,Regular,Organic,9,Wireless Earbuds,Electronics,1,94.29,0,94.29,0
2026-01-10,5322,667,Maya Petrov,Champion,Paid Search,5,Socks 3-Pack,Apparel,1,65.81,5,62.52,0
2026-01-10,5323,676,Harper Park,At-Risk,Referral,38,Board Game,Toys,1,37.99,0,37.99,0
2026-01-10,5323,676,Harper Park,At-Risk,Referral,17,Ceramic Mug,Home,1,54.95,0,54.95,0
2026-01-10,5324,683,Owen Patel,Loyal,Email,22,Scented Candle,Home,1,18.98,10,17.08,0
2026-01-10,5324,683,Owen Patel,Loyal,Email,40,Art Kit,Toys,1,53.64,0,53.64,0
2026-01-10,5325,701,Maya Larsen,At-Risk,Paid Search,5,Socks 3-Pack,Apparel,2,65.81,0,131.62,0
2026-01-10,5325,701,Maya Larsen,At-Risk,Paid Search,12,Bluetooth Speaker,Electronics,1,98.02,0,98.02,0
2026-01-10,5326,753,Tessa Mendez,Regular,Social,17,Ceramic Mug,Home,1,54.95,0,54.95,0
2026-01-10,5327,783,Drew Reyes,New,Referral,24,Lip Balm,Beauty,1,36.1,0,36.1,0
2026-01-10,5328,848,Sasha Carter,Loyal,Paid Search,4,Joggers,Apparel,1,42.18,0,42.18,0
2026-01-10,5329,859,Mateo Mendez,Champion,Email,20,Towel Set,Home,2,19.75,10,35.55,0
2026-01-10,5330,892,Noel Tan,New,Organic,23,Vitamin C Serum,Beauty,1,32.33,0,32.33,0
2026-01-10,5330,892,Noel Tan,New,Organic,15,Smart Plug,Electronics,1,110.18,0,110.18,0
2026-01-10,5330,892,Noel Tan,New,Organic,27,Hand Cream,Beauty,1,18.43,0,18.43,0
2026-01-10,5331,992,Jamie Osei,Loyal,Email,4,Joggers,Apparel,1,42.18,5,40.07,0
2026-01-11,5332,50,Drew Brooks,Champion,Email,8,Chino Pants,Apparel,1,64.72,0,64.72,0
2026-01-11,5332,50,Drew Brooks,Champion,Email,23,Vitamin C Serum,Beauty,1,32.33,10,29.1,0
2026-01-11,5332,50,Drew Brooks,Champion,Email,38,Board Game,Toys,3,37.99,5,108.27,0
2026-01-11,5333,118,Nora Bauer,At-Risk,Direct,40,Art Kit,Toys,1,53.64,0,53.64,0
2026-01-11,5333,118,Nora Bauer,At-Risk,Direct,3,Denim Jacket,Apparel,1,65.95,0,65.95,0
2026-01-11,5334,206,Iris Petrov,At-Risk,Direct,28,SPF 50 Lotion,Beauty,1,34.44,0,34.44,0
2026-01-11,5335,230,Noel Patel,Loyal,Paid Search,38,Board Game,Toys,1,37.99,10,34.19,0
2026-01-11,5336,281,Avery Reyes,Loyal,Organic,6,Beanie,Apparel,1,30.7,5,29.17,0
2026-01-11,5337,476,Mateo Brooks,New,Social,2,Hoodie,Apparel,2,19.91,0,39.82,0
2026-01-11,5337,476,Mateo Brooks,New,Social,26,Shampoo Bar,Beauty,3,33.06,0,99.18,0
2026-01-11,5338,479,Leo Ibarra,Loyal,Referral,31,Resistance Bands,Sports,1,65.69,0,65.69,0
2026-01-11,5338,479,Leo Ibarra,Loyal,Referral,23,Vitamin C Serum,Beauty,2,32.33,0,64.66,0
2026-01-11,5338,479,Leo Ibarra,Loyal,Referral,21,Storage Bin,Home,2,28.6,5,54.34,0
2026-01-11,5338,479,Leo Ibarra,Loyal,Referral,2,Hoodie,Apparel,1,19.91,0,19.91,0
2026-01-11,5339,574,Ezra Sullivan,Loyal,Email,5,Socks 3-Pack,Apparel,1,65.81,5,62.52,0
2026-01-11,5340,576,Noel Petrov,Loyal,Paid Search,35,Building Blocks,Toys,2,32.84,5,62.4,0
2026-01-11,5340,576,Noel Petrov,Loyal,Paid Search,11,Phone Case,Electronics,2,22.01,0,44.02,0
2026-01-11,5340,576,Noel Petrov,Loyal,Paid Search,14,Power Bank,Electronics,2,64.37,0,128.74,0
2026-01-11,5341,590,Leo Okafor,Champion,Direct,3,Denim Jacket,Apparel,2,65.95,0,131.9,0
2026-01-11,5341,590,Leo Okafor,Champion,Direct,33,Jump Rope,Sports,3,33.41,5,95.22,1
2026-01-11,5342,610,Maya Khan,New,Social,37,Plush Bear,Toys,2,15.95,25,23.92,0
2026-01-11,5343,659,Kai Nguyen,New,Referral,24,Lip Balm,Beauty,1,36.1,0,36.1,0
2026-01-11,5343,659,Kai Nguyen,New,Referral,8,Chino Pants,Apparel,1,64.72,0,64.72,0
2026-01-11,5344,700,Owen Cohen,Champion,Social,21,Storage Bin,Home,1,28.6,0,28.6,0
2026-01-11,5345,751,Riley Kowalski,Champion,Direct,3,Denim Jacket,Apparel,2,65.95,0,131.9,0
2026-01-11,5346,789,Harper Sullivan,Loyal,Email,38,Board Game,Toys,1,37.99,20,30.39,0
2026-01-11,5347,857,Noel Osei,Champion,Referral,3,Denim Jacket,Apparel,2,65.95,5,125.31,0
2026-01-11,5347,857,Noel Osei,Champion,Referral,6,Beanie,Apparel,1,30.7,10,27.63,0
2026-01-11,5347,857,Noel Osei,Champion,Referral,26,Shampoo Bar,Beauty,1,33.06,0,33.06,0
2026-01-11,5348,883,Maya Yamada,Regular,Paid Search,33,Jump Rope,Sports,2,33.41,0,66.82,1
2026-01-11,5349,990,Hugo Reid,New,Referral,28,SPF 50 Lotion,Beauty,1,34.44,0,34.44,0
2026-01-12,5350,48,Priya Yamada,Champion,Paid Search,31,Resistance Bands,Sports,2,65.69,0,131.38,0
2026-01-12,5351,69,Taylor Yamada,Loyal,Email,27,Hand Cream,Beauty,3,18.43,10,49.76,0
2026-01-12,5351,69,Taylor Yamada,Loyal,Email,24,Lip Balm,Beauty,2,36.1,5,68.59,0
2026-01-12,5351,69,Taylor Yamada,Loyal,Email,10,USB-C Cable,Electronics,2,117.18,0,234.36,0
2026-01-12,5352,178,Rowan Brooks,Loyal,Email,9,Wireless Earbuds,Electronics,1,94.29,10,84.86,0
2026-01-12,5353,194,Noel Kowalski,Loyal,Direct,14,Power Bank,Electronics,1,64.37,0,64.37,0
2026-01-12,5353,194,Noel Kowalski,Loyal,Direct,6,Beanie,Apparel,1,30.7,0,30.7,0
2026-01-12,5353,194,Noel Kowalski,Loyal,Direct,9,Wireless Earbuds,Electronics,1,94.29,0,94.29,0
2026-01-12,5354,253,Quinn Tan,Regular,Paid Search,34,Running Belt,Sports,1,29.4,20,23.52,0
2026-01-12,5354,253,Quinn Tan,Regular,Paid Search,13,Webcam,Electronics,1,64,25,48,0
2026-01-12,5355,279,Ivy Fischer,Loyal,Email,8,Chino Pants,Apparel,1,64.72,10,58.25,0
2026-01-12,5356,389,Jordan Yamada,At-Risk,Organic,40,Art Kit,Toys,3,53.64,0,160.92,0
2026-01-12,5356,389,Jordan Yamada,At-Risk,Organic,37,Plush Bear,Toys,1,15.95,0,15.95,0
2026-01-12,5356,389,Jordan Yamada,At-Risk,Organic,21,Storage Bin,Home,2,28.6,0,57.2,0
2026-01-12,5357,433,Nora Marsh,Loyal,Organic,32,Foam Roller,Sports,1,65.98,0,65.98,0
2026-01-12,5357,433,Nora Marsh,Loyal,Organic,7,Rain Shell,Apparel,1,23.29,0,23.29,0
2026-01-12,5357,433,Nora Marsh,Loyal,Organic,31,Resistance Bands,Sports,1,65.69,0,65.69,0
2026-01-12,5358,455,Casey Ahmed,Loyal,Email,28,SPF 50 Lotion,Beauty,3,34.44,0,103.32,0
2026-01-12,5359,460,Harper Tan,Champion,Email,21,Storage Bin,Home,1,28.6,5,27.17,0
2026-01-12,5360,461,Lila Tan,Loyal,Social,3,Denim Jacket,Apparel,1,65.95,5,62.65,0
2026-01-12,5360,461,Lila Tan,Loyal,Social,4,Joggers,Apparel,1,42.18,5,40.07,0
2026-01-12,5361,463,Jamie Hassan,Regular,Social,7,Rain Shell,Apparel,1,23.29,0,23.29,0
2026-01-12,5362,474,Iris Hassan,Loyal,Direct,25,Sheet Mask,Beauty,1,8.59,10,7.73,0
2026-01-12,5362,474,Iris Hassan,Loyal,Direct,34,Running Belt,Sports,1,29.4,10,26.46,0
2026-01-12,5363,481,Drew Sullivan,Regular,Social,40,Art Kit,Toys,1,53.64,25,40.23,0
2026-01-12,5363,481,Drew Sullivan,Regular,Social,20,Towel Set,Home,1,19.75,25,14.81,1
2026-01-12,5363,481,Drew Sullivan,Regular,Social,33,Jump Rope,Sports,1,33.41,25,25.06,0
2026-01-12,5363,481,Drew Sullivan,Regular,Social,31,Resistance Bands,Sports,1,65.69,10,59.12,0
2026-01-12,5364,519,Taylor Hassan,At-Risk,Referral,38,Board Game,Toys,1,37.99,0,37.99,0
2026-01-12,5365,590,Leo Okafor,Champion,Direct,40,Art Kit,Toys,1,53.64,10,48.28,0
2026-01-12,5365,590,Leo Okafor,Champion,Direct,1,Crew Tee,Apparel,2,53.87,5,102.35,0
2026-01-12,5365,590,Leo Okafor,Champion,Direct,38,Board Game,Toys,1,37.99,10,34.19,0
2026-01-12,5365,590,Leo Okafor,Champion,Direct,19,Cutting Board,Home,3,53.71,5,153.07,0
2026-01-12,5366,602,Mateo Hassan,Loyal,Paid Search,27,Hand Cream,Beauty,2,18.43,0,36.86,0
2026-01-12,5367,623,Hugo Yamada,At-Risk,Direct,39,RC Car,Toys,1,33.63,0,33.63,0
2026-01-12,5367,623,Hugo Yamada,At-Risk,Direct,23,Vitamin C Serum,Beauty,1,32.33,0,32.33,0
2026-01-12,5368,660,Jordan Romano,Loyal,Email,4,Joggers,Apparel,1,42.18,0,42.18,0
2026-01-12,5368,660,Jordan Romano,Loyal,Email,8,Chino Pants,Apparel,1,64.72,0,64.72,0
2026-01-12,5369,816,Hugo Sullivan,Loyal,Organic,39,RC Car,Toys,1,33.63,0,33.63,0
2026-01-12,5370,823,Leo Brooks,Loyal,Email,24,Lip Balm,Beauty,1,36.1,0,36.1,0
2026-01-12,5371,940,Avery Flynn,Loyal,Direct,18,LED Lamp,Home,1,50.85,0,50.85,0
2026-01-12,5371,940,Avery Flynn,Loyal,Direct,18,LED Lamp,Home,1,50.85,0,50.85,0
2026-01-12,5372,960,Wren Mendez,Champion,Social,13,Webcam,Electronics,2,64,25,96,0
2026-01-12,5372,960,Wren Mendez,Champion,Social,29,Yoga Mat,Sports,1,24.63,25,18.47,0
2026-01-13,5373,9,Riley Marsh,At-Risk,Email,13,Webcam,Electronics,1,64,0,64,0
2026-01-13,5373,9,Riley Marsh,At-Risk,Email,27,Hand Cream,Beauty,1,18.43,0,18.43,0
2026-01-13,5374,28,Owen Sullivan,Loyal,Organic,26,Shampoo Bar,Beauty,1,33.06,5,31.41,0
2026-01-13,5375,36,Iris Park,Champion,Organic,38,Board Game,Toys,1,37.99,0,37.99,0
2026-01-13,5376,50,Drew Brooks,Champion,Email,29,Yoga Mat,Sports,1,24.63,10,22.17,0
2026-01-13,5377,63,Cole Bauer,Champion,Organic,32,Foam Roller,Sports,2,65.98,0,131.96,0
2026-01-13,5377,63,Cole Bauer,Champion,Organic,32,Foam Roller,Sports,1,65.98,0,65.98,0
2026-01-13,5377,63,Cole Bauer,Champion,Organic,21,Storage Bin,Home,2,28.6,0,57.2,0
2026-01-13,5377,63,Cole Bauer,Champion,Organic,2,Hoodie,Apparel,1,19.91,10,17.92,0
2026-01-13,5378,64,Casey Osei,Regular,Direct,8,Chino Pants,Apparel,2,64.72,25,97.08,0
2026-01-13,5378,64,Casey Osei,Regular,Direct,18,LED Lamp,Home,1,50.85,25,38.14,0
2026-01-13,5378,64,Casey Osei,Regular,Direct,15,Smart Plug,Electronics,2,110.18,15,187.31,0
2026-01-13,5378,64,Casey Osei,Regular,Direct,25,Sheet Mask,Beauty,1,8.59,20,6.87,0
2026-01-13,5379,75,Jamie Ibarra,Loyal,Email,31,Resistance Bands,Sports,1,65.69,25,49.27,0
2026-01-13,5380,88,Avery Petrov,At-Risk,Referral,8,Chino Pants,Apparel,2,64.72,0,129.44,0
2026-01-13,5380,88,Avery Petrov,At-Risk,Referral,36,Puzzle 500pc,Toys,3,44.86,0,134.58,0
2026-01-13,5381,190,Maya Okafor,Regular,Referral,18,LED Lamp,Home,1,50.85,0,50.85,0
2026-01-13,5381,190,Maya Okafor,Regular,Referral,3,Denim Jacket,Apparel,3,65.95,0,197.85,0
2026-01-13,5382,213,Ezra Kowalski,New,Organic,12,Bluetooth Speaker,Electronics,1,98.02,0,98.02,0
2026-01-13,5382,213,Ezra Kowalski,New,Organic,35,Building Blocks,Toys,1,32.84,0,32.84,0
2026-01-13,5382,213,Ezra Kowalski,New,Organic,32,Foam Roller,Sports,1,65.98,0,65.98,0
2026-01-13,5383,214,Rowan Bauer,Regular,Paid Search,22,Scented Candle,Home,3,18.98,0,56.94,0
2026-01-13,5383,214,Rowan Bauer,Regular,Paid Search,33,Jump Rope,Sports,1,33.41,0,33.41,0
2026-01-13,5384,253,Quinn Tan,Regular,Paid Search,34,Running Belt,Sports,1,29.4,20,23.52,0
2026-01-13,5384,253,Quinn Tan,Regular,Paid Search,1,Crew Tee,Apparel,1,53.87,20,43.1,0
2026-01-13,5384,253,Quinn Tan,Regular,Paid Search,29,Yoga Mat,Sports,1,24.63,20,19.7,0
2026-01-13,5385,297,Drew Bauer,New,Social,26,Shampoo Bar,Beauty,2,33.06,0,66.12,0
2026-01-13,5386,321,Lila Petrov,Loyal,Organic,2,Hoodie,Apparel,3,19.91,10,53.76,1
2026-01-13,5386,321,Lila Petrov,Loyal,Organic,7,Rain Shell,Apparel,1,23.29,25,17.47,0
2026-01-13,5386,321,Lila Petrov,Loyal,Organic,21,Storage Bin,Home,1,28.6,20,22.88,0
2026-01-13,5386,321,Lila Petrov,Loyal,Organic,35,Building Blocks,Toys,1,32.84,20,26.27,0
2026-01-13,5387,408,Drew Ibarra,New,Direct,1,Crew Tee,Apparel,1,53.87,0,53.87,0
2026-01-13,5387,408,Drew Ibarra,New,Direct,12,Bluetooth Speaker,Electronics,1,98.02,0,98.02,0
2026-01-13,5388,467,Quinn Khan,Loyal,Direct,13,Webcam,Electronics,1,64,0,64,0
2026-01-13,5388,467,Quinn Khan,Loyal,Direct,32,Foam Roller,Sports,1,65.98,10,59.38,0
2026-01-13,5389,477,Wren Romano,Loyal,Organic,27,Hand Cream,Beauty,2,18.43,10,33.17,0
2026-01-13,5390,503,Iris Khan,Loyal,Social,15,Smart Plug,Electronics,1,110.18,20,88.14,0
2026-01-13,5391,508,Riley Diaz,Loyal,Email,27,Hand Cream,Beauty,1,18.43,25,13.82,0
2026-01-13,5392,512,Kai Petrov,Regular,Email,31,Resistance Bands,Sports,1,65.69,0,65.69,1
2026-01-13,5393,550,Cole Ibarra,Champion,Organic,17,Ceramic Mug,Home,1,54.95,0,54.95,0
2026-01-13,5393,550,Cole Ibarra,Champion,Organic,15,Smart Plug,Electronics,3,110.18,5,314.01,0
2026-01-13,5393,550,Cole Ibarra,Champion,Organic,19,Cutting Board,Home,1,53.71,0,53.71,1
2026-01-13,5394,717,Leo Larsen,Regular,Social,3,Denim Jacket,Apparel,1,65.95,0,65.95,0
2026-01-13,5394,717,Leo Larsen,Regular,Social,39,RC Car,Toys,1,33.63,0,33.63,0
2026-01-13,5394,717,Leo Larsen,Regular,Social,20,Towel Set,Home,2,19.75,0,39.5,0
2026-01-13,5395,808,Rowan Ibarra,Regular,Organic,23,Vitamin C Serum,Beauty,2,32.33,0,64.66,0
2026-01-13,5395,808,Rowan Ibarra,Regular,Organic,25,Sheet Mask,Beauty,1,8.59,0,8.59,0
2026-01-13,5396,819,Nora Mendez,Champion,Paid Search,3,Denim Jacket,Apparel,3,65.95,5,187.96,0
2026-01-13,5397,943,Rowan Petrov,New,Direct,28,SPF 50 Lotion,Beauty,3,34.44,0,103.32,0
2026-01-13,5397,943,Rowan Petrov,New,Direct,23,Vitamin C Serum,Beauty,3,32.33,0,96.99,0
2026-01-13,5397,943,Rowan Petrov,New,Direct,15,Smart Plug,Electronics,1,110.18,0,110.18,0
2026-01-13,5398,960,Wren Mendez,Champion,Social,23,Vitamin C Serum,Beauty,3,32.33,0,96.99,0
2026-01-14,5399,36,Iris Park,Champion,Organic,4,Joggers,Apparel,3,42.18,0,126.54,0
2026-01-14,5400,70,Jordan Cohen,Regular,Referral,26,Shampoo Bar,Beauty,1,33.06,0,33.06,0
